seller_id,composite_score,performance_tier,cluster_id,cluster_label,avg_review_score,pct_late_deliveries,total_revenue,model_version,scored_at
0015a82c2db000af6aaaf3ae2ecb0532,78.79342263605477,Average Seller,2,Average Seller,3.6666666666666665,0.0,2685.0,v1.0,2026-05-22 04:28:50.530
001cca7ae9ae17fb1caed9dfb1094831,81.4132238762973,Average Seller,2,Average Seller,3.95,6.0,25080.03,v1.0,2026-05-22 04:28:50.530
001e6ad469a905060d959994f1b41e4f,46.952782454943204,Underperformer,1,Underperformer,1.0,0.0,250.0,v1.0,2026-05-22 04:28:50.530
002100f778ceb8431b7a1020ff7ab48f,72.75083593902944,Average Seller,2,Average Seller,3.9019607843137254,17.647058823529413,1234.5,v1.0,2026-05-22 04:28:50.530
003554e2dce176b5555353e4f3555ac8,87.77052486505251,Average Seller,2,Average Seller,5.0,0.0,120.0,v1.0,2026-05-22 04:28:50.530
004c9cd9d87a3c30c522c48c4fc07416,82.60534299557173,Average Seller,2,Average Seller,4.082278481012659,6.329113924050633,19712.71,v1.0,2026-05-22 04:28:50.530
00720abe85ba0859807595bbf045a33b,70.12929078455042,Average Seller,2,Average Seller,3.6153846153846154,15.384615384615385,1007.5,v1.0,2026-05-22 04:28:50.530
00ab3eff1b5192e5f1a63bcecfee11c8,87.44538209370947,Average Seller,2,Average Seller,5.0,0.0,98.0,v1.0,2026-05-22 04:28:50.530
00d8b143d12632bad99c0ad66ad52825,87.23602287278942,Average Seller,2,Average Seller,5.0,0.0,86.0,v1.0,2026-05-22 04:28:50.530
00ee68308b45bc5e2660cd833c3f81cc,84.94150757131482,Average Seller,2,Average Seller,4.303703703703704,7.4074074074074066,20260.0,v1.0,2026-05-22 04:28:50.530
00fc707aaaad2d31347cf883cd2dfe10,82.16317631958121,Average Seller,2,Average Seller,4.048543689320389,3.8834951456310676,12684.9,v1.0,2026-05-22 04:28:50.530
010543a62bd80aa422851e79a3bc7540,82.75723534902885,Average Seller,2,Average Seller,4.5,0.0,1416.0,v1.0,2026-05-22 04:28:50.530
010da0602d7774602cd1b3f5fb7b709e,48.930126290769174,Underperformer,1,Underperformer,1.0,0.0,849.5,v1.0,2026-05-22 04:28:50.530
011b0eaba87386a2ae96a7d32bb531d1,69.47746790027992,Average Seller,2,Average Seller,4.0,0.0,99.98,v1.0,2026-05-22 04:28:50.530
01266d4c46afa519678d16a8b683d325,87.31330193644682,Average Seller,2,Average Seller,5.0,0.0,90.25,v1.0,2026-05-22 04:28:50.530
013900e863eace745d3ec7614cab5b1a,87.80095218640678,Average Seller,2,Average Seller,4.695652173913044,0.0,1619.7,v1.0,2026-05-22 04:28:50.530
014c0679dd340a0e338872e7ec85666a,75.93044751805093,Average Seller,2,Average Seller,3.857142857142857,14.285714285714285,7058.0,v1.0,2026-05-22 04:28:50.530
014d9a685fd57276679edd00e07089e5,75.04816846910967,Average Seller,2,Average Seller,3.727272727272727,0.0,729.88,v1.0,2026-05-22 04:28:50.530
0176f73cc1195f367f7b32db1e5b3aa8,79.23801370223171,Average Seller,2,Average Seller,4.078947368421052,10.526315789473683,4733.1,v1.0,2026-05-22 04:28:50.530
01bcc9d254a0143f0ce9791b960b2a47,79.14600914622568,Average Seller,2,Average Seller,4.090909090909091,0.0,1521.21,v1.0,2026-05-22 04:28:50.530
01c97ebb5cdac52891c0ed1c37ba0012,79.63902650515763,Average Seller,2,Average Seller,4.222222222222222,0.0,577.5,v1.0,2026-05-22 04:28:50.530
01cf7e3d21494c41fb86034f2e714fa1,82.61674876459504,Average Seller,2,Average Seller,4.163934426229508,4.918032786885246,9729.36,v1.0,2026-05-22 04:28:50.530
01ed254b9ff8407dfb9d99ba1e17d923,91.81341163597203,Average Seller,2,Average Seller,5.0,0.0,1465.99,v1.0,2026-05-22 04:28:50.530
01fd077212124329bac32490e8ef80d9,79.9516313673901,Average Seller,2,Average Seller,4.161290322580645,3.225806451612903,1208.0,v1.0,2026-05-22 04:28:50.530
01fdefa7697d26ad920e9e0346d4bd1b,85.1532946288947,Average Seller,2,Average Seller,4.3565891472868215,5.426356589147287,14921.43,v1.0,2026-05-22 04:28:50.530
0241d4d5d36f10f80c644447315af0bd,86.98731150272468,Average Seller,2,Average Seller,4.348739495798319,4.621848739495799,31397.7,v1.0,2026-05-22 04:28:50.530
0249d282d911d23cb8b869ab49c99f53,75.68336354589486,Average Seller,2,Average Seller,4.2727272727272725,18.181818181818183,393.0,v1.0,2026-05-22 04:28:50.530
024b564ae893ce8e9bfa02c10a401ece,81.63162507584944,Average Seller,2,Average Seller,4.5,0.0,706.4,v1.0,2026-05-22 04:28:50.530
028872bfa080090a9d0abd4f1af168f8,86.91810659446064,Average Seller,2,Average Seller,5.0,0.0,70.5,v1.0,2026-05-22 04:28:50.530
02a2272692e13558373c66db98f05e2e,65.52161920395294,Average Seller,2,Average Seller,3.0,0.0,54.98,v1.0,2026-05-22 04:28:50.530
02b72cdeb9cfcc429f1af6f4e3f3b737,85.6442889118203,Average Seller,2,Average Seller,4.75,0.0,522.65,v1.0,2026-05-22 04:28:50.530
02c988090b766852e088c69d7fb3b551,85.35843054623172,Average Seller,2,Average Seller,4.461538461538462,0.0,1618.65,v1.0,2026-05-22 04:28:50.530
02d35243ea2e497335cd0f076b45675d,58.039324811431136,Underperformer,1,Underperformer,2.642857142857143,28.57142857142857,5794.0,v1.0,2026-05-22 04:28:50.530
02dcd3e8e25bee036e32512bcf175493,71.2703506961143,Average Seller,2,Average Seller,3.857142857142857,28.57142857142857,1491.9,v1.0,2026-05-22 04:28:50.530
02ecc2a19303f05e59ce133fd923fff7,88.931594229886,Average Seller,2,Average Seller,4.619047619047619,0.0,5264.19,v1.0,2026-05-22 04:28:50.530
02f5837340d7eb4f653d676c7256523a,90.39102303915139,Average Seller,2,Average Seller,4.833333333333333,3.3333333333333335,3883.05,v1.0,2026-05-22 04:28:50.530
02f623a8eb246f3c5f7c2f96462654e6,86.19489743001768,Average Seller,2,Average Seller,4.568181818181818,6.8181818181818175,6378.0,v1.0,2026-05-22 04:28:50.530
0307f7565ff85b299b6e5ef162b1b1a9,73.13879696615669,Average Seller,2,Average Seller,3.142857142857143,0.0,4728.8,v1.0,2026-05-22 04:28:50.530
0336182e1b3e92f029d5354832045fdf,51.55353447374226,Underperformer,1,Underperformer,2.0,0.0,29.8,v1.0,2026-05-22 04:28:50.530
034b9387752bfa309f350a70cd45ffa3,78.412314001396,Average Seller,2,Average Seller,4.5,0.0,96.0,v1.0,2026-05-22 04:28:50.530
038b75b729c8a9a04b0d07cba7eabe86,52.96224195389048,Underperformer,1,Underperformer,3.5,50.0,467.0,v1.0,2026-05-22 04:28:50.530
039b29ff3b3473435d0cd59040575de9,79.92297328917506,Average Seller,2,Average Seller,4.444444444444445,0.0,114.9,v1.0,2026-05-22 04:28:50.530
039e6ad9dae79614493083e241147386,77.33918706987176,Average Seller,2,Average Seller,4.0,20.0,12925.0,v1.0,2026-05-22 04:28:50.530
03a2a6dcbe45d639c4dc2a0d24769c40,76.42742385578526,Average Seller,2,Average Seller,4.111111111111111,11.11111111111111,1078.41,v1.0,2026-05-22 04:28:50.530
03bd479e1d9484cdb14104d3023f7321,80.8736191283305,Average Seller,2,Average Seller,4.333333333333333,0.0,359.7,v1.0,2026-05-22 04:28:50.530
0417b067eeab773d2f7061a726dc477f,72.81354893871358,Average Seller,2,Average Seller,3.923076923076923,23.076923076923077,1859.18,v1.0,2026-05-22 04:28:50.530
042573af89b6d931f672efaf789d8358,65.76546932632893,Average Seller,2,Average Seller,3.6666666666666665,33.33333333333333,413.48,v1.0,2026-05-22 04:28:50.530
04308b1ee57b6625f47df1d56f00eedf,82.19173750107517,Average Seller,2,Average Seller,3.882978723404255,7.446808510638298,60130.6,v1.0,2026-05-22 04:28:50.530
0432ead42b6c8a0bdf68154add917fdf,87.01343955562506,Average Seller,2,Average Seller,4.458823529411765,2.3529411764705883,7792.1,v1.0,2026-05-22 04:28:50.530
044668ccd5316b12a7cf0d54a156e3e9,87.99289780615926,Average Seller,2,Average Seller,5.0,0.0,137.8,v1.0,2026-05-22 04:28:50.530
04843805947f0fc584fc1969b6e50fe7,91.73883594298186,Average Seller,2,Average Seller,5.0,0.0,1400.0,v1.0,2026-05-22 04:28:50.530
048c2757535328e0d7dac690ad3c0aae,80.48604962630486,Average Seller,2,Average Seller,4.117647058823529,11.76470588235294,9264.78,v1.0,2026-05-22 04:28:50.530
04aa0a1c5ce6b222003403a3e11c3cc0,77.59662072671452,Average Seller,2,Average Seller,4.090909090909091,18.181818181818183,5518.0,v1.0,2026-05-22 04:28:50.530
04aba03279157f6d4e0fe8ccaf21963c,81.60123613919227,Average Seller,2,Average Seller,4.3125,6.25,2575.9,v1.0,2026-05-22 04:28:50.530
04e38a233f726ef161074ab1c9b0399a,73.50867631243256,Average Seller,2,Average Seller,3.652173913043478,4.3478260869565215,1352.2,v1.0,2026-05-22 04:28:50.530
04ee0ec01589969663ba5967c0e0bdc0,89.18953167423254,Average Seller,2,Average Seller,5.0,0.0,289.49,v1.0,2026-05-22 04:28:50.530
04fdea0c111866e6cf812f1570d6b5bd,66.88078581440595,Average Seller,2,Average Seller,3.2,10.0,1055.0,v1.0,2026-05-22 04:28:50.530
0509040ea3fe50071181bbc359eb7738,84.34056909027467,Average Seller,2,Average Seller,4.49438202247191,4.49438202247191,3737.95,v1.0,2026-05-22 04:28:50.530
052577151711aec5c744fe12e66db3e1,63.3309873941326,Underperformer,1,Underperformer,2.25,0.0,2748.0,v1.0,2026-05-22 04:28:50.530
054694fa03fe82cec4b7551487331d74,68.44456413734167,Average Seller,2,Average Seller,3.4761904761904763,28.57142857142857,9983.1,v1.0,2026-05-22 04:28:50.530
056b4ada5bbc2c50cc7842547dda6b51,80.8632777635389,Average Seller,2,Average Seller,4.123076923076923,10.76923076923077,12333.39,v1.0,2026-05-22 04:28:50.530
0570350b23eda5444f8d1d9544932058,90.4384627807307,Average Seller,2,Average Seller,5.0,0.0,626.9,v1.0,2026-05-22 04:28:50.530
05730013efda596306417c3b09302475,91.11449878111748,Average Seller,2,Average Seller,5.0,0.0,952.0,v1.0,2026-05-22 04:28:50.530
058cb5aeb36d7c0fcae20fc85d5e0a59,71.15335078541504,Average Seller,2,Average Seller,3.5833333333333335,8.333333333333332,1328.0,v1.0,2026-05-22 04:28:50.530
058fd0aa2bfdb2274e05e1ae971dabb6,84.7555863166834,Average Seller,2,Average Seller,4.377049180327869,6.557377049180328,7667.9,v1.0,2026-05-22 04:28:50.530
05a48cc8859962767935ab9087417fbb,86.12776120689229,Average Seller,2,Average Seller,5.0,0.0,42.9,v1.0,2026-05-22 04:28:50.530
05a940b4ecae36cadfd8e93bd9c43257,77.3144987811175,Average Seller,2,Average Seller,3.9,0.0,952.0,v1.0,2026-05-22 04:28:50.530
05aebce0b5c8f0d41b29b686f2d05fd3,87.01678863576512,Average Seller,2,Average Seller,5.0,0.0,74.99,v1.0,2026-05-22 04:28:50.530
05ca864204d09595ae591b93ea9cf93d,88.42212681398252,Average Seller,2,Average Seller,5.0,0.0,179.9,v1.0,2026-05-22 04:28:50.530
05d2173d43ea568aa0540eba70d2ca76,80.70711415141564,Average Seller,2,Average Seller,4.080645161290323,4.838709677419355,5759.66,v1.0,2026-05-22 04:28:50.530
05e107217c7266362fd44b75b2cd4cc4,70.13857735228507,Average Seller,2,Average Seller,4.2,20.0,193.38,v1.0,2026-05-22 04:28:50.530
05f51e13da97139648b8125c31e5f51b,79.64167344686527,Average Seller,2,Average Seller,4.066666666666666,15.0,13769.01,v1.0,2026-05-22 04:28:50.530
05feb94f19d094d4b0f9281f0b1d4c99,85.8151289172685,Average Seller,2,Average Seller,4.5,0.0,9353.0,v1.0,2026-05-22 04:28:50.530
05ff92fedb5be47920fea08e501238b9,85.35293903557299,Average Seller,2,Average Seller,4.237288135593221,3.389830508474576,21992.78,v1.0,2026-05-22 04:28:50.530
062c325cd6a2b87845fab56b4ec2eeae,87.93853124016522,Average Seller,2,Average Seller,5.0,0.0,133.22,v1.0,2026-05-22 04:28:50.530
062ce95fa2ad4dfaedfc79260130565f,80.93468045723662,Average Seller,2,Average Seller,4.036363636363636,3.6363636363636362,7521.0,v1.0,2026-05-22 04:28:50.530
06532f10282704ef4c69168b914b77be,85.20883041831367,Average Seller,2,Average Seller,4.25,0.0,10220.5,v1.0,2026-05-22 04:28:50.530
06579cb253ecd5a3a12a9e6eb6bf8f47,80.06451604500464,Average Seller,2,Average Seller,4.080645161290323,6.451612903225806,4727.2,v1.0,2026-05-22 04:28:50.530
066a6914e1ebf3ea95a216c73a986b91,81.14856721149972,Average Seller,2,Average Seller,4.044117647058823,2.941176470588235,9410.38,v1.0,2026-05-22 04:28:50.530
0691148aee60ca47977c187804f935ae,82.95364201231094,Average Seller,2,Average Seller,4.170212765957447,2.127659574468085,5868.51,v1.0,2026-05-22 04:28:50.530
0692610d8abe24f287e9fae90ea0bbee,65.3683082921992,Average Seller,2,Average Seller,4.0,25.0,173.99,v1.0,2026-05-22 04:28:50.530
06a2c3af7b3aee5d69171b0e14f0ee87,78.51715144127466,Average Seller,2,Average Seller,3.9693877551020407,18.877551020408163,36408.95,v1.0,2026-05-22 04:28:50.530
06bb3a2fe5e7b7a845b13e8fb91bd944,85.06561962040475,Average Seller,2,Average Seller,4.588235294117647,0.0,1536.19,v1.0,2026-05-22 04:28:50.530
06df0c10d34e459d9672bc77388742eb,84.91919755314345,Average Seller,2,Average Seller,4.346153846153846,3.8461538461538463,9070.0,v1.0,2026-05-22 04:28:50.530
06e5eefc71ec47ae763c5c6f8db7064f,81.8017124678203,Average Seller,2,Average Seller,3.891304347826087,0.0,22188.56,v1.0,2026-05-22 04:28:50.530
07017df32dc5f2f1d2801e579548d620,79.3551035521218,Average Seller,2,Average Seller,4.0,0.0,946.49,v1.0,2026-05-22 04:28:50.530
070d165398b553f3b4b851c216b8a358,69.17257342288097,Average Seller,2,Average Seller,3.25,12.5,3393.16,v1.0,2026-05-22 04:28:50.530
0725b8c0f3f906e58f70cbe76b7c748c,67.9930131873753,Average Seller,2,Average Seller,3.411764705882353,23.52941176470588,2190.3,v1.0,2026-05-22 04:28:50.530
0743a0239d764b9a0f959a57d07e36ab,84.93477469414866,Average Seller,2,Average Seller,4.75,0.0,336.96,v1.0,2026-05-22 04:28:50.530
0747d5bb69f0586cc869d8af4c50f93e,68.48034483101351,Average Seller,2,Average Seller,3.357142857142857,7.142857142857142,346.6,v1.0,2026-05-22 04:28:50.530
0761743cbffb25d7148189e9f1a5f03a,82.89495609689268,Average Seller,2,Average Seller,4.666666666666667,0.0,241.2,v1.0,2026-05-22 04:28:50.530
077c5fae4bea9500e3737b16f71b9d3a,81.08336161155339,Average Seller,2,Average Seller,4.5,0.0,106.8,v1.0,2026-05-22 04:28:50.530
0791d9fc1e30678ecf03d3e55fa108d3,78.91577473295943,Average Seller,2,Average Seller,4.0,0.0,842.0,v1.0,2026-05-22 04:28:50.530
079d295dcbf06ee8bb1b65ba964eb2b6,82.29288180935355,Average Seller,2,Average Seller,4.6,0.0,349.3,v1.0,2026-05-22 04:28:50.530
07a9bc7f61396b658ddf3ac534efe44c,61.76918523679633,Average Seller,2,Average Seller,3.0,0.0,119.9,v1.0,2026-05-22 04:28:50.530
07bf9669d84d1f11be443a9dd938f698,76.90181961199374,Average Seller,2,Average Seller,3.7222222222222223,0.0,1776.0,v1.0,2026-05-22 04:28:50.530
07d75e33f2750d97d467fb57e4dfdd8a,60.667864333932755,Underperformer,1,Underperformer,2.5,0.0,722.4,v1.0,2026-05-22 04:28:50.530
07de60b03d150fb3ea09eab5da5e4c8b,78.66045604262605,Average Seller,2,Average Seller,4.333333333333333,11.11111111111111,719.1,v1.0,2026-05-22 04:28:50.530
07e8e8fc5222bb358e6f259da3197074,73.42685987678038,Average Seller,2,Average Seller,4.0,0.0,51.8,v1.0,2026-05-22 04:28:50.530
080102cd0a76b09e0dcf55fcacc60e05,85.79178252888478,Average Seller,2,Average Seller,4.475806451612903,4.032258064516129,5716.78,v1.0,2026-05-22 04:28:50.530
080199a181c46c657dc5aa235411be3b,89.07025477337893,Average Seller,2,Average Seller,4.620253164556962,1.2658227848101267,14504.2,v1.0,2026-05-22 04:28:50.530
08061dc0fc165ed41288cc7acde738ee,73.82062702670373,Average Seller,2,Average Seller,4.5,25.0,123.8,v1.0,2026-05-22 04:28:50.530
08084d990eb3f53af056ccbc1730c8a7,78.76345393054287,Average Seller,2,Average Seller,4.166666666666667,0.0,372.5,v1.0,2026-05-22 04:28:50.530
081acf3de680d554796c9cf041be7bc2,62.95231483274453,Underperformer,1,Underperformer,3.25,25.0,1597.3,v1.0,2026-05-22 04:28:50.530
082e0bf4cb865a6533b1e8e498cc0255,65.82924010892074,Average Seller,2,Average Seller,3.272727272727273,18.181818181818183,2073.3,v1.0,2026-05-22 04:28:50.530
085f6f7e049c996695fb2074fe38d45e,76.27592872222323,Average Seller,2,Average Seller,4.0,0.0,305.4,v1.0,2026-05-22 04:28:50.530
08633c14ef2db992c11f840f04fad4cd,83.86667573225691,Average Seller,2,Average Seller,4.364864864864865,5.405405405405405,7644.3,v1.0,2026-05-22 04:28:50.530
0873d9f8f36123f8d910f4760e788cfb,63.07264738311502,Underperformer,1,Underperformer,3.1666666666666665,33.33333333333333,7265.59,v1.0,2026-05-22 04:28:50.530
0885aaf116795758dfeb5f1032487bcd,82.55666219573341,Average Seller,2,Average Seller,4.214285714285714,0.0,2648.0,v1.0,2026-05-22 04:28:50.530
0887a9f087bcd5d9f6642b52f897fc6c,80.66367413550277,Average Seller,2,Average Seller,4.416666666666667,8.333333333333332,1642.0,v1.0,2026-05-22 04:28:50.530
08ad4ac1388e4420ca531c3edfc46198,64.75837044020929,Average Seller,2,Average Seller,2.8333333333333335,0.0,221.62,v1.0,2026-05-22 04:28:50.530
08cdbae123ff67ca4e36d9d641ce0119,59.0256829893976,Underperformer,1,Underperformer,3.25,50.0,3098.99,v1.0,2026-05-22 04:28:50.530
08d0949a9a17c027262db1f3c450c26c,74.3754013879116,Average Seller,2,Average Seller,3.75,0.0,324.8,v1.0,2026-05-22 04:28:50.530
08d1c9478fb0d7d7fcac9c0da4e82fc7,90.19110212866372,Average Seller,2,Average Seller,5.0,0.0,538.0,v1.0,2026-05-22 04:28:50.530
08d2d642cf72b622b14dde1d2f5eb2f5,75.75445057091268,Average Seller,2,Average Seller,4.117647058823529,11.76470588235294,914.0,v1.0,2026-05-22 04:28:50.530
08f5819815f3d06545011850bd70f0a8,83.90945942722179,Average Seller,2,Average Seller,4.666666666666667,0.0,452.0,v1.0,2026-05-22 04:28:50.530
091065b789659bc3cd9af9cb3a6253ff,74.69071107859797,Average Seller,2,Average Seller,3.5,0.0,1359.0,v1.0,2026-05-22 04:28:50.530
0936e1837d0c79253456bbb2ffaaef10,85.97296287534363,Average Seller,2,Average Seller,5.0,0.0,38.9,v1.0,2026-05-22 04:28:50.530
093805f8f2aeb63881444571e1f48f30,79.96497044754994,Average Seller,2,Average Seller,4.181818181818182,4.545454545454546,1215.79,v1.0,2026-05-22 04:28:50.530
094ced053e257ae8cae57205592d6712,80.60798306820465,Average Seller,2,Average Seller,4.052631578947368,0.0,1519.2,v1.0,2026-05-22 04:28:50.530
0951a6e282947e09cd47969f4ed0b47f,87.4761198631316,Average Seller,2,Average Seller,4.857142857142857,0.0,492.3,v1.0,2026-05-22 04:28:50.530
09883d9ab71c8fe8a9bfc7fc3075b07e,64.59860860266305,Average Seller,2,Average Seller,3.4,20.0,329.5,v1.0,2026-05-22 04:28:50.530
099095b050cfe8eb1ddff5317587e96e,69.15629466063879,Average Seller,2,Average Seller,3.235294117647059,17.647058823529413,5193.83,v1.0,2026-05-22 04:28:50.530
09bad886111255c5b5030314fc7f1a4a,90.03170527439123,Average Seller,2,Average Seller,5.0,0.0,487.5,v1.0,2026-05-22 04:28:50.530
09f952a5f58d2285b0372551ae8f9b01,78.91459926649368,Average Seller,2,Average Seller,3.84,6.0,11821.5,v1.0,2026-05-22 04:28:50.530
0a198e95d32b1be2da9424c962a6ebfa,86.9065079352803,Average Seller,2,Average Seller,5.0,0.0,69.99,v1.0,2026-05-22 04:28:50.530
0a82f5fb06a4fe4ac2cf7cb412ec71b8,89.94483813153022,Average Seller,2,Average Seller,5.0,0.0,462.0,v1.0,2026-05-22 04:28:50.530
0a85ebe4e328db81ac9109781205e2f7,81.37428476250952,Average Seller,2,Average Seller,4.583333333333333,8.333333333333332,667.9,v1.0,2026-05-22 04:28:50.530
0aa124728afc1131dff5655f4c6f487b,48.93282926481344,Underperformer,1,Underperformer,1.0,0.0,850.92,v1.0,2026-05-22 04:28:50.530
0aa2205ca24f113f4658a5c536667426,80.36426101993395,Average Seller,2,Average Seller,4.0,0.0,815.62,v1.0,2026-05-22 04:28:50.530
0ac4201fda2c68ebc0e47cb9423cf3c9,80.49258356777777,Average Seller,2,Average Seller,4.230769230769231,7.6923076923076925,1676.88,v1.0,2026-05-22 04:28:50.530
0ad80de75c811326389cfb1daba7d45e,88.79498369890723,Average Seller,2,Average Seller,4.833333333333333,0.0,1449.4,v1.0,2026-05-22 04:28:50.530
0adac9fbd9a2b63cccaac4f8756c1ca8,81.64464906871433,Average Seller,2,Average Seller,4.0181818181818185,5.454545454545454,15960.95,v1.0,2026-05-22 04:28:50.530
0ade5cc4a305ed7093a23f68ca47519c,88.22198840225396,Average Seller,2,Average Seller,5.0,0.0,158.88,v1.0,2026-05-22 04:28:50.530
0aea4c6ae1505b3228ddf3dd7822ee5b,70.27079702233277,Average Seller,2,Average Seller,3.875,25.0,1427.91,v1.0,2026-05-22 04:28:50.530
0af2ab31141893d26aca5a404a537dab,86.63398576821719,Average Seller,2,Average Seller,5.0,0.0,59.0,v1.0,2026-05-22 04:28:50.530
0af977692321d895349eded183341d28,80.00205421502467,Average Seller,2,Average Seller,4.5,0.0,257.75,v1.0,2026-05-22 04:28:50.530
0afccdb8a34ee5c79f7c06faf2b4d56e,74.88330353331851,Average Seller,2,Average Seller,3.92,8.0,1225.5,v1.0,2026-05-22 04:28:50.530
0b09101900100c0e9d312861fad5a1b9,70.16914681338147,Average Seller,2,Average Seller,4.0,0.0,153.75,v1.0,2026-05-22 04:28:50.530
0b0ddbc7b9d9584f442c7ac92b0ff6c9,85.75810414430252,Average Seller,2,Average Seller,4.666666666666667,0.0,1416.76,v1.0,2026-05-22 04:28:50.530
0b18d63d0cd1d723567903fd34a07df2,88.03226139524155,Average Seller,2,Average Seller,4.777777777777778,0.0,1678.14,v1.0,2026-05-22 04:28:50.530
0b1ca3ef18a63d7eb0c8897fa0849c08,86.52219797884158,Average Seller,2,Average Seller,5.0,0.0,55.0,v1.0,2026-05-22 04:28:50.530
0b35c634521043bf4b47e21547b99ab5,71.53138691393056,Average Seller,2,Average Seller,3.3137254901960786,15.686274509803921,13533.65,v1.0,2026-05-22 04:28:50.530
0b36063d5818f81ccb94b54adfaebbf5,90.76057652907595,Average Seller,2,Average Seller,5.0,0.0,765.0,v1.0,2026-05-22 04:28:50.530
0b3f27369a4d8df98f7eb91077e438ac,75.09151117842588,Average Seller,2,Average Seller,4.0,0.0,146.51,v1.0,2026-05-22 04:28:50.530
0b46f784306be7200ca1700aa55d819f,84.92524562920953,Average Seller,2,Average Seller,5.0,0.0,19.9,v1.0,2026-05-22 04:28:50.530
0b64bcdb0784abc139af04077d49a20e,83.49056142466786,Average Seller,2,Average Seller,4.75,0.0,137.6,v1.0,2026-05-22 04:28:50.530
0b90b6df587eb83608a64ea8b390cf07,83.32070193364144,Average Seller,2,Average Seller,4.0,3.6585365853658534,28592.32,v1.0,2026-05-22 04:28:50.530
0bae85eb84b9fb3bd773911e89288d54,84.23459788370596,Average Seller,2,Average Seller,4.2700729927007295,0.7299270072992701,7482.21,v1.0,2026-05-22 04:28:50.530
0bb27263628258b8111a0262769fa9db,85.0944079456027,Average Seller,2,Average Seller,5.0,0.0,22.2,v1.0,2026-05-22 04:28:50.530
0bb738e4d789e63e2267697c42d35a2d,84.7370978488723,Average Seller,2,Average Seller,4.6,3.3333333333333335,2388.3,v1.0,2026-05-22 04:28:50.530
0be8ff43f22e456b4e0371b2245e4d01,80.52159751890521,Average Seller,2,Average Seller,3.950310559006211,6.211180124223603,11805.5,v1.0,2026-05-22 04:28:50.530
0bebbb2cea103a4a020c95d43fd7d754,89.7004510817754,Average Seller,2,Average Seller,4.888888888888889,0.0,1367.2,v1.0,2026-05-22 04:28:50.530
0bf0150d5b9d60d9cd2906003332f085,74.70055814413828,Average Seller,2,Average Seller,3.769230769230769,15.384615384615385,5774.6,v1.0,2026-05-22 04:28:50.530
0bfd0b434243adc5c2e1aa6baf19c6aa,68.92447123016515,Average Seller,2,Average Seller,3.6666666666666665,0.0,371.2,v1.0,2026-05-22 04:28:50.530
0c7533c71df861ec58ad7ff999ed0e8d,80.73780392185796,Average Seller,2,Average Seller,4.147540983606557,4.918032786885246,2989.3,v1.0,2026-05-22 04:28:50.530
0c7f30ae9b147eca07affbef92832a6a,90.00495081250374,Average Seller,2,Average Seller,5.0,0.0,479.5,v1.0,2026-05-22 04:28:50.530
0c8380b62e38e8a1e6adbeba7eb9688c,81.79412172393198,Average Seller,2,Average Seller,4.016483516483516,4.945054945054945,17348.79,v1.0,2026-05-22 04:28:50.530
0cab2da43793a6f3c5ed8514c5f54627,89.29850956158357,Average Seller,2,Average Seller,5.0,0.0,309.7,v1.0,2026-05-22 04:28:50.530
0cbcee27c791afa0cdcb08587a2013a8,76.46642522981367,Average Seller,2,Average Seller,3.8461538461538463,10.256410256410255,5324.15,v1.0,2026-05-22 04:28:50.530
0d33a55da925bbf1ff02af5f6059fc7f,81.76427482756378,Average Seller,2,Average Seller,4.454545454545454,4.545454545454546,547.3,v1.0,2026-05-22 04:28:50.530
0d4c8269e7f0401201794deef160edd6,76.81801188136856,Average Seller,2,Average Seller,3.6666666666666665,0.0,792.64,v1.0,2026-05-22 04:28:50.530
0d83f8e03188682112cc0d93523705cc,68.10823161768144,Average Seller,2,Average Seller,3.75,25.0,696.26,v1.0,2026-05-22 04:28:50.530
0d85bbda9889ce1f7e63778d24f346eb,79.00451971111548,Average Seller,2,Average Seller,4.137254901960785,11.76470588235294,4845.2,v1.0,2026-05-22 04:28:50.530
0daf5180aa44356f60f8effa533b55a2,88.07261846643931,Average Seller,2,Average Seller,5.0,0.0,144.8,v1.0,2026-05-22 04:28:50.530
0db783cfcd3b73998abc6e10e59a102f,83.25152114818344,Average Seller,2,Average Seller,4.204545454545454,3.787878787878788,9077.4,v1.0,2026-05-22 04:28:50.530
0dd184061fb0eaa7ca37932c68ab91c5,80.00249485257123,Average Seller,2,Average Seller,4.012422360248447,10.559006211180124,18446.92,v1.0,2026-05-22 04:28:50.530
0ddefe3c7a032b91f4e25b9c3a08fca1,82.83468420213805,Average Seller,2,Average Seller,4.555555555555555,0.0,402.9,v1.0,2026-05-22 04:28:50.530
0df3984f9dfb3d49ac6366acbd3bbb85,85.8924900696527,Average Seller,2,Average Seller,4.344827586206897,1.1494252873563218,10021.49,v1.0,2026-05-22 04:28:50.530
0dfbed20065e425d2eaefb101f9816c0,51.87166494822849,Underperformer,1,Underperformer,2.6666666666666665,33.33333333333333,84.35,v1.0,2026-05-22 04:28:50.530
0e44d110fa6a54e121cb2c095a77762f,76.77069643370189,Average Seller,2,Average Seller,4.333333333333333,16.666666666666664,223.32,v1.0,2026-05-22 04:28:50.530
0e72c1a751b496722a6cb1f10653b62a,82.02754517658204,Average Seller,2,Average Seller,4.666666666666667,0.0,140.8,v1.0,2026-05-22 04:28:50.530
0e982cff76cc0579f632cea8a0e38c9d,79.34225056127319,Average Seller,2,Average Seller,4.0,0.0,1307.34,v1.0,2026-05-22 04:28:50.530
0ea22c1cfbdc755f86b9b54b39c16043,86.34289775725561,Average Seller,2,Average Seller,4.367088607594937,0.8438818565400843,10711.7,v1.0,2026-05-22 04:28:50.530
0eaa7e33d73809f1f925f7d07c506cbd,86.70572850126031,Average Seller,2,Average Seller,4.6,0.0,1552.0,v1.0,2026-05-22 04:28:50.530
0ebd97a106433a45a4aebe57c1799778,85.96591440175901,Average Seller,2,Average Seller,4.483870967741935,0.0,3046.8,v1.0,2026-05-22 04:28:50.530
0ec28cec4046a4a199b6de9b4c891d97,89.2287119158924,Average Seller,2,Average Seller,5.0,0.0,296.6,v1.0,2026-05-22 04:28:50.530
0ed6ce5d87fd9c69eaacaeb778d67235,79.12472402944456,Average Seller,2,Average Seller,4.325581395348837,13.953488372093023,2141.42,v1.0,2026-05-22 04:28:50.530
0ee4fb99ac55ffbbc98795aa01b7f8fa,86.65810949349019,Average Seller,2,Average Seller,5.0,0.0,59.9,v1.0,2026-05-22 04:28:50.530
0ef83d7d83ed97cd2a0049ac8be5f88a,81.4761991870815,Average Seller,2,Average Seller,4.083333333333333,2.083333333333333,4421.01,v1.0,2026-05-22 04:28:50.530
0f0c984a4a955310903b6b6008660bad,74.58507554983375,Average Seller,2,Average Seller,3.75,0.0,369.81,v1.0,2026-05-22 04:28:50.530
0f519b0d2e5eb2227c93dd25038bfc01,87.11823774053865,Average Seller,2,Average Seller,5.0,0.0,79.9,v1.0,2026-05-22 04:28:50.530
0f7eea709efdf942b5f95c7516dbacd7,73.89146431559044,Average Seller,2,Average Seller,4.0,0.0,195.74,v1.0,2026-05-22 04:28:50.530
0f80a40c312b2472dca482cf50f5186f,61.89794877368416,Average Seller,2,Average Seller,3.0,0.0,129.9,v1.0,2026-05-22 04:28:50.530
0f94588695d71662beec8d883ffacf09,83.73083322736797,Average Seller,2,Average Seller,5.0,0.0,9.0,v1.0,2026-05-22 04:28:50.530
0fe2d9733ed841eb064503920015a8c0,83.66948667234723,Average Seller,2,Average Seller,4.666666666666667,0.0,389.64,v1.0,2026-05-22 04:28:50.530
0ff83046c3fa22efee8ecf291888b191,87.1688050682869,Average Seller,2,Average Seller,4.8,0.0,768.9,v1.0,2026-05-22 04:28:50.530
0ffa40d54288e4f3499b8780dd0f144f,82.26132065674759,Average Seller,2,Average Seller,4.484848484848484,12.121212121212121,2162.8,v1.0,2026-05-22 04:28:50.530
10076e5788b8ee532724bcd460baf762,83.48454215550107,Average Seller,2,Average Seller,4.565217391304348,4.3478260869565215,821.48,v1.0,2026-05-22 04:28:50.530
10089e9f2fd0c668a8fd4e52e1698888,79.40608085624396,Average Seller,2,Average Seller,4.333333333333333,0.0,1139.9,v1.0,2026-05-22 04:28:50.530
101921376b577a4540dc30e9009133ca,55.59895486324101,Underperformer,1,Underperformer,2.0,0.0,373.0,v1.0,2026-05-22 04:28:50.530
101a3a003516bc11253298b2fad3cb65,86.3022900337389,Average Seller,2,Average Seller,4.8,0.0,450.0,v1.0,2026-05-22 04:28:50.530
1025f0e2d44d7041d6cf58b6550e0bfa,84.09229355324398,Top Performer,0,Top Performer,3.9737704918032786,7.868852459016394,138968.55,v1.0,2026-05-22 04:28:50.530
10264f60a8f0a4d2f30810f5c661c673,89.16202430252235,Average Seller,2,Average Seller,5.0,0.0,284.6,v1.0,2026-05-22 04:28:50.530
1099a00e0ee3a50935e6c2447ca090c5,63.597173930934794,Average Seller,2,Average Seller,3.6666666666666665,33.33333333333333,849.7,v1.0,2026-05-22 04:28:50.530
10cdd491d1dbea8fb4ead97b19c334ce,88.66304116022494,Average Seller,2,Average Seller,5.0,0.0,208.9,v1.0,2026-05-22 04:28:50.530
10ff823eda2b032e2c93d17a7d294736,78.27923932314144,Average Seller,2,Average Seller,3.888888888888889,0.0,1294.97,v1.0,2026-05-22 04:28:50.530
112453736dbe3889cfb74e1aaa0ba0c1,81.08193248879309,Average Seller,2,Average Seller,4.142857142857143,0.0,1890.0,v1.0,2026-05-22 04:28:50.530
1127b7f2594683f2510f1c2c834a486b,82.36350445109562,Average Seller,2,Average Seller,4.087719298245614,1.7543859649122806,6851.33,v1.0,2026-05-22 04:28:50.530
11305281b50fff20ae8bb473f8e11876,81.31844470162525,Average Seller,2,Average Seller,4.314285714285714,11.428571428571429,6528.7,v1.0,2026-05-22 04:28:50.530
113e3a788b935f48aad63e1c41dac1bd,79.95166618391532,Average Seller,2,Average Seller,4.333333333333333,5.128205128205128,847.35,v1.0,2026-05-22 04:28:50.530
116ccb1a1604bc88e4d234a8c23f33de,86.48429153142509,Average Seller,2,Average Seller,4.639344262295082,3.278688524590164,2004.89,v1.0,2026-05-22 04:28:50.530
11742f81550ac064cc9a40f67151d9ad,90.79593558840962,Average Seller,2,Average Seller,5.0,0.0,781.9,v1.0,2026-05-22 04:28:50.530
117cfc326c6d50da67ca858ff5c0c852,82.71873246318005,Average Seller,2,Average Seller,4.6,0.0,454.6,v1.0,2026-05-22 04:28:50.530
11938fcc75f6902fea1d0a6f72b54a57,69.35392658723366,Average Seller,2,Average Seller,3.0,0.0,594.98,v1.0,2026-05-22 04:28:50.530
119c7f1a00ef43fad0e57604e76a747c,79.50845756178592,Average Seller,2,Average Seller,4.5,0.0,189.8,v1.0,2026-05-22 04:28:50.530
119d1aef1b4144adba89163f6cd9f5d4,86.83954718755369,Average Seller,2,Average Seller,4.75,0.0,1094.0,v1.0,2026-05-22 04:28:50.530
11bfa66332777660bd0640ee84d47006,75.9614197717005,Average Seller,2,Average Seller,3.9210526315789473,14.473684210526317,3925.87,v1.0,2026-05-22 04:28:50.530
11d4c477d09821164bca4f70a2eae031,87.1799364775684,Average Seller,2,Average Seller,5.0,0.0,83.04,v1.0,2026-05-22 04:28:50.530
11eac105f3f90a9b87b19c89d91e24f3,73.63880410537814,Average Seller,2,Average Seller,3.6,0.0,802.89,v1.0,2026-05-22 04:28:50.530
11fb6f6d341adbe19e81733701704635,91.48520898581069,Average Seller,2,Average Seller,5.0,0.0,1197.0,v1.0,2026-05-22 04:28:50.530
120476eb7a04c149d14772edaf5d9bf2,81.59048652501659,Average Seller,2,Average Seller,4.25,0.0,2368.8,v1.0,2026-05-22 04:28:50.530
1284de4ae8aa26997e748c851557cf0e,66.47341557428759,Average Seller,2,Average Seller,2.6666666666666665,0.0,1459.97,v1.0,2026-05-22 04:28:50.530
128639473a139ac0f3e5f5ade55873a5,82.99264294758034,Average Seller,2,Average Seller,4.165103189493434,4.127579737335835,11908.85,v1.0,2026-05-22 04:28:50.530
128f9bfbe4c7d5185033914b1de3d39a,84.30460187309606,Average Seller,2,Average Seller,4.714285714285714,7.142857142857142,1277.29,v1.0,2026-05-22 04:28:50.530
12a8eb0f8d1cd3270695bf2a99f55966,72.69973015256403,Average Seller,2,Average Seller,3.5,0.0,397.0,v1.0,2026-05-22 04:28:50.530
12b9676b00f60f3b700e83af21824c0e,89.65986100467055,Average Seller,2,Average Seller,4.54074074074074,0.7407407407407408,26774.0,v1.0,2026-05-22 04:28:50.530
12c2ed9cded6138cf0c75f525f565fc7,70.82571051410315,Average Seller,2,Average Seller,4.25,25.0,314.96,v1.0,2026-05-22 04:28:50.530
13074f016982ff2bd6c58ced8682f000,71.69342416776382,Average Seller,2,Average Seller,3.9285714285714284,21.428571428571427,2116.0,v1.0,2026-05-22 04:28:50.530
131fcb0a0c9a47bba4474aacff0f14b7,74.08503185354368,Average Seller,2,Average Seller,4.0,0.0,369.8,v1.0,2026-05-22 04:28:50.530
1336efc61c316ddf92c899eb817f7cae,78.44968035781675,Average Seller,2,Average Seller,4.0,8.108108108108109,4837.31,v1.0,2026-05-22 04:28:50.530
134285d1f41da5c13a756ee8142c8a4e,71.92718261703426,Average Seller,2,Average Seller,3.3333333333333335,0.0,1572.7,v1.0,2026-05-22 04:28:50.530
134a288e7de827ec5ec62e3ec9c3a295,86.98251737155942,Average Seller,2,Average Seller,4.777777777777778,0.0,877.45,v1.0,2026-05-22 04:28:50.530
134b867a0f7f8bbe6abf10f91874891e,72.81238778431334,Average Seller,2,Average Seller,4.0,0.0,789.89,v1.0,2026-05-22 04:28:50.530
13511db12ac61e2f89c53b72a944a60b,73.82891796825453,Average Seller,2,Average Seller,3.5,0.0,798.0,v1.0,2026-05-22 04:28:50.530
1352e06ae67b410cdae0b2a22361167b,44.107627321669796,Underperformer,1,Underperformer,2.0,50.0,696.0,v1.0,2026-05-22 04:28:50.530
1354d51653f645349064725ed204e85e,79.72952484509858,Average Seller,2,Average Seller,3.9444444444444446,0.0,2410.0,v1.0,2026-05-22 04:28:50.530
138dbe45fc62f1e244378131a6801526,79.54885175096167,Average Seller,2,Average Seller,4.081632653061225,2.0408163265306123,1125.56,v1.0,2026-05-22 04:28:50.530
139157dd4daa45c25b0807ffff348363,67.55878660243684,Average Seller,2,Average Seller,4.0,0.0,29.9,v1.0,2026-05-22 04:28:50.530
13c2ed7698b3ca92dad49e849219da59,82.56814266007942,Average Seller,2,Average Seller,4.375,0.0,498.61,v1.0,2026-05-22 04:28:50.530
13d058e4eeac2ce8217660b2f8a05812,80.58603406604902,Average Seller,2,Average Seller,4.217391304347826,8.695652173913043,3829.77,v1.0,2026-05-22 04:28:50.530
13d95f0f6f73943d4ceffad0fc2cd32c,32.952717900657916,Underperformer,1,Underperformer,3.0,100.0,249.99,v1.0,2026-05-22 04:28:50.530
13dd308f81fea30cc670c656b2b46cc3,87.73942967081315,Average Seller,2,Average Seller,5.0,0.0,117.7,v1.0,2026-05-22 04:28:50.530
13e85aac53340018b40c2af68001b7e0,84.75367044094465,Average Seller,2,Average Seller,5.0,0.0,17.8,v1.0,2026-05-22 04:28:50.530
13f57c12a00ed4610db646b913a7f5c6,83.62786755474944,Average Seller,2,Average Seller,4.857142857142857,14.285714285714285,645.2,v1.0,2026-05-22 04:28:50.530
13fa2a6c6b9d0f43cb588d7c82117a12,72.08437938178282,Average Seller,2,Average Seller,4.111111111111111,33.33333333333333,4528.0,v1.0,2026-05-22 04:28:50.530
141440cad9341e553f8401c574a2aa38,84.5131772202997,Average Seller,2,Average Seller,4.454545454545454,0.0,1288.2,v1.0,2026-05-22 04:28:50.530
1430239a858e7682bbc43b20758af153,80.07919220451018,Average Seller,2,Average Seller,4.111111111111111,0.0,660.79,v1.0,2026-05-22 04:28:50.530
1444c08e64d55fb3c25f0f09c07ffcf2,50.83157669411492,Underperformer,1,Underperformer,1.0,0.0,2749.0,v1.0,2026-05-22 04:28:50.530
1464afc72f696af775557a821c2e253f,80.39091011138967,Average Seller,2,Average Seller,4.241379310344827,3.4482758620689653,1059.36,v1.0,2026-05-22 04:28:50.530
14a08204d03bb6b6bde8029f801ae0eb,78.24568851752775,Average Seller,2,Average Seller,3.892857142857143,0.0,2185.4,v1.0,2026-05-22 04:28:50.530
14d7985702e72162bbf13b6beb74ab2b,81.23050783182636,Average Seller,2,Average Seller,4.324324324324325,10.81081081081081,3887.0,v1.0,2026-05-22 04:28:50.530
14ee35374a7876217954b5fa08e50463,75.5177392164011,Average Seller,2,Average Seller,4.333333333333333,16.666666666666664,809.0,v1.0,2026-05-22 04:28:50.530
14f2b3587172b9db894c9bad8dab520b,58.91358021324782,Underperformer,1,Underperformer,2.5,0.0,244.0,v1.0,2026-05-22 04:28:50.530
152ee17e4c8aaf53dac99f3462e4999b,78.9613125735022,Average Seller,2,Average Seller,4.333333333333333,0.0,308.96,v1.0,2026-05-22 04:28:50.530
154bdf805377afea75a3bd158e9eab10,15.307075213447352,Underperformer,1,Underperformer,1.0,100.0,89.9,v1.0,2026-05-22 04:28:50.530
1554a68530182680ad5c8b042c3ab563,85.68788802825887,Average Seller,2,Average Seller,4.287449392712551,6.0728744939271255,29052.53,v1.0,2026-05-22 04:28:50.530
157c3e4b42f81ac4a44e8b1ca2fe9876,74.44804599714196,Average Seller,2,Average Seller,3.6956521739130435,8.695652173913043,2548.5,v1.0,2026-05-22 04:28:50.530
1588ac4010787100dddef64568f0ae35,67.7007696669316,Average Seller,2,Average Seller,3.0,0.0,599.97,v1.0,2026-05-22 04:28:50.530
15aac934c58d886785ac1b17953ea898,79.4964207333927,Average Seller,2,Average Seller,4.24,12.0,4353.9,v1.0,2026-05-22 04:28:50.530
15ac3c501e2599e4917316fde5c5669a,46.065936888791384,Underperformer,1,Underperformer,1.0,0.0,144.2,v1.0,2026-05-22 04:28:50.530
15aec03fe4cf30dfa574cf550f5ff5ff,43.50548310207036,Underperformer,1,Underperformer,1.0,0.0,28.9,v1.0,2026-05-22 04:28:50.530
15b3b1b81484422eb41df68ac87f1f50,45.08689280745865,Underperformer,1,Underperformer,1.0,0.0,78.35,v1.0,2026-05-22 04:28:50.530
15cd6eefe58588619aaed41dfa6621b1,81.60290159579316,Average Seller,2,Average Seller,4.25,6.25,1622.74,v1.0,2026-05-22 04:28:50.530
15ead3a5037a918ddb520dfe39a3d2b9,76.25241448600826,Average Seller,2,Average Seller,4.285714285714286,14.285714285714285,275.5,v1.0,2026-05-22 04:28:50.530
15fa791d5e017f66402dc28c44480657,78.64757704542406,Average Seller,2,Average Seller,4.25,12.5,1802.0,v1.0,2026-05-22 04:28:50.530
160851d3ece7aa1a510f8d1a4bb8a8af,87.5103463521932,Average Seller,2,Average Seller,5.0,0.0,102.05,v1.0,2026-05-22 04:28:50.530
16090f2ca825584b5a147ab24aa30c86,81.82695850339438,Average Seller,2,Average Seller,4.054726368159204,7.960199004975125,25716.44,v1.0,2026-05-22 04:28:50.530
160e4f13fd3a64b1b86807be88b5ffb0,82.49821139261107,Average Seller,2,Average Seller,4.25,0.0,886.0,v1.0,2026-05-22 04:28:50.530
164a5a8794e6d42e14f55e447b12a3bc,86.9953248130374,Average Seller,2,Average Seller,5.0,0.0,73.99,v1.0,2026-05-22 04:28:50.530
165b1235e9e9942cb5fae67103576fb0,80.92937915009065,Average Seller,2,Average Seller,4.363636363636363,9.090909090909092,2085.15,v1.0,2026-05-22 04:28:50.530
165fc07beebdcb6190fba8a06db2a449,78.4284369780222,Average Seller,2,Average Seller,3.8,8.0,17481.4,v1.0,2026-05-22 04:28:50.530
1660ad786c27fd935378b6192a90b417,84.42440031166933,Average Seller,2,Average Seller,4.583333333333333,8.333333333333332,1570.0,v1.0,2026-05-22 04:28:50.530
166e8f1381e09651983c38b1f6f91c11,87.09605558560123,Average Seller,2,Average Seller,5.0,0.0,78.8,v1.0,2026-05-22 04:28:50.530
167fd940acebc789debd6eb418c46e38,63.315066369388205,Underperformer,1,Underperformer,3.0,20.0,1077.58,v1.0,2026-05-22 04:28:50.530
1690cada046eb7e92c12f98b1f8a8167,84.1010401622025,Average Seller,2,Average Seller,4.545454545454546,9.090909090909092,1959.0,v1.0,2026-05-22 04:28:50.530
16bdc8cefd0e32a6f0824d296c5ad14a,86.08512963332898,Average Seller,2,Average Seller,5.0,0.0,41.76,v1.0,2026-05-22 04:28:50.530
1703bc09972dab9782e7a9194943b69f,88.95213679632396,Average Seller,2,Average Seller,5.0,0.0,249.9,v1.0,2026-05-22 04:28:50.530
1710c3aaa9c6b44ec3883ee0fe300e21,91.47421663216558,Average Seller,2,Average Seller,5.0,0.0,1188.9,v1.0,2026-05-22 04:28:50.530
17306570e772e7718c92a562d33f5f1d,76.24840589996256,Average Seller,2,Average Seller,3.6206896551724137,6.896551724137931,9669.8,v1.0,2026-05-22 04:28:50.530
173d56ffbd4c56cb80fc3615487d712b,89.53263126781941,Average Seller,2,Average Seller,5.0,0.0,358.0,v1.0,2026-05-22 04:28:50.530
1746c1ae87ac63d530c7c943d0ac42e2,88.81754053928408,Average Seller,2,Average Seller,5.0,0.0,229.9,v1.0,2026-05-22 04:28:50.530
1771297ac436903d1dd6b0e9279aa505,85.19340731843586,Average Seller,2,Average Seller,4.571428571428571,3.571428571428571,2881.27,v1.0,2026-05-22 04:28:50.530
1782ce2db72c3dda627d5e7c898104e1,78.10290173326919,Average Seller,2,Average Seller,4.333333333333333,11.11111111111111,2010.8,v1.0,2026-05-22 04:28:50.530
17908cf9b444ee34047cadd5c0f4a516,82.31152849809592,Average Seller,2,Average Seller,4.545454545454546,9.090909090909092,1993.99,v1.0,2026-05-22 04:28:50.530
17998cf586426bf0f2c3726cb0a4b211,73.90216554952481,Average Seller,2,Average Seller,4.0,0.0,69.8,v1.0,2026-05-22 04:28:50.530
179d859f51292aac5c10806a356f7af9,79.28541463009012,Average Seller,2,Average Seller,4.388888888888889,5.555555555555555,404.47,v1.0,2026-05-22 04:28:50.530
17a053fcb14bd219540cbde0df490be0,85.11779279299638,Average Seller,2,Average Seller,4.2,5.6000000000000005,40703.14,v1.0,2026-05-22 04:28:50.530
17adeba047385fb0c67d8e90b4296d21,48.85247218726019,Underperformer,1,Underperformer,1.0,0.0,809.7,v1.0,2026-05-22 04:28:50.530
17ca9b9e9b9ef8fdb529001b49ebb50f,82.48672779520838,Average Seller,2,Average Seller,4.043103448275862,0.8620689655172413,9754.83,v1.0,2026-05-22 04:28:50.530
17e34d8224d27a541263c4c64b11a56b,84.83108465411132,Average Seller,2,Average Seller,4.172549019607843,7.450980392156863,56363.24,v1.0,2026-05-22 04:28:50.530
17eea220a40cc0d2c0c5346379682398,61.75606860167403,Underperformer,1,Underperformer,3.75,50.0,1414.98,v1.0,2026-05-22 04:28:50.530
17f51e7198701186712e53a39c564617,86.10846247275765,Average Seller,2,Average Seller,4.339285714285714,8.928571428571429,48019.0,v1.0,2026-05-22 04:28:50.530
180c3376aff0e43dd5788709df48a843,80.83455967989204,Average Seller,2,Average Seller,4.4,20.0,4513.0,v1.0,2026-05-22 04:28:50.530
1835b56ce799e6a4dc4eddc053f04066,77.22456530598095,Average Seller,2,Average Seller,3.619385342789598,10.16548463356974,33344.21,v1.0,2026-05-22 04:28:50.530
1838dd9b8977065acf51d95e0053ea7a,83.09180078162032,Average Seller,2,Average Seller,4.265625,3.125,2820.3,v1.0,2026-05-22 04:28:50.530
184725737946a1a938bbbd1a9e978103,83.54028579499717,Average Seller,2,Average Seller,4.666666666666667,0.0,359.7,v1.0,2026-05-22 04:28:50.530
184a67a8f9f63234d3a92340bbdb727f,76.31897108044699,Average Seller,2,Average Seller,3.875,0.0,268.66,v1.0,2026-05-22 04:28:50.530
186cdd1b2df32caa72cfb410bba768d3,91.66966623504258,Average Seller,2,Average Seller,5.0,0.0,1341.45,v1.0,2026-05-22 04:28:50.530
189ca3538ce9f920cacf0f982cbe223b,81.28690561628594,Average Seller,2,Average Seller,4.25,0.0,419.0,v1.0,2026-05-22 04:28:50.530
18a349e75d307f4b4cc646a691ed4216,74.7826658528798,Average Seller,2,Average Seller,3.4297520661157024,4.958677685950414,8711.53,v1.0,2026-05-22 04:28:50.530
18e694e0e48ed6f7aa3f24aade5fd697,84.16884206132036,Average Seller,2,Average Seller,4.67741935483871,3.225806451612903,701.54,v1.0,2026-05-22 04:28:50.530
1900267e848ceeba8fa32d80c1a5f5a8,79.2925576927608,Average Seller,2,Average Seller,3.800486618004866,8.02919708029197,24982.53,v1.0,2026-05-22 04:28:50.530
191d55f7edb8524d525ed01b20fe32e8,52.72204757349863,Underperformer,1,Underperformer,2.3333333333333335,33.33333333333333,747.0,v1.0,2026-05-22 04:28:50.530
1927cdb9fa74f5270097f6250e8e8f34,87.77052486505251,Average Seller,2,Average Seller,5.0,0.0,120.0,v1.0,2026-05-22 04:28:50.530
19484c79cef6c062cb177aa4ef2fcc3c,16.60808452598159,Underperformer,1,Underperformer,1.0,100.0,201.9,v1.0,2026-05-22 04:28:50.530
1961c3e1272bfeceb05d0b78b5bbfdaf,71.01637616002994,Average Seller,2,Average Seller,3.3333333333333335,0.0,896.0,v1.0,2026-05-22 04:28:50.530
1967a9e2ad6f51802b093147d861df58,47.629000656594464,Underperformer,1,Underperformer,1.0,0.0,380.0,v1.0,2026-05-22 04:28:50.530
1976a05ecf2996d6ffb7b5430e635fe7,70.64235642780574,Average Seller,2,Average Seller,3.875,25.0,1796.2,v1.0,2026-05-22 04:28:50.530
1987cd4be10fe09ee50454f9c354d1c6,82.76282775534794,Average Seller,2,Average Seller,4.357142857142857,7.142857142857142,2877.7,v1.0,2026-05-22 04:28:50.530
198c7ea11960a9844b544d9bcdca860c,76.72505264351868,Average Seller,2,Average Seller,3.88,8.0,1733.75,v1.0,2026-05-22 04:28:50.530
1992f8fb6b19fcccd97ca819811e7267,43.50005502234197,Underperformer,1,Underperformer,1.0,0.0,28.8,v1.0,2026-05-22 04:28:50.530
1996942dc085d7773ba77a529b163cd0,79.14230909188173,Average Seller,2,Average Seller,3.9,0.0,2943.51,v1.0,2026-05-22 04:28:50.530
19a7c9f66ffa6452ff4b4c0cca71da27,89.12993849595193,Average Seller,2,Average Seller,5.0,0.0,279.0,v1.0,2026-05-22 04:28:50.530
19d62d484cba71963c93f0f00ab42013,70.0172285357487,Average Seller,2,Average Seller,4.0,0.0,139.9,v1.0,2026-05-22 04:28:50.530
19e0f40a907ec568c34bfac15de4f4a1,88.40501894435641,Average Seller,2,Average Seller,5.0,0.0,178.0,v1.0,2026-05-22 04:28:50.530
1a3df491d1c4f1589fc2b934ada68bf2,84.43784643805678,Average Seller,2,Average Seller,4.191616766467066,3.592814371257485,23302.7,v1.0,2026-05-22 04:28:50.530
1a6245add4353f18ed55138808906979,43.56402176138068,Underperformer,1,Underperformer,1.0,0.0,30.0,v1.0,2026-05-22 04:28:50.530
1a8e2d9c38b84a9702ac7922924b0573,87.12023932236644,Average Seller,2,Average Seller,5.0,0.0,80.0,v1.0,2026-05-22 04:28:50.530
1a932caad4f9d804097d7f8e615baed1,75.38683131887447,Average Seller,2,Average Seller,3.9,15.0,4661.0,v1.0,2026-05-22 04:28:50.530
1acde099eb406aa220b1169b188b42da,79.75023851539792,Average Seller,2,Average Seller,4.222222222222222,0.0,311.1,v1.0,2026-05-22 04:28:50.530
1b0b0f4f95e962d6f32fe90c759d0479,88.0160781769616,Average Seller,2,Average Seller,5.0,0.0,139.8,v1.0,2026-05-22 04:28:50.530
1b1ae47a313a825a7ccceb8e2e30fa9d,77.95730257338752,Average Seller,2,Average Seller,3.6363636363636362,0.0,2243.9,v1.0,2026-05-22 04:28:50.530
1b45169b635ef59425637e9a33eb5fb3,84.43718937622666,Average Seller,2,Average Seller,4.571428571428571,0.0,308.9,v1.0,2026-05-22 04:28:50.530
1b4b28463457a256e9a784ebe2a8f630,18.615558179440956,Underperformer,1,Underperformer,1.0,100.0,699.42,v1.0,2026-05-22 04:28:50.530
1b4c3a6f53068f0b6944d2d005c9fc89,84.10298117797961,Average Seller,2,Average Seller,4.221238938053097,4.424778761061947,14760.3,v1.0,2026-05-22 04:28:50.530
1b61fb1f0f2185d89e9a126c498e9cc7,86.36110034760766,Average Seller,2,Average Seller,5.0,0.0,49.7,v1.0,2026-05-22 04:28:50.530
1b65c144b17e607c0f37f10bb7dfec8d,57.362321848975405,Underperformer,1,Underperformer,2.0,0.0,1109.5,v1.0,2026-05-22 04:28:50.530
1b7e5006cb25dd23ce8686691013b121,78.58222778727702,Average Seller,2,Average Seller,4.363636363636363,18.181818181818183,2636.74,v1.0,2026-05-22 04:28:50.530
1b8356dabde1d35e17cef975c3f82730,81.65264509188805,Average Seller,2,Average Seller,4.160714285714286,1.7857142857142856,3426.39,v1.0,2026-05-22 04:28:50.530
1b8b75e227c9a9c100d0c210fb6176ce,72.35118960415272,Average Seller,2,Average Seller,3.3684210526315788,5.263157894736842,1914.83,v1.0,2026-05-22 04:28:50.530
1b938a7ec6ac5061a66a3766e0e75f90,83.83406071091825,Average Seller,2,Average Seller,4.3,0.0,3987.6,v1.0,2026-05-22 04:28:50.530
1bb2bdb95f4841f1bba2c0d2cd83d3c9,86.76440496433415,Average Seller,2,Average Seller,4.62962962962963,6.172839506172839,5002.71,v1.0,2026-05-22 04:28:50.530
1bb3812d5f0747a3ab7348f199001a10,88.90110097900505,Average Seller,2,Average Seller,4.888888888888889,0.0,834.4,v1.0,2026-05-22 04:28:50.530
1bc2e21de46adfea6b98cc96b00f3b40,67.92419428514079,Average Seller,2,Average Seller,3.3333333333333335,0.0,1039.95,v1.0,2026-05-22 04:28:50.530
1c129092bf23f28a5930387c980c0dfc,83.70523386963652,Average Seller,2,Average Seller,4.2288557213930345,4.477611940298507,9553.62,v1.0,2026-05-22 04:28:50.530
1c40343cc5d18c2d8248ac2f3366de34,84.36688565443818,Average Seller,2,Average Seller,4.619047619047619,9.523809523809524,2461.41,v1.0,2026-05-22 04:28:50.530
1c56ffe0e9dea2657fc6e95b53f40b13,79.7829909213525,Average Seller,2,Average Seller,4.333333333333333,0.0,183.0,v1.0,2026-05-22 04:28:50.530
1c5e4e49b9079480255b49d50aac1aa9,85.4513008351513,Average Seller,2,Average Seller,4.333333333333333,0.0,10173.11,v1.0,2026-05-22 04:28:50.530
1c68394e931a64f90ea236c5ea590300,81.05914169737565,Average Seller,2,Average Seller,3.9014084507042255,3.5211267605633805,24832.75,v1.0,2026-05-22 04:28:50.530
1c742ac33582852aaf3bcfbf5893abcf,87.44374461981211,Average Seller,2,Average Seller,5.0,0.0,97.9,v1.0,2026-05-22 04:28:50.530
1c83418358f249c9d6affa52d579db0e,85.27278572006564,Average Seller,2,Average Seller,5.0,0.0,24.9,v1.0,2026-05-22 04:28:50.530
1ca4bdb0cd7fc48e949bac066188ed26,77.87199340556722,Average Seller,2,Average Seller,4.5,25.0,1520.0,v1.0,2026-05-22 04:28:50.530
1ca7077d890b907f89be8c954a02686a,61.268841429518275,Underperformer,1,Underperformer,2.3217391304347825,15.65217391304348,13341.57,v1.0,2026-05-22 04:28:50.530
1caf283236cd69af44cbc09a0a1e7d32,83.05493058328098,Average Seller,2,Average Seller,4.606060606060606,9.090909090909092,917.6,v1.0,2026-05-22 04:28:50.530
1cbcd2ee0afb3fc09963b87eb65e7e4f,87.30885672026074,Average Seller,2,Average Seller,5.0,0.0,90.0,v1.0,2026-05-22 04:28:50.530
1cbd32d00d01bb8087a5eb088612fd9c,77.44791519985095,Average Seller,2,Average Seller,4.181818181818182,9.090909090909092,1045.47,v1.0,2026-05-22 04:28:50.530
1cbd50a8c52e6cf8e315c5709fab386f,72.13767032508082,Average Seller,2,Average Seller,3.7777777777777777,11.11111111111111,785.97,v1.0,2026-05-22 04:28:50.530
1cbdc7cf130a41fd13a3c2a7d2fcfda7,88.29064284726817,Average Seller,2,Average Seller,5.0,0.0,165.8,v1.0,2026-05-22 04:28:50.530
1cd9e0cc1839d55516843def5600816d,90.88276608411226,Average Seller,2,Average Seller,5.0,0.0,825.0,v1.0,2026-05-22 04:28:50.530
1ce3ae5a399804d1a87e706f8a813c3e,75.21810462154863,Average Seller,2,Average Seller,3.75,7.5,2563.0,v1.0,2026-05-22 04:28:50.530
1d0646a72178a6fb37ee8082140e06ec,86.6871144716383,Average Seller,2,Average Seller,5.0,0.0,61.0,v1.0,2026-05-22 04:28:50.530
1d0997ff06b524ce9289ffd75114ecd3,69.33325022928425,Average Seller,2,Average Seller,3.6666666666666665,33.33333333333333,3747.0,v1.0,2026-05-22 04:28:50.530
1d139e3a3b14025640d8df1b230aace0,63.87201602219221,Average Seller,2,Average Seller,3.5,0.0,36.49,v1.0,2026-05-22 04:28:50.530
1d1bbb8ac1581824986f582583fff01d,61.301100052839786,Average Seller,2,Average Seller,3.5,25.0,166.88,v1.0,2026-05-22 04:28:50.530
1d2732ef8321502ee8488e8bed1ab8cd,57.91754364940995,Underperformer,1,Underperformer,3.0,25.0,1148.0,v1.0,2026-05-22 04:28:50.530
1d29dfba02015238dfbe2449a5eaa361,81.4016633379798,Average Seller,2,Average Seller,4.5,8.333333333333332,612.8,v1.0,2026-05-22 04:28:50.530
1d4587203296c8f4ad134dc286fa6db0,82.08288425022963,Average Seller,2,Average Seller,4.285714285714286,2.380952380952381,2323.3,v1.0,2026-05-22 04:28:50.530
1d503743d2526f03f0c2c89540ee008c,73.95703936898438,Average Seller,2,Average Seller,3.9166666666666665,8.333333333333332,516.04,v1.0,2026-05-22 04:28:50.530
1d8dbc4f32378d715c717c1c1fc57bae,80.16725799998177,Average Seller,2,Average Seller,4.0,8.695652173913043,11315.89,v1.0,2026-05-22 04:28:50.530
1d953075c2f0dd990bacf27b83b330f1,86.63398576821719,Average Seller,2,Average Seller,5.0,0.0,59.0,v1.0,2026-05-22 04:28:50.530
1da366cade6d8276e7d8beea7af5d4bf,77.76832570147963,Average Seller,2,Average Seller,3.86046511627907,6.976744186046512,6917.59,v1.0,2026-05-22 04:28:50.530
1da3aeb70d7989d1e6d9b0e887f97c23,82.44147014695426,Average Seller,2,Average Seller,4.139622641509434,4.528301886792453,8823.52,v1.0,2026-05-22 04:28:50.530
1dc2de47ee26a0a5b12dc14fd6dc0dea,84.10467849830358,Average Seller,2,Average Seller,4.56,4.0,1670.3,v1.0,2026-05-22 04:28:50.530
1dcfa3835714681d4ba4a93bc1e0fd41,78.97646453815115,Average Seller,2,Average Seller,4.0,0.0,1278.5,v1.0,2026-05-22 04:28:50.530
1dd33b8119b3cb1056ed5dc88cd0aaf4,70.61451928227468,Average Seller,2,Average Seller,3.75,12.5,1513.0,v1.0,2026-05-22 04:28:50.530
1de62b6f2fd96227629786db492433db,88.66226904666085,Average Seller,2,Average Seller,5.0,0.0,208.8,v1.0,2026-05-22 04:28:50.530
1dfe5347016252a7884b694d4f10f5c4,65.38034892708117,Average Seller,2,Average Seller,3.3333333333333335,23.809523809523807,1693.5,v1.0,2026-05-22 04:28:50.530
1e26c56af8d48424e1df0140a2401f83,89.00923950521918,Average Seller,2,Average Seller,5.0,0.0,258.9,v1.0,2026-05-22 04:28:50.530
1e47d8b6546eb3a77b1acddcc9406242,46.12832620786383,Underperformer,1,Underperformer,1.0,0.0,149.9,v1.0,2026-05-22 04:28:50.530
1e47defeeadeca0e9a18fa5a9311e735,88.84688593090044,Average Seller,2,Average Seller,5.0,0.0,234.12,v1.0,2026-05-22 04:28:50.530
1e483cc5c76fef08d3ca05f9a8af7d01,75.14968310540748,Average Seller,2,Average Seller,4.1,0.0,171.99,v1.0,2026-05-22 04:28:50.530
1e8b33f18b4f7598d87f5cbee2282cc2,86.57661278677526,Average Seller,2,Average Seller,4.333333333333333,3.2520325203252036,17309.06,v1.0,2026-05-22 04:28:50.530
1e8c6a4c538f286aee9573239740a4b4,73.94028579499718,Average Seller,2,Average Seller,3.8,0.0,359.7,v1.0,2026-05-22 04:28:50.530
1e9d5a33694bddb76316fd1f54734d20,80.34122547472407,Average Seller,2,Average Seller,4.5,0.0,318.0,v1.0,2026-05-22 04:28:50.530
1eade46fba20122dc4aefb379f8c636b,82.00839666398335,Average Seller,2,Average Seller,4.431034482758621,12.068965517241379,3635.37,v1.0,2026-05-22 04:28:50.530
1f1bb1f0859883505541bdd6606193e5,83.31873165542393,Average Seller,2,Average Seller,4.333333333333333,11.11111111111111,16040.84,v1.0,2026-05-22 04:28:50.530
1f2eebc0e970fd3c463e4f5d9652687a,56.20311989436774,Average Seller,2,Average Seller,5.0,100.0,44.99,v1.0,2026-05-22 04:28:50.530
1f50f920176fa81dab994f9023523100,85.10476681140679,Top Performer,0,Top Performer,4.1260683760683765,8.831908831908832,106939.21,v1.0,2026-05-22 04:28:50.530
1f7dfad2cb384ea4d2d7e1ffbd78c407,44.338573744478325,Underperformer,1,Underperformer,1.0,0.0,49.0,v1.0,2026-05-22 04:28:50.530
1f7fd2a6fcd5a6fa5d8a4dabc72aaae0,90.1723563742106,Average Seller,2,Average Seller,5.0,0.0,531.8,v1.0,2026-05-22 04:28:50.530
1f867308a0ce13133a4e639ff4de0c02,79.83531990104763,Average Seller,2,Average Seller,4.142857142857143,0.0,875.1,v1.0,2026-05-22 04:28:50.530
1f9ab4708f3056ede07124aad39a2554,80.75532196406616,Average Seller,2,Average Seller,4.064102564102564,5.128205128205128,13602.73,v1.0,2026-05-22 04:28:50.530
1fa2d3def6adfa70e58c276bb64fe5bb,41.34889697797204,Underperformer,1,Underperformer,1.0,0.0,6.9,v1.0,2026-05-22 04:28:50.530
1fbe10c70e30765ed1de86d9f7e98409,57.45761068219637,Underperformer,1,Underperformer,2.5,0.0,98.75,v1.0,2026-05-22 04:28:50.530
1fdc574883ef3b33ad41562d93f3a74a,82.98212073197764,Average Seller,2,Average Seller,4.444444444444445,5.555555555555555,4251.0,v1.0,2026-05-22 04:28:50.530
1fddcb7b326905d3ad5efe82187db347,45.34408159197229,Underperformer,1,Underperformer,1.0,0.0,92.0,v1.0,2026-05-22 04:28:50.530
1fe5540d7c1c37a595fefbacd5570d9e,82.04336576722362,Average Seller,2,Average Seller,4.3,5.0,4537.6,v1.0,2026-05-22 04:28:50.530
1fe61aa5494bd3ae92a2c13e067c810f,72.19038050738537,Average Seller,2,Average Seller,4.0,0.0,537.76,v1.0,2026-05-22 04:28:50.530
2009a095de2a2a41626f6c6d7722678d,82.16637286355919,Average Seller,2,Average Seller,4.375,0.0,388.89,v1.0,2026-05-22 04:28:50.530
2039c5e51785b5dde7cf93ccb3b7be2c,88.23229260737428,Average Seller,2,Average Seller,5.0,0.0,159.9,v1.0,2026-05-22 04:28:50.530
204b4e07bddef3c9b317f70189135b22,86.98252649537717,Average Seller,2,Average Seller,5.0,0.0,73.4,v1.0,2026-05-22 04:28:50.530
2059c39f76271d4ca3f15b5ffaccc8b8,82.21400725876768,Average Seller,2,Average Seller,4.5,0.0,604.9,v1.0,2026-05-22 04:28:50.530
20611af7866c6068fd5ae1f9dbe15c92,79.74506961175804,Average Seller,2,Average Seller,4.5,0.0,219.8,v1.0,2026-05-22 04:28:50.530
2063dd1b9f568df1c16741ea7d3e6adb,90.75655256447097,Average Seller,2,Average Seller,5.0,0.0,763.1,v1.0,2026-05-22 04:28:50.530
2075d8cd4dd63ff12df0749a5866bb06,88.46455883712035,Average Seller,2,Average Seller,5.0,0.0,184.7,v1.0,2026-05-22 04:28:50.530
2078fe5066350e7d220c0ad3a3bbc6c1,51.558786602436825,Underperformer,1,Underperformer,2.0,0.0,29.9,v1.0,2026-05-22 04:28:50.530
2089a6d640999f9b9141ac719b2af596,76.81296432819718,Average Seller,2,Average Seller,3.727272727272727,11.363636363636363,8830.82,v1.0,2026-05-22 04:28:50.530
20a7efa9721046319bdde5d60b6b5365,90.07652056663676,Average Seller,2,Average Seller,5.0,0.0,501.2,v1.0,2026-05-22 04:28:50.530
20a8b0dc55da94fe74d112082427c84f,76.88438255658781,Average Seller,2,Average Seller,4.285714285714286,14.285714285714285,407.4,v1.0,2026-05-22 04:28:50.530
20b54c376b794ed028df09a3cd88e8dc,62.944202933527684,Underperformer,1,Underperformer,3.0,18.181818181818183,1342.95,v1.0,2026-05-22 04:28:50.530
20cb7c2fde3e5bf10f0bbe7394e1c6a9,75.45357887194363,Average Seller,2,Average Seller,4.0,9.375,861.9,v1.0,2026-05-22 04:28:50.530
20d53aad4fe5ee93a64f8839609d3586,41.42992568712466,Underperformer,1,Underperformer,2.5,50.0,51.9,v1.0,2026-05-22 04:28:50.530
20d83f3ef0e6925fd74bfd59170babf7,83.62019756049182,Average Seller,2,Average Seller,4.4,5.0,2903.6,v1.0,2026-05-22 04:28:50.530
20f0aeea30bc3b8c4420be8ced4226c0,12.482212310679067,Underperformer,1,Underperformer,1.0,100.0,14.9,v1.0,2026-05-22 04:28:50.530
20fd2d2080ed85fa67fad3fcbb2c1813,45.23415941049829,Underperformer,1,Underperformer,1.0,0.0,85.9,v1.0,2026-05-22 04:28:50.530
2138ccb85b11a4ec1e37afbd1c8eda1f,80.73607717824576,Average Seller,2,Average Seller,3.9318181818181817,4.545454545454546,12357.03,v1.0,2026-05-22 04:28:50.530
213b25e6f54661939f11710a6fddb871,78.34346913710996,Average Seller,2,Average Seller,3.767741935483871,6.451612903225806,15379.5,v1.0,2026-05-22 04:28:50.530
213fafb0ca06fb3d5886579c2565791b,57.17427480233428,Underperformer,1,Underperformer,2.3333333333333335,0.0,189.7,v1.0,2026-05-22 04:28:50.530
2156f2671501a81034d7d07f217609d0,74.32671656639853,Average Seller,2,Average Seller,3.8636363636363638,13.636363636363635,2981.5,v1.0,2026-05-22 04:28:50.530
217f005bb37ff3aeef5b2ae1788e75ba,67.01636213397705,Average Seller,2,Average Seller,3.3333333333333335,0.0,74.97,v1.0,2026-05-22 04:28:50.530
218d46b86c1881d022bce9c68a7d4b15,84.24497873985628,Average Seller,2,Average Seller,4.144329896907217,8.505154639175258,55093.28,v1.0,2026-05-22 04:28:50.530
218f991754f360af9c2daa5e0b8e990c,71.6763076536555,Average Seller,2,Average Seller,3.642857142857143,14.285714285714285,3554.32,v1.0,2026-05-22 04:28:50.530
2199e7fe213c16213bf5d6a7eadc9a5d,82.99048892411385,Average Seller,2,Average Seller,4.24,4.0,4078.29,v1.0,2026-05-22 04:28:50.530
21c62b998a043ebe31161d38f84929fc,81.72958985574176,Average Seller,2,Average Seller,4.5,0.0,750.49,v1.0,2026-05-22 04:28:50.530
21d59342ba150175ca2aa4f8faddeca6,80.01546178738053,Average Seller,2,Average Seller,4.5,0.0,259.9,v1.0,2026-05-22 04:28:50.530
21e83881401b92b49fb09a16d3852291,85.2630356734691,Average Seller,2,Average Seller,4.357142857142857,0.0,3588.05,v1.0,2026-05-22 04:28:50.530
2235cf78d3e2073a88146a9cb60f0dd0,88.41395558073697,Average Seller,2,Average Seller,5.0,0.0,178.99,v1.0,2026-05-22 04:28:50.530
226b05fe067266c59c15dae208213d06,85.28369847192782,Average Seller,2,Average Seller,4.5,0.0,1056.9,v1.0,2026-05-22 04:28:50.530
228e4c1a0be164f613d41c24345f9d2c,90.19620443255967,Average Seller,2,Average Seller,5.0,0.0,539.7,v1.0,2026-05-22 04:28:50.530
229c3efbfb0ea2058de4ccdfbc3d784a,78.12164923183875,Average Seller,2,Average Seller,3.603305785123967,1.6528925619834711,15744.0,v1.0,2026-05-22 04:28:50.530
22a23e5ac7061fc538cc2a019afaaf16,61.3955233818797,Average Seller,2,Average Seller,3.0,0.0,95.0,v1.0,2026-05-22 04:28:50.530
22c32ec35d0116ef02c281798a25bf8b,70.2648909681676,Average Seller,2,Average Seller,3.75,0.0,119.58,v1.0,2026-05-22 04:28:50.530
2305ab43e846518f58dd9d59f3f54e96,76.81033780835251,Average Seller,2,Average Seller,3.6666666666666665,0.0,788.89,v1.0,2026-05-22 04:28:50.530
232a6014e7b10cba61c6c2b2ea6bb4b0,81.46691667800744,Average Seller,2,Average Seller,4.151515151515151,3.0303030303030303,3919.87,v1.0,2026-05-22 04:28:50.530
23613d49c3ac2bd302259e55c06c050c,76.9250309810783,Average Seller,2,Average Seller,3.8142857142857145,8.571428571428571,4293.0,v1.0,2026-05-22 04:28:50.530
236585a4ddb5fea9fa40233e2249ed91,75.95037668450088,Average Seller,2,Average Seller,4.090909090909091,9.090909090909092,649.53,v1.0,2026-05-22 04:28:50.530
2379bdc3888025689a9deb7b141507d5,75.85997628644479,Average Seller,2,Average Seller,4.333333333333333,22.22222222222222,999.5,v1.0,2026-05-22 04:28:50.530
238fac594e170b59c6d228f5a4f4f1d9,76.8328426815172,Average Seller,2,Average Seller,3.9655172413793105,10.344827586206897,3126.0,v1.0,2026-05-22 04:28:50.530
23a0ffca143a15b9b5bbdb7d552f626a,76.79914767134748,Average Seller,2,Average Seller,3.9130434782608696,13.043478260869565,3718.51,v1.0,2026-05-22 04:28:50.530
23c38debaffe4a25a30fdbd9b586a13f,80.65159122441285,Average Seller,2,Average Seller,4.317073170731708,12.195121951219512,5382.18,v1.0,2026-05-22 04:28:50.530
23ca5f678e0b3ea6c630b30fa8bf51ea,88.44965758801916,Average Seller,2,Average Seller,5.0,0.0,183.0,v1.0,2026-05-22 04:28:50.530
23d7c96d4a1160db1c726b248601b25a,76.24370825406409,Average Seller,2,Average Seller,3.7169811320754715,9.433962264150944,11766.94,v1.0,2026-05-22 04:28:50.530
23ff42c4bf1f8f16cddb19d8b972974a,75.37486907564399,Average Seller,2,Average Seller,4.0,0.0,174.7,v1.0,2026-05-22 04:28:50.530
240b9776d844d37535668549a396af32,84.92071965941584,Average Seller,2,Average Seller,4.277777777777778,2.7777777777777777,13592.08,v1.0,2026-05-22 04:28:50.530
244b04680fdbded0acf5aebd9c92b44a,41.21243613047242,Underperformer,1,Underperformer,1.0,33.33333333333333,3477.7,v1.0,2026-05-22 04:28:50.530
244c2f1bff6afe1f2eaf9bfe9b2aed38,73.2505511825225,Average Seller,2,Average Seller,3.652173913043478,8.695652173913043,2580.0,v1.0,2026-05-22 04:28:50.530
247587846358bb1d2e4c6522020b36fe,87.46166645473593,Average Seller,2,Average Seller,5.0,0.0,99.0,v1.0,2026-05-22 04:28:50.530
2493dc3f20131696a0ecdb9948051a8d,85.58674805906313,Average Seller,2,Average Seller,4.75,0.0,504.38,v1.0,2026-05-22 04:28:50.530
249f0e9905a6e06ad6c6bea7547ab9f6,75.48662544581973,Average Seller,2,Average Seller,3.6666666666666665,0.0,347.95,v1.0,2026-05-22 04:28:50.530
24a6daf925d9d591870a66660416de31,77.66076787026954,Average Seller,2,Average Seller,4.5,0.0,60.0,v1.0,2026-05-22 04:28:50.530
24c1de8d9551c0b4fbc53317d53efda8,89.51903443040513,Average Seller,2,Average Seller,5.0,0.0,355.0,v1.0,2026-05-22 04:28:50.530
2528513dd95219a6013d4d05176e391a,82.55681985860642,Average Seller,2,Average Seller,3.9130434782608696,3.7267080745341614,32689.1,v1.0,2026-05-22 04:28:50.530
2528744c5ef5d955adc318720a94d2e7,65.36075798445286,Underperformer,1,Underperformer,2.4,0.0,6245.0,v1.0,2026-05-22 04:28:50.530
252e76235acb79183cfca6e34f13337d,69.02351519477882,Average Seller,2,Average Seller,3.3333333333333335,0.0,261.2,v1.0,2026-05-22 04:28:50.530
253c025bab43881055aeecde5e2d8b77,63.392482504633904,Average Seller,2,Average Seller,4.5,50.0,94.82,v1.0,2026-05-22 04:28:50.530
253f95b3a0e6983ae18aed49fbc2b845,82.0319569443568,Average Seller,2,Average Seller,4.4,0.0,799.5,v1.0,2026-05-22 04:28:50.530
257e61d3251fb5efb9daadddbc2cf7ca,90.8394825832146,Average Seller,2,Average Seller,4.75,0.0,7729.0,v1.0,2026-05-22 04:28:50.530
258447aad3f7b01e2643c89f64dc5647,86.42992568712465,Average Seller,2,Average Seller,5.0,0.0,51.9,v1.0,2026-05-22 04:28:50.530
259f7b5e6e482c230e5bfaa670b6bb8f,85.17239928545068,Average Seller,2,Average Seller,4.27536231884058,1.4492753623188406,8526.04,v1.0,2026-05-22 04:28:50.530
25be943a321c8938947bdaabca979a90,66.76901550796296,Average Seller,2,Average Seller,3.0,0.0,769.0,v1.0,2026-05-22 04:28:50.530
25c5c91f63607446a97b143d2d535d31,80.80263681288518,Average Seller,2,Average Seller,3.8164556962025316,6.962025316455696,54679.22,v1.0,2026-05-22 04:28:50.530
25cf099de44674fde97473224f9d59ab,81.28915093288862,Average Seller,2,Average Seller,4.26,4.0,1654.36,v1.0,2026-05-22 04:28:50.530
25debeafbce801fdd479539350185eee,62.26233426149079,Underperformer,1,Underperformer,2.6666666666666665,0.0,302.84,v1.0,2026-05-22 04:28:50.530
25e47381a6c510ddeb36084e33b89f0c,81.23084489142404,Average Seller,2,Average Seller,4.25,0.0,1289.6,v1.0,2026-05-22 04:28:50.530
25e6ffe976bd75618accfe16cefcbd0d,86.36188444215274,Average Seller,2,Average Seller,4.407407407407407,2.7777777777777777,11691.61,v1.0,2026-05-22 04:28:50.530
262237171f48e85819065498cac80d7b,76.86481899558518,Average Seller,2,Average Seller,4.25,0.0,599.0,v1.0,2026-05-22 04:28:50.530
2646baaf662d4d92ac48f047e35db92d,83.30549847180183,Average Seller,2,Average Seller,4.466666666666667,6.666666666666667,1263.05,v1.0,2026-05-22 04:28:50.530
26562f211dd1364af2a8596dc945e8ae,87.46166645473593,Average Seller,2,Average Seller,5.0,0.0,99.0,v1.0,2026-05-22 04:28:50.530
265fdc289dffa9f1ad801c74f7d0de47,90.05639260241114,Average Seller,2,Average Seller,5.0,0.0,495.0,v1.0,2026-05-22 04:28:50.530
26785a546900236d66f2e4197c211158,87.22490315954752,Average Seller,2,Average Seller,4.666666666666667,0.0,1019.2,v1.0,2026-05-22 04:28:50.530
269c5fc9fcadee614364c3620c30a1f9,88.6684356774481,Average Seller,2,Average Seller,5.0,0.0,209.6,v1.0,2026-05-22 04:28:50.530
269cff2d3c8d205c11f37a52402ea93b,82.59575742256897,Average Seller,2,Average Seller,4.5,0.0,1281.59,v1.0,2026-05-22 04:28:50.530
26af45f5dfd967225a832838aa4e24a3,80.09332241374814,Average Seller,2,Average Seller,4.1,0.0,573.1,v1.0,2026-05-22 04:28:50.530
26b482dccfa29bd2e40703ba45523702,89.47183891250289,Average Seller,2,Average Seller,5.0,0.0,344.78,v1.0,2026-05-22 04:28:50.530
26bad72add1f86e08a776ce4ffdaf1ca,81.5686260008158,Average Seller,2,Average Seller,4.428571428571429,0.0,622.0,v1.0,2026-05-22 04:28:50.530
26d6bbee02420494d471c9f6436929c0,83.84566191614107,Average Seller,2,Average Seller,4.666666666666667,0.0,434.51,v1.0,2026-05-22 04:28:50.530
26d8a1c7c75d513045798992ead43aa2,83.4995667096861,Average Seller,2,Average Seller,4.305555555555555,8.333333333333332,8244.12,v1.0,2026-05-22 04:28:50.530
26e13b6ff5b641b329e5524241ee2c93,77.26650265293267,Average Seller,2,Average Seller,4.0,0.0,119.7,v1.0,2026-05-22 04:28:50.530
26e2c91ef821e1ff8985f408788fe35b,56.00428875521259,Underperformer,1,Underperformer,3.0,41.66666666666667,1649.4,v1.0,2026-05-22 04:28:50.530
26e2e5033827d2ba53929f43e03d8ffe,88.01250686556588,Average Seller,2,Average Seller,5.0,0.0,139.49,v1.0,2026-05-22 04:28:50.530
26f6b7ab07be3e9e69ce82a6552efc19,50.51640090545355,Underperformer,1,Underperformer,3.0,50.0,54.8,v1.0,2026-05-22 04:28:50.530
270297ead4c65a6cd2593960d2af6b21,80.93821697552778,Average Seller,2,Average Seller,3.888888888888889,0.0,9422.4,v1.0,2026-05-22 04:28:50.530
270572bb714b00531be85e16e1550f26,87.42876706323625,Average Seller,2,Average Seller,5.0,0.0,96.99,v1.0,2026-05-22 04:28:50.530
2709af9587499e95e803a6498a5a56e9,73.97780630139006,Average Seller,2,Average Seller,3.8076923076923075,11.538461538461538,1279.56,v1.0,2026-05-22 04:28:50.530
270d3ef21830ad0ecf3a6c53d08a533a,60.43482611175006,Underperformer,1,Underperformer,2.3333333333333335,0.0,509.0,v1.0,2026-05-22 04:28:50.530
271b8923c6a549e02d3c9fd1f8c0422b,39.558980093910336,Underperformer,1,Underperformer,4.0,100.0,105.19,v1.0,2026-05-22 04:28:50.530
271c58a1d139c45eaf3316107c6d3a3b,80.08670333764034,Average Seller,2,Average Seller,4.068965517241379,6.896551724137931,3897.52,v1.0,2026-05-22 04:28:50.530
272f092de69afedd4d2969440b37f18f,77.10932571284033,Average Seller,2,Average Seller,3.730769230769231,0.0,1935.33,v1.0,2026-05-22 04:28:50.530
2745f798279e0ed033addcc1474776d7,76.73646708185998,Average Seller,2,Average Seller,3.90625,9.375,3668.53,v1.0,2026-05-22 04:28:50.530
276677b5d08786d5dce7c2149dcce48b,78.14203045284303,Average Seller,2,Average Seller,3.909090909090909,6.0606060606060606,3522.0,v1.0,2026-05-22 04:28:50.530
278b6e0b20c4f61fefaa0577943d7a35,49.3156971851426,Underperformer,1,Underperformer,1.0,0.0,1078.0,v1.0,2026-05-22 04:28:50.530
27a56ff04b34c2ba34ce6ba4d3b9d616,74.99283555461732,Average Seller,2,Average Seller,4.125,12.5,349.29,v1.0,2026-05-22 04:28:50.530
282c7480173bb9c01dd41cc739fec010,70.74649292026845,Average Seller,2,Average Seller,3.4,20.0,4274.2,v1.0,2026-05-22 04:28:50.530
282f23a9769b2690c5dda22e316f9941,83.74201023605379,Average Seller,2,Average Seller,4.333333333333333,4.040404040404041,6505.08,v1.0,2026-05-22 04:28:50.530
28405831a29823802aa22c084cfd0649,77.49160871349045,Average Seller,2,Average Seller,4.285714285714286,0.0,245.0,v1.0,2026-05-22 04:28:50.530
28872dc528e978a639754bc8c2ce5a4c,91.21006517821249,Average Seller,2,Average Seller,5.0,0.0,1009.9,v1.0,2026-05-22 04:28:50.530
289cdb325fb7e7f891c38608bf9e0962,89.08781932595893,Average Seller,2,Average Seller,4.572727272727272,1.8181818181818181,13544.95,v1.0,2026-05-22 04:28:50.530
28a26ebce31d5918b181ede016fd693b,85.55878660243683,Average Seller,2,Average Seller,5.0,0.0,29.9,v1.0,2026-05-22 04:28:50.530
28c7d8743fbc8679f484868cc0fcaefb,88.60488712921918,Average Seller,2,Average Seller,5.0,0.0,201.5,v1.0,2026-05-22 04:28:50.530
28d162ab86bb49d719c32f0ee6186eaa,69.63061295218411,Average Seller,2,Average Seller,4.0,0.0,109.99,v1.0,2026-05-22 04:28:50.530
28ea411b354f14b1a494be4e79f0ce02,84.87292828653368,Average Seller,2,Average Seller,4.666666666666667,0.0,820.0,v1.0,2026-05-22 04:28:50.530
28f10b1c5e5abb9d4857745bede6147c,73.97369284852132,Average Seller,2,Average Seller,4.0,14.285714285714285,835.0,v1.0,2026-05-22 04:28:50.530
28fb0829fd777877cdc350d25cb5bd5b,75.0713501425172,Average Seller,2,Average Seller,3.75,0.0,499.6,v1.0,2026-05-22 04:28:50.530
293dee954235e4e4e43f129313625ebe,92.12670212429322,Average Seller,2,Average Seller,5.0,0.0,1778.92,v1.0,2026-05-22 04:28:50.530
2953ce3a88f5e3c3b696d77fc9e4c8eb,83.54402378919433,Average Seller,2,Average Seller,4.642857142857143,7.142857142857142,470.0,v1.0,2026-05-22 04:28:50.530
296729ffb9b684050dd24836dac4494a,87.68811997435665,Average Seller,2,Average Seller,5.0,0.0,114.0,v1.0,2026-05-22 04:28:50.530
297d5eccd19fa9a83b2630071ff105e4,90.90220613202014,Average Seller,2,Average Seller,5.0,0.0,834.97,v1.0,2026-05-22 04:28:50.530
299c89a525fee36c567f4fe72f038100,56.516791368910255,Underperformer,1,Underperformer,2.0,0.0,658.0,v1.0,2026-05-22 04:28:50.530
29c322e3f09f886f8bacbe91dfbd979e,86.33792550270789,Average Seller,2,Average Seller,5.0,0.0,48.98,v1.0,2026-05-22 04:28:50.530
29e6e05b65f93bc224c644319dc52ecf,85.49174607301904,Average Seller,2,Average Seller,4.75,0.0,475.6,v1.0,2026-05-22 04:28:50.530
29fe9f200d3fa0c668d2aa1ec7e08dfb,77.71189752100733,Average Seller,2,Average Seller,4.0,0.0,400.0,v1.0,2026-05-22 04:28:50.530
2a1348e9addc1af5aaa619b1a3679d6b,63.27065067165385,Underperformer,1,Underperformer,3.076923076923077,25.0,2843.0,v1.0,2026-05-22 04:28:50.530
2a167ca73899c85001a837d8fb4962f6,84.477903482484,Average Seller,2,Average Seller,4.5,0.0,4097.0,v1.0,2026-05-22 04:28:50.530
2a261b5b644fa05f4f2700eb93544f2c,75.04893719388122,Average Seller,2,Average Seller,3.843137254901961,15.686274509803921,5355.0,v1.0,2026-05-22 04:28:50.530
2a50b7ee5aebecc6fd0ff9784a4747d6,16.591227358348085,Underperformer,1,Underperformer,1.0,100.0,199.8,v1.0,2026-05-22 04:28:50.530
2a5b78b41cd05baeac8df54c6606b92c,87.10841961680116,Average Seller,2,Average Seller,4.326530612244898,2.0408163265306123,19025.36,v1.0,2026-05-22 04:28:50.530
2a61c271b1ac763450d846849783e922,74.31298268401763,Average Seller,2,Average Seller,4.055555555555555,22.22222222222222,1516.76,v1.0,2026-05-22 04:28:50.530
2a6fbeaa7ab9e5d59a35841a8da71ce4,76.25456594077082,Average Seller,2,Average Seller,3.8666666666666667,6.666666666666667,1632.79,v1.0,2026-05-22 04:28:50.530
2a73cba571d90c694b7caca072ccf6ce,89.46243996345127,Average Seller,2,Average Seller,5.0,0.0,342.78,v1.0,2026-05-22 04:28:50.530
2a7c6c0b0d5efde2bf75ec1e1cec2d41,68.10343994466935,Average Seller,2,Average Seller,3.3333333333333335,0.0,147.6,v1.0,2026-05-22 04:28:50.530
2a7dc43cecabf23403078e2188437d1d,79.9638229658171,Average Seller,2,Average Seller,4.096153846153846,5.769230769230769,4795.91,v1.0,2026-05-22 04:28:50.530
2a84855fd20af891be03bc5924d2b453,85.3616712541963,Average Seller,2,Average Seller,4.237804878048781,2.4390243902439024,15819.1,v1.0,2026-05-22 04:28:50.530
2aa3443d7bf9d9bb11133f420d75e083,61.48951745313931,Underperformer,1,Underperformer,3.0,20.0,647.0,v1.0,2026-05-22 04:28:50.530
2aafae69bf4c41fbd94053d9413e87ee,78.37855694116162,Average Seller,2,Average Seller,4.5,0.0,94.0,v1.0,2026-05-22 04:28:50.530
2addf05f476d0637864454e93ba673d5,93.64849842937195,Average Seller,2,Average Seller,5.0,0.0,4552.0,v1.0,2026-05-22 04:28:50.530
2b03ac196f5ed62ac483960fe0fa3b65,75.48931617092165,Average Seller,2,Average Seller,4.142857142857143,14.285714285714285,843.1,v1.0,2026-05-22 04:28:50.530
2b1a40c1daabc6ca280c4b815c101841,78.35836660675044,Average Seller,2,Average Seller,3.6956521739130435,4.3478260869565215,12732.6,v1.0,2026-05-22 04:28:50.530
2b2fed75b8e5ea3a052fc4c0825da485,90.10751790041725,Average Seller,2,Average Seller,5.0,0.0,510.9,v1.0,2026-05-22 04:28:50.530
2b3b9ce054da76a7428df143a567b156,70.0524923068878,Average Seller,2,Average Seller,3.6,0.0,301.0,v1.0,2026-05-22 04:28:50.530
2b3e4a2a3ea8e01938cabda2a3e5cc79,87.970520210485,Average Seller,2,Average Seller,4.365384615384615,0.0,23629.15,v1.0,2026-05-22 04:28:50.530
2b402d5dc42554061f8ea98d1916f148,89.2465260007725,Average Seller,2,Average Seller,5.0,0.0,299.89,v1.0,2026-05-22 04:28:50.530
2b5ed0c9139dae8883a200dfcb272ece,68.72499733728345,Average Seller,2,Average Seller,4.25,25.0,85.41,v1.0,2026-05-22 04:28:50.530
2ba91c7ad80ff88b23b7db823b43c233,69.7076875360755,Average Seller,2,Average Seller,3.8333333333333335,16.666666666666664,740.4,v1.0,2026-05-22 04:28:50.530
2bd05d410a8fd26dc4184a15f4f2f588,91.63955212128289,Average Seller,2,Average Seller,5.0,0.0,1316.73,v1.0,2026-05-22 04:28:50.530
2bdb95a56a36ebbc6640337ac5eac174,87.30707521344735,Average Seller,2,Average Seller,5.0,0.0,89.9,v1.0,2026-05-22 04:28:50.530
2be17df1c49978426251562096c3cc09,79.06978538895173,Average Seller,2,Average Seller,4.1875,6.25,2165.0,v1.0,2026-05-22 04:28:50.530
2bf28e311bba65237358230cabac3f15,66.07163690003914,Average Seller,2,Average Seller,3.7142857142857144,28.57142857142857,294.0,v1.0,2026-05-22 04:28:50.530
2bf6a2c1e71bbd29a4ad64e6d3c3629f,85.21802487701405,Average Seller,2,Average Seller,4.166666666666667,6.666666666666667,50628.9,v1.0,2026-05-22 04:28:50.530
2c00c85d30361cd2ced2969cffbbffa3,86.36429301915011,Average Seller,2,Average Seller,5.0,0.0,49.8,v1.0,2026-05-22 04:28:50.530
2c2c9832d1bb38c5b0034a3b47d313ee,60.36747941208175,Average Seller,2,Average Seller,3.0,0.0,49.9,v1.0,2026-05-22 04:28:50.530
2c3d56f92f360fb89d849b84e8f50eae,66.2073876973237,Average Seller,2,Average Seller,3.125,12.5,465.6,v1.0,2026-05-22 04:28:50.530
2c43fb513632d29b3b58df74816f1b06,76.94623918449207,Average Seller,2,Average Seller,3.6666666666666665,0.0,858.0,v1.0,2026-05-22 04:28:50.530
2c4c47cb51acd5ea5db5e0ae0e26542a,86.72623613919227,Average Seller,2,Average Seller,4.666666666666667,0.0,2575.9,v1.0,2026-05-22 04:28:50.530
2c538755f1ca9540af144f266e70df6c,89.4253022963457,Average Seller,2,Average Seller,5.0,0.0,334.99,v1.0,2026-05-22 04:28:50.530
2c54051840f19eca309a5423cf22df36,76.1959200688753,Average Seller,2,Average Seller,4.5,0.0,23.7,v1.0,2026-05-22 04:28:50.530
2c9005d8043aff18b8557ffb7b13cda4,87.62929856006623,Average Seller,2,Average Seller,5.0,0.0,109.9,v1.0,2026-05-22 04:28:50.530
2c9e548be18521d1c43cde1c582c6de8,78.10933200867846,Average Seller,2,Average Seller,4.079365079365079,15.079365079365079,6109.44,v1.0,2026-05-22 04:28:50.530
2cb4700db635baa1c0d4f90ed27b6669,54.591227358348085,Underperformer,1,Underperformer,2.0,0.0,199.8,v1.0,2026-05-22 04:28:50.530
2cb6eb1b7185064167657fa09f541105,84.51323224044033,Average Seller,2,Average Seller,4.333333333333333,0.0,1217.9,v1.0,2026-05-22 04:28:50.530
2cb98e27ce1c18abdb42209b34c382a7,68.72559293340224,Average Seller,2,Average Seller,4.0,0.0,62.49,v1.0,2026-05-22 04:28:50.530
2d20f1cd18725c91147da0791d498022,87.47457712291445,Average Seller,2,Average Seller,5.0,0.0,99.8,v1.0,2026-05-22 04:28:50.530
2d22fc3089eb907b29ebff50581fb472,72.00636764987146,Average Seller,2,Average Seller,3.6666666666666665,0.0,317.7,v1.0,2026-05-22 04:28:50.530
2d2322d842118867781fc737e96d59a1,82.39047087550072,Average Seller,2,Average Seller,4.875,12.5,176.4,v1.0,2026-05-22 04:28:50.530
2d2c62bef4c8ba0dd74e0e228e808539,80.08411460929064,Average Seller,2,Average Seller,4.125,12.5,3749.0,v1.0,2026-05-22 04:28:50.530
2d34636518ba88f5349b732fcf8ba2e4,88.12939959663017,Average Seller,2,Average Seller,5.0,0.0,150.0,v1.0,2026-05-22 04:28:50.530
2d378dbb39815785238c0139c7647fb7,91.42598262829694,Average Seller,2,Average Seller,5.0,0.0,1154.0,v1.0,2026-05-22 04:28:50.530
2d42ebcda99fd55f6f4bc2f1ca035d50,81.46179506924862,Average Seller,2,Average Seller,4.3,0.0,921.5,v1.0,2026-05-22 04:28:50.530
2d50d6282f8aa2257819a77bfaa0efe0,74.60806512361752,Average Seller,2,Average Seller,3.7045454545454546,9.090909090909092,3353.48,v1.0,2026-05-22 04:28:50.530
2d518637f53161b973e01f56ea4bb88e,90.13126000009498,Average Seller,2,Average Seller,4.923076923076923,0.0,1219.89,v1.0,2026-05-22 04:28:50.530
2d8cfba3fcd3170555941605edaa196a,86.20347216750392,Average Seller,2,Average Seller,5.0,0.0,45.0,v1.0,2026-05-22 04:28:50.530
2d9e8987a2ea5cf88dce330249043ff1,79.88556314140737,Average Seller,2,Average Seller,4.5,0.0,239.8,v1.0,2026-05-22 04:28:50.530
2dcf93836ae3ce0d7c93e2f10876467a,73.56649346003438,Average Seller,2,Average Seller,4.111111111111111,22.22222222222222,1443.8,v1.0,2026-05-22 04:28:50.530
2dd1fb6f0e42a2243b8a01e40cd41216,69.92323427344519,Average Seller,2,Average Seller,3.0,0.0,845.89,v1.0,2026-05-22 04:28:50.530
2dee2ce60de9709b1a24083217181a1f,86.03625952364901,Average Seller,2,Average Seller,4.425925925925926,1.8518518518518516,7784.5,v1.0,2026-05-22 04:28:50.530
2e0dba2da448400b1c11d7b4b22f32a4,66.85890103075238,Average Seller,2,Average Seller,3.142857142857143,0.0,235.87,v1.0,2026-05-22 04:28:50.530
2e13c71026e1a39ba5cc1b86dcb679aa,84.60301522988647,Average Seller,2,Average Seller,4.375,4.166666666666666,3793.0,v1.0,2026-05-22 04:28:50.530
2e1a7d075abe038c1b2743005fe42ff1,75.73501493507557,Average Seller,2,Average Seller,4.052631578947368,15.789473684210526,1396.7,v1.0,2026-05-22 04:28:50.530
2e1c9f22be269ef4643f826c9e650a52,82.4828151129916,Average Seller,2,Average Seller,4.107784431137724,5.9880239520958085,12687.68,v1.0,2026-05-22 04:28:50.530
2e2f44824ab87a0cb961f68bf4073e7f,52.30583969613747,Underperformer,1,Underperformer,2.0,0.0,48.0,v1.0,2026-05-22 04:28:50.530
2e3be8a987a30d7544dbbda6861cc14e,70.04924147014567,Average Seller,2,Average Seller,3.1666666666666665,5.555555555555555,4430.84,v1.0,2026-05-22 04:28:50.530
2e7ea2aafec5835e781b21d6d1faf1f1,72.16198361620138,Average Seller,2,Average Seller,4.0,14.285714285714285,528.4,v1.0,2026-05-22 04:28:50.530
2e90cb1677d35cfe24eef47d441b7c87,80.7634837431369,Average Seller,2,Average Seller,4.118110236220472,12.598425196850393,13894.71,v1.0,2026-05-22 04:28:50.530
2ea0861cc19e94cad86438c984c52da4,66.6220322328176,Average Seller,2,Average Seller,3.3333333333333335,0.0,165.6,v1.0,2026-05-22 04:28:50.530
2eb70248d66e0e3ef83659f71b244378,67.7875324582625,Average Seller,2,Average Seller,2.6633663366336635,10.396039603960396,42628.61,v1.0,2026-05-22 04:28:50.530
2ec6e37d992a95eaddb3369dcbcc76d9,50.23128528357215,Underperformer,1,Underperformer,1.5,0.0,159.8,v1.0,2026-05-22 04:28:50.530
2ee0a0689f2f6a72f35a7cb6033f6e7e,73.58891655085237,Average Seller,2,Average Seller,4.0,0.0,272.0,v1.0,2026-05-22 04:28:50.530
2eeb6531ee027a48d401e72bebdd87d3,73.9648207462323,Average Seller,2,Average Seller,4.333333333333333,0.0,38.7,v1.0,2026-05-22 04:28:50.530
2ef086a599b597572aca4433b7ed6b3d,86.33857374447831,Average Seller,2,Average Seller,5.0,0.0,49.0,v1.0,2026-05-22 04:28:50.530
2f09f7d37a97956d11cc1a7cadd5262b,66.50226413831885,Underperformer,1,Underperformer,2.909090909090909,9.090909090909092,2005.0,v1.0,2026-05-22 04:28:50.530
2f1e7b90e01d9f086cbcb301c0c3d406,86.63398576821719,Average Seller,2,Average Seller,5.0,0.0,59.0,v1.0,2026-05-22 04:28:50.530
2f3d8b4c9e2ee165075331fea3f3095a,87.89918610118494,Average Seller,2,Average Seller,5.0,0.0,130.0,v1.0,2026-05-22 04:28:50.530
2f4b0d3b9634b647d4edee577d7ebb7e,87.6392750766375,Average Seller,2,Average Seller,4.9,0.0,337.9,v1.0,2026-05-22 04:28:50.530
2f4b9d112bfa44a214bc6cef085d17c8,78.41443911720997,Average Seller,2,Average Seller,4.4,0.0,293.99,v1.0,2026-05-22 04:28:50.530
2f73e04d12cdf0c945ded66bb3fcf6c7,68.35737774526463,Average Seller,2,Average Seller,3.3333333333333335,0.0,1359.0,v1.0,2026-05-22 04:28:50.530
2f74af7a0ee5636f12c2336f9fffed47,81.64255784800771,Average Seller,2,Average Seller,4.3076923076923075,0.0,560.7,v1.0,2026-05-22 04:28:50.530
2f9b7ce230a057a98a9f5df5893ee36c,79.03915850638649,Average Seller,2,Average Seller,4.5,0.0,141.82,v1.0,2026-05-22 04:28:50.530
2fa13c8bd5705d279f7ed5cc9ec61c68,87.2618887857964,Average Seller,2,Average Seller,5.0,0.0,87.4,v1.0,2026-05-22 04:28:50.530
2fb25ab44bdbeae6a4d816e0d0c9d500,86.97731100113424,Average Seller,2,Average Seller,4.8,0.0,683.08,v1.0,2026-05-22 04:28:50.530
2fdde51ad3e12f297da656d4fbd5d0b5,88.7625728437489,Average Seller,2,Average Seller,4.7,0.0,6252.0,v1.0,2026-05-22 04:28:50.530
2ff6b7bff164ef05590a52734e1296da,87.00614813904481,Average Seller,2,Average Seller,4.714285714285714,0.0,1803.59,v1.0,2026-05-22 04:28:50.530
2ff97219cb8622eaf3cd89b7d9c09824,85.57660583230981,Average Seller,2,Average Seller,4.52808988764045,3.3707865168539324,4476.9,v1.0,2026-05-22 04:28:50.530
3076499bbc033a927bf4a8a41bcf7fd4,80.9671943142374,Average Seller,2,Average Seller,4.285714285714286,0.0,359.33,v1.0,2026-05-22 04:28:50.530
3078096983cf766a32a06257648502d1,83.6696210414238,Average Seller,2,Average Seller,4.203389830508475,3.389830508474576,8285.42,v1.0,2026-05-22 04:28:50.530
30829ded4523ab9224b93bc49a62c95f,77.88064315588453,Average Seller,2,Average Seller,3.7777777777777777,5.555555555555555,6911.71,v1.0,2026-05-22 04:28:50.530
3092c0b297aacfb4bb6e056ebe13b9b8,76.29484818458326,Average Seller,2,Average Seller,3.6315789473684212,0.0,1623.9,v1.0,2026-05-22 04:28:50.530
30a2f535bb48308f991d0b9ad4a8c4bb,84.30263102824334,Average Seller,2,Average Seller,4.28169014084507,2.8169014084507045,4731.3,v1.0,2026-05-22 04:28:50.530
30a81d8cf85fb2ada1b1b094c9583a95,88.37293704984522,Average Seller,2,Average Seller,4.823529411764706,0.0,1245.42,v1.0,2026-05-22 04:28:50.530
30c7f28fd3a5897b2c82d152bb760c17,50.74039603839249,Underperformer,1,Underperformer,1.5714285714285714,14.285714285714285,2178.27,v1.0,2026-05-22 04:28:50.530
312ba1d77e9c332ef21f9598b7f64cd7,51.85253768312818,Underperformer,1,Underperformer,2.7777777777777777,44.44444444444444,756.0,v1.0,2026-05-22 04:28:50.530
31344c16881c08a8a72c6d2eb29918c1,85.69721530275154,Average Seller,2,Average Seller,4.348837209302325,4.651162790697675,9615.7,v1.0,2026-05-22 04:28:50.530
31561f325664a8a7aba4c8d0c3a9b3db,87.41487025878827,Average Seller,2,Average Seller,4.638888888888889,0.0,2702.19,v1.0,2026-05-22 04:28:50.530
318f287a62ab7ac10b703ac37435a231,76.11215747343158,Average Seller,2,Average Seller,3.8653846153846154,9.615384615384617,2517.48,v1.0,2026-05-22 04:28:50.530
31ae0774c17fabd06ff707cc5bde005f,79.91584502688632,Average Seller,2,Average Seller,4.0,9.090909090909092,6719.85,v1.0,2026-05-22 04:28:50.530
31be790e64fc99f8ff48ec2bd18a3104,68.56296018029525,Average Seller,2,Average Seller,4.333333333333333,33.33333333333333,241.4,v1.0,2026-05-22 04:28:50.530
31da954dc0855f2495c6310f70a2f931,81.45259648890318,Average Seller,2,Average Seller,4.206896551724138,6.896551724137931,4583.0,v1.0,2026-05-22 04:28:50.530
31e60bf8d103ce47932a85f5562deb16,88.43194943051836,Average Seller,2,Average Seller,5.0,0.0,181.0,v1.0,2026-05-22 04:28:50.530
31eec405c9bb71dec8e2629a92e764fa,81.79665996629872,Average Seller,2,Average Seller,4.6,0.0,256.89,v1.0,2026-05-22 04:28:50.530
323ce52b5b81df2cd804b017b7f09aa7,78.51253403218311,Average Seller,2,Average Seller,4.266666666666667,13.333333333333334,2554.2,v1.0,2026-05-22 04:28:50.530
324583d68897f5ddbaf38f6248322176,30.19834023756749,Underperformer,1,Underperformer,1.0,50.0,84.0,v1.0,2026-05-22 04:28:50.530
325f3178fb58e2a9778334621eecdbf9,83.9420013108889,Average Seller,2,Average Seller,4.444444444444445,0.0,981.7,v1.0,2026-05-22 04:28:50.530
327b89b872c14d1c0be7235ef4871685,53.45793089568956,Underperformer,1,Underperformer,2.3333333333333335,33.33333333333333,1177.0,v1.0,2026-05-22 04:28:50.530
3289d8c3eef4873f91ce0b1343c0dd58,88.59275976720255,Average Seller,2,Average Seller,5.0,0.0,199.99,v1.0,2026-05-22 04:28:50.530
328acb143b4a73aad6bee8e734f5d20d,72.61685310880743,Average Seller,2,Average Seller,4.0,0.0,699.98,v1.0,2026-05-22 04:28:50.530
3296662b1331dea51e744505065ae889,90.12921209072378,Average Seller,2,Average Seller,5.0,0.0,517.8,v1.0,2026-05-22 04:28:50.530
32b8764b4ef628b53608fc34011fcc13,83.00956012910412,Average Seller,2,Average Seller,4.194444444444445,2.7777777777777777,8884.0,v1.0,2026-05-22 04:28:50.530
32e5635e63cb374eb63afdd242fb6134,91.04146949781698,Average Seller,2,Average Seller,5.0,0.0,910.0,v1.0,2026-05-22 04:28:50.530
32f1bb9dfa65bc7df5c0d9d95a616be4,66.31476433621262,Average Seller,2,Average Seller,3.4,20.0,276.39,v1.0,2026-05-22 04:28:50.530
32f83ffe11cd40f7adcf4eef171f52d9,85.56349900600154,Average Seller,2,Average Seller,5.0,0.0,29.99,v1.0,2026-05-22 04:28:50.530
32fdd5d44ecb43dfd6a24b9369eca144,81.2539388751646,Average Seller,2,Average Seller,4.375,0.0,479.2,v1.0,2026-05-22 04:28:50.530
3338e7a0710a195872be80e0d2423867,44.20347216750393,Underperformer,1,Underperformer,1.0,0.0,45.0,v1.0,2026-05-22 04:28:50.530
333c4210e76a1aa2ab817b99437e3ff1,89.42535051969081,Average Seller,2,Average Seller,5.0,0.0,335.0,v1.0,2026-05-22 04:28:50.530
3340ef1913fb70d28420f6ceb685c339,85.2197033367815,Average Seller,2,Average Seller,4.375,3.125,6731.15,v1.0,2026-05-22 04:28:50.530
334cab711dee080b079fa5779b584783,89.66682166974437,Average Seller,2,Average Seller,4.909090909090909,0.0,1069.7,v1.0,2026-05-22 04:28:50.530
33576ec5412fb5905d876f12f33bfde6,79.78094992352982,Average Seller,2,Average Seller,4.096774193548387,3.225806451612903,2718.0,v1.0,2026-05-22 04:28:50.530
3361277dc30b7cccdb0c286b24219756,82.6415540320174,Average Seller,2,Average Seller,4.344827586206897,6.896551724137931,3905.05,v1.0,2026-05-22 04:28:50.530
3364a91ec4d56c98e44174de954b94f6,80.59270359619418,Average Seller,2,Average Seller,3.8333333333333335,0.0,3579.94,v1.0,2026-05-22 04:28:50.530
33a17d60c64393351ebf1ef860f4e0f2,88.5925684662351,Average Seller,2,Average Seller,4.627906976744186,2.3255813953488373,8152.48,v1.0,2026-05-22 04:28:50.530
33a6f4b1e7cdc205511e76ba1b6e0186,86.53250343227714,Average Seller,2,Average Seller,4.40952380952381,1.9047619047619049,10295.01,v1.0,2026-05-22 04:28:50.530
33ab10be054370c254ddfcf0a6253422,88.69589871259875,Average Seller,2,Average Seller,5.0,0.0,213.2,v1.0,2026-05-22 04:28:50.530
33ac3e28642ab8bda860a2f693000e78,82.8250638341086,Average Seller,2,Average Seller,4.205882352941177,0.0,3661.03,v1.0,2026-05-22 04:28:50.530
33c51922b6e3c16b24a8f28e5833c99d,81.59780309576175,Average Seller,2,Average Seller,4.111111111111111,5.555555555555555,6657.87,v1.0,2026-05-22 04:28:50.530
33cbbec1e7e1044aaf11d152172c776f,85.88628250244913,Average Seller,2,Average Seller,4.733333333333333,0.0,730.67,v1.0,2026-05-22 04:28:50.530
33cbda8716511e27e556dff9d8418bf2,86.49640155574059,Average Seller,2,Average Seller,4.8,0.0,507.4,v1.0,2026-05-22 04:28:50.530
33d677f27a69b84051204ee4ae76eaca,82.50507524543042,Average Seller,2,Average Seller,4.555555555555555,0.0,165.0,v1.0,2026-05-22 04:28:50.530
33dd941c27854f7625b968cc6195a552,87.49570909613746,Average Seller,2,Average Seller,4.4,0.0,6787.5,v1.0,2026-05-22 04:28:50.530
33fd411ed63a7c2f9005e3f065d9f85d,67.27278572006566,Average Seller,2,Average Seller,4.0,0.0,24.9,v1.0,2026-05-22 04:28:50.530
34056b8b55c1775a22af2331670a799c,77.75290042633523,Average Seller,2,Average Seller,4.0,11.538461538461538,6455.4,v1.0,2026-05-22 04:28:50.530
340636a908b13bbe0f4fb63fbe1d0c03,74.07923135418007,Average Seller,2,Average Seller,3.4,0.0,823.2,v1.0,2026-05-22 04:28:50.530
343e716476e3748b069f980efbaa294e,81.18137301862285,Average Seller,2,Average Seller,4.352941176470588,5.88235294117647,922.6,v1.0,2026-05-22 04:28:50.530
3442033154be05bac582e173ef54fd12,88.24333203262405,Average Seller,2,Average Seller,5.0,0.0,161.0,v1.0,2026-05-22 04:28:50.530
344223b2a90784f64136a8a5da012e7f,50.01268634115791,Underperformer,1,Underperformer,2.0,0.0,10.9,v1.0,2026-05-22 04:28:50.530
3442f8959a84dea7ee197c632cb2df15,56.07031072254139,Underperformer,1,Underperformer,3.0,33.33333333333333,218.7,v1.0,2026-05-22 04:28:50.530
34675b28b826facfde119785bf287dc1,67.07967483436784,Average Seller,2,Average Seller,4.0,0.0,21.99,v1.0,2026-05-22 04:28:50.530
3481aa57cd91f9f9d3fa1fa12d9a3bf7,78.36133150309276,Average Seller,2,Average Seller,3.88,0.0,1773.03,v1.0,2026-05-22 04:28:50.530
3492e68f37fd1df87f4f2f2ea247f445,76.80822361810222,Average Seller,2,Average Seller,3.875,0.0,787.86,v1.0,2026-05-22 04:28:50.530
34a557286ead8fe75c989e0afcf7d98c,85.27101088620606,Average Seller,2,Average Seller,4.75,0.0,414.9,v1.0,2026-05-22 04:28:50.530
34aefe746cd81b7f3b23253ea28bef39,41.56011966118322,Underperformer,1,Underperformer,1.0,0.0,8.0,v1.0,2026-05-22 04:28:50.530
34d1ca11b242c0fee2c834ae8d788566,84.90034737861069,Average Seller,2,Average Seller,4.25,0.0,13422.24,v1.0,2026-05-22 04:28:50.530
34f563c82a85b99ae9e6d60db5fc2e28,85.8153365525545,Average Seller,2,Average Seller,4.625,0.0,2332.3,v1.0,2026-05-22 04:28:50.530
3504c0cb71d7fa48d967e0e4c94d59d9,83.93603054083898,Average Seller,2,Average Seller,4.415094339622642,0.0,2349.94,v1.0,2026-05-22 04:28:50.530
35281d148dcf7134bae913c57db4e6da,87.77039095205737,Average Seller,2,Average Seller,5.0,0.0,119.99,v1.0,2026-05-22 04:28:50.530
353e21e8bf8de2722b4fae1636664b76,61.15607885657751,Underperformer,1,Underperformer,2.5,0.0,208.0,v1.0,2026-05-22 04:28:50.530
35857757f553273b1056c1cabdace7fb,71.91873246318006,Average Seller,2,Average Seller,4.0,16.666666666666664,454.6,v1.0,2026-05-22 04:28:50.530
3586b8580d9c917874e053a1bb37b5ff,82.48810358017236,Average Seller,2,Average Seller,4.416666666666667,2.7777777777777777,1524.7,v1.0,2026-05-22 04:28:50.530
35b96509602ec4b7da831b5cd73ff2c2,81.25274184460801,Average Seller,2,Average Seller,4.5,0.0,558.9,v1.0,2026-05-22 04:28:50.530
35ef5aa32949680f627efec3c23e705c,74.548798278392,Average Seller,2,Average Seller,3.75,0.0,361.6,v1.0,2026-05-22 04:28:50.530
35fb511489d9ee3ee27a76debce9df06,65.4837375142194,Average Seller,2,Average Seller,3.5714285714285716,14.285714285714285,414.5,v1.0,2026-05-22 04:28:50.530
3606774ec64634822d78dc2db6d37045,68.24604128197511,Average Seller,2,Average Seller,3.0,0.0,299.8,v1.0,2026-05-22 04:28:50.530
365e445f796710c3431557e85caa25db,82.37032684307914,Average Seller,2,Average Seller,4.5,0.0,1115.0,v1.0,2026-05-22 04:28:50.530
365e4bce19bda0082c3d15d83fdb8bcd,84.8256700988963,Average Seller,2,Average Seller,4.666666666666667,0.0,796.4,v1.0,2026-05-22 04:28:50.530
36890be00bbfc1cdb9a4a38a6af05a69,77.8472950978806,Average Seller,2,Average Seller,4.230769230769231,15.384615384615385,1361.3,v1.0,2026-05-22 04:28:50.530
36a968b544695394e4e9d7572688598f,77.40889856380375,Average Seller,2,Average Seller,3.6493506493506493,3.2467532467532463,9482.87,v1.0,2026-05-22 04:28:50.530
36f98ad67cc981f50ce8aed093d5783c,74.76247043114978,Average Seller,2,Average Seller,4.0,0.0,119.4,v1.0,2026-05-22 04:28:50.530
37303482a42fb700d8d127e70a9cd6c8,67.11744493364019,Average Seller,2,Average Seller,3.0,0.0,148.89,v1.0,2026-05-22 04:28:50.530
373ee4a3a775a733770ca3f790b8b9ac,77.65787178069998,Average Seller,2,Average Seller,3.923076923076923,7.6923076923076925,2141.49,v1.0,2026-05-22 04:28:50.530
37515688008a7a40ac93e3b2e4ab203f,79.4607212313587,Average Seller,2,Average Seller,4.0701754385964914,7.894736842105263,5986.6,v1.0,2026-05-22 04:28:50.530
376a891762bbdecbc02b4b6adec3fdda,88.20205209354658,Average Seller,2,Average Seller,4.666666666666667,3.508771929824561,6406.23,v1.0,2026-05-22 04:28:50.530
376d67b61dce0c990155286e7ae486a4,69.37855694116162,Average Seller,2,Average Seller,4.0,0.0,94.0,v1.0,2026-05-22 04:28:50.530
3771c85bac139d2344864ede5d9341e3,74.08458970061945,Average Seller,2,Average Seller,3.8461538461538463,11.538461538461538,1433.3,v1.0,2026-05-22 04:28:50.530
377bc18334c78dd2f1535ef22a3ad225,87.97151153501281,Average Seller,2,Average Seller,5.0,0.0,135.98,v1.0,2026-05-22 04:28:50.530
3785b653b1b82de85ab47dd139938091,87.23906183459367,Average Seller,2,Average Seller,4.714285714285714,0.0,1552.0,v1.0,2026-05-22 04:28:50.530
37be5a7c751166fbc5f8ccba4119e043,87.48994385759194,Average Seller,2,Average Seller,4.3125,2.5735294117647056,55350.55,v1.0,2026-05-22 04:28:50.530
37ceb404da208418c9032f0674e57804,46.632102035225465,Underperformer,1,Underperformer,1.0,0.0,204.93,v1.0,2026-05-22 04:28:50.530
37dd29b36c458d82f74a953c40c43645,74.5002908397195,Average Seller,2,Average Seller,3.857142857142857,14.285714285714285,4536.99,v1.0,2026-05-22 04:28:50.530
38102b031c2a15e54623d711bfc753d3,72.59391200555986,Average Seller,2,Average Seller,3.6666666666666665,0.0,457.0,v1.0,2026-05-22 04:28:50.530
381c83fdca332ea6afd896da20bf6e4a,85.42597161302386,Average Seller,2,Average Seller,4.391304347826087,2.1739130434782608,7355.8,v1.0,2026-05-22 04:28:50.530
3820c6537b3853be1a0687d5a60807ec,43.279029582449624,Underperformer,1,Underperformer,1.0,0.0,25.0,v1.0,2026-05-22 04:28:50.530
382229d1e840115ffe3dbf5ff460e417,81.3474528844708,Average Seller,2,Average Seller,4.217391304347826,6.521739130434782,4096.96,v1.0,2026-05-22 04:28:50.530
385799a1cddbd26dfeb9157356a42282,78.45650271969309,Average Seller,2,Average Seller,4.0,0.0,633.93,v1.0,2026-05-22 04:28:50.530
38874e327ce94d11390b96eb42d61928,73.68076148755442,Average Seller,2,Average Seller,4.0,16.666666666666664,3779.94,v1.0,2026-05-22 04:28:50.530
389e45560e33d2d0747f949dcddbc08e,85.9770186478832,Average Seller,2,Average Seller,5.0,0.0,39.0,v1.0,2026-05-22 04:28:50.530
38af8acfd46ac4a7bf754e8ca6736664,85.87286947619192,Average Seller,2,Average Seller,4.8,0.0,345.0,v1.0,2026-05-22 04:28:50.530
38e679b9e0064cd94c6f035707344dae,80.59611241380472,Average Seller,2,Average Seller,4.035714285714286,3.571428571428571,3694.51,v1.0,2026-05-22 04:28:50.530
38e6dada03429a47197d5d584d793b41,84.35707719357858,Average Seller,2,Average Seller,4.428571428571429,0.0,596.14,v1.0,2026-05-22 04:28:50.530
38f276ca6e7cc95a6d1bb55ac9e5550f,85.27840627785123,Average Seller,2,Average Seller,5.0,0.0,24.99,v1.0,2026-05-22 04:28:50.530
3903c788ded8dc03b5ebab37a2f3e9a1,67.77025702799371,Average Seller,2,Average Seller,4.0,20.0,119.98,v1.0,2026-05-22 04:28:50.530
391bbd13b6452244774beff1824006ed,30.87174420871993,Underperformer,1,Underperformer,1.0,50.0,127.8,v1.0,2026-05-22 04:28:50.530
391fc6631aebcf3004804e51b40bcf1e,82.14859994669894,Average Seller,2,Average Seller,4.020912547528517,8.555133079847907,39951.95,v1.0,2026-05-22 04:28:50.530
392353362d22cc2c236e1ee81ff19890,83.98511924997476,Average Seller,2,Average Seller,4.6,0.0,288.7,v1.0,2026-05-22 04:28:50.530
392e0502231ae2f8b29994ef6398cd77,76.70903313519386,Average Seller,2,Average Seller,4.0,10.0,1871.7,v1.0,2026-05-22 04:28:50.530
392f7f2c797e4dc077e4311bde2ab8ce,86.43298570745542,Average Seller,2,Average Seller,5.0,0.0,52.0,v1.0,2026-05-22 04:28:50.530
3935fe5fe0f82787a9dcb8deb62be09d,74.66068333932829,Average Seller,2,Average Seller,4.0,12.5,1681.69,v1.0,2026-05-22 04:28:50.530
3968920b9aa752ab98f7d5888c9252f2,73.64629889763901,Average Seller,2,Average Seller,3.875,12.5,523.3,v1.0,2026-05-22 04:28:50.530
3969863bb8af7f72580b3b1ffd3a17b3,78.09542365412729,Average Seller,2,Average Seller,4.083333333333333,0.0,623.15,v1.0,2026-05-22 04:28:50.530
397c4d0c005b6f41f90098ac724e28cb,71.79743383084443,Average Seller,2,Average Seller,4.4,40.0,8177.0,v1.0,2026-05-22 04:28:50.530
3985a3c45be355a4c57fde108bfabd1c,75.75483311142692,Average Seller,2,Average Seller,4.0,0.0,344.2,v1.0,2026-05-22 04:28:50.530
3986c0b54f6b748b75e7bd4e092aa3e5,85.27840627785123,Average Seller,2,Average Seller,5.0,0.0,24.99,v1.0,2026-05-22 04:28:50.530
398cb257329ef7af7f1943a8974a3cbc,88.08479692016489,Average Seller,2,Average Seller,5.0,0.0,145.9,v1.0,2026-05-22 04:28:50.530
39a5005f2605cbdb4f9ac14485cabfd1,90.07610108494751,Average Seller,2,Average Seller,5.0,0.0,501.07,v1.0,2026-05-22 04:28:50.530
39c763cca83e654764b7a4a650fb9b7c,72.20663882139753,Average Seller,2,Average Seller,3.8181818181818183,18.181818181818183,761.0,v1.0,2026-05-22 04:28:50.530
39d54ff918774174706fb065d7f9dc07,77.16594074426183,Average Seller,2,Average Seller,3.9130434782608696,8.695652173913043,1593.59,v1.0,2026-05-22 04:28:50.530
39d61be7a92eb77b7da367bd4845bc0e,76.9039767659403,Average Seller,2,Average Seller,4.0,0.0,700.59,v1.0,2026-05-22 04:28:50.530
39f776d2974049026ff531fc42ef2a3e,77.32474185929405,Average Seller,2,Average Seller,3.6666666666666665,0.0,1084.04,v1.0,2026-05-22 04:28:50.530
3a1a1fec38dd360f15fc912e821e169d,70.58903385011979,Average Seller,2,Average Seller,3.8666666666666667,26.666666666666668,2007.38,v1.0,2026-05-22 04:28:50.530
3a3c180dd702a725bd0ba4117689239e,68.09042590794192,Average Seller,2,Average Seller,4.0,0.0,41.9,v1.0,2026-05-22 04:28:50.530
3a3e46d10f74d8a6ca76e2b538f106a0,69.42486822164183,Average Seller,2,Average Seller,3.3333333333333335,0.0,334.9,v1.0,2026-05-22 04:28:50.530
3a4127e1ba7208ea37044c5092aae170,75.48512272200539,Average Seller,2,Average Seller,3.5,0.0,2219.6,v1.0,2026-05-22 04:28:50.530
3a490ba60afa30ece0e7d50cfe74a4f0,86.38176439651058,Average Seller,2,Average Seller,4.625,0.0,1529.2,v1.0,2026-05-22 04:28:50.530
3a52d63a8f9daf5a28f3626d7eb9bd28,43.80630508169846,Underperformer,1,Underperformer,1.0,0.0,35.0,v1.0,2026-05-22 04:28:50.530
3a734b715d333a2588a3d54a0c9b8746,78.09843218251866,Average Seller,2,Average Seller,3.9444444444444446,5.555555555555555,2463.52,v1.0,2026-05-22 04:28:50.530
3a79f35a2344ede41af21267f61d5ec6,46.475862152983396,Underperformer,1,Underperformer,1.0,0.0,186.0,v1.0,2026-05-22 04:28:50.530
3aa3c89ae3cd482385568be76120f63c,67.55878660243684,Average Seller,2,Average Seller,4.0,0.0,29.9,v1.0,2026-05-22 04:28:50.530
3ab971ce71839580d2ae5b4e40fe8044,76.85705908075786,Average Seller,2,Average Seller,3.75,5.555555555555555,5002.9,v1.0,2026-05-22 04:28:50.530
3ac588cd562971392504a9e17130c40b,84.1434249931574,Average Seller,2,Average Seller,5.0,0.0,11.9,v1.0,2026-05-22 04:28:50.530
3ade81dab5a172b88e1871c28ae05260,78.22742620171867,Average Seller,2,Average Seller,3.9,10.0,5751.6,v1.0,2026-05-22 04:28:50.530
3afc536624bc2e65bddfb5db33cc01f3,72.31045973488828,Average Seller,2,Average Seller,3.5,0.0,312.0,v1.0,2026-05-22 04:28:50.530
3b15288545f8928d3e65a8f949a28291,80.30268602683599,Average Seller,2,Average Seller,3.980769230769231,6.730769230769231,14061.79,v1.0,2026-05-22 04:28:50.530
3b18f9856c6eb2413eafedb58e9eecd9,89.32591562585523,Average Seller,2,Average Seller,5.0,0.0,315.0,v1.0,2026-05-22 04:28:50.530
3b872fd4747f01cc56206f2934198618,74.25840789178011,Average Seller,2,Average Seller,3.88,16.0,2726.74,v1.0,2026-05-22 04:28:50.530
3bb32fedaa74e4ad20f4ce067733bd31,78.5360841975191,Average Seller,2,Average Seller,4.5,0.0,103.7,v1.0,2026-05-22 04:28:50.530
3bb548e3cb7f70f28e3f11ee9dce0e59,83.93274061571914,Average Seller,2,Average Seller,4.195652173913044,0.0,7690.02,v1.0,2026-05-22 04:28:50.530
3bdff180c7e1f6551a643b99c265a120,80.22041812418543,Average Seller,2,Average Seller,4.033898305084746,1.694915254237288,3114.9,v1.0,2026-05-22 04:28:50.530
3be5841cdcc46de4ed3f9116f104b2c5,85.86643846626826,Average Seller,2,Average Seller,4.75,0.0,599.6,v1.0,2026-05-22 04:28:50.530
3be634553519fb6536a03e1358e9fdc7,78.20565689195631,Average Seller,2,Average Seller,3.9397590361445785,7.228915662650602,5370.95,v1.0,2026-05-22 04:28:50.530
3bfad056cf05c00dabe2f895925d83b1,46.645578983602476,Underperformer,1,Underperformer,1.0,0.0,206.65,v1.0,2026-05-22 04:28:50.530
3bfba5a77604f6dfae7e6dd7aaf65821,92.39194341336419,Average Seller,2,Average Seller,5.0,0.0,2095.5,v1.0,2026-05-22 04:28:50.530
3c010235b7345c92f125d14ee232a76b,87.92515889316772,Average Seller,2,Average Seller,4.666666666666667,0.0,3578.0,v1.0,2026-05-22 04:28:50.530
3c03b12bab54d8b37d79d914bfdb1aa0,73.58613430407,Average Seller,2,Average Seller,3.7567567567567566,16.216216216216218,4236.34,v1.0,2026-05-22 04:28:50.530
3c3017960b2dbd72711a61f0400aab8f,80.14281311590918,Average Seller,2,Average Seller,4.0,0.0,968.8,v1.0,2026-05-22 04:28:50.530
3c487ae8f8d7542beff5788e2e0aea83,83.08744993185624,Average Seller,2,Average Seller,4.2,3.3333333333333335,9385.7,v1.0,2026-05-22 04:28:50.530
3c4e0452bff7a2a788179488d3d77032,78.08299082533723,Average Seller,2,Average Seller,3.875,3.125,3746.4,v1.0,2026-05-22 04:28:50.530
3c7c4a49ec3c6550809089c6a2ca9370,76.48811731434395,Average Seller,2,Average Seller,3.6595744680851063,5.673758865248227,4033.64,v1.0,2026-05-22 04:28:50.530
3c88ed2e76a2247933a15daa7161eb1c,88.18218212329884,Average Seller,2,Average Seller,5.0,0.0,155.0,v1.0,2026-05-22 04:28:50.530
3ca08eeb8d5595949fed424bd3677742,84.68895614716703,Average Seller,2,Average Seller,4.428571428571429,0.0,1768.87,v1.0,2026-05-22 04:28:50.530
3cfa1358a6caa965278721344c8d76f2,89.44712168663413,Average Seller,2,Average Seller,4.8,0.0,3140.28,v1.0,2026-05-22 04:28:50.530
3d01d1c414c44b5943a09619ff3853cb,76.12236916754105,Average Seller,2,Average Seller,3.8,0.0,402.6,v1.0,2026-05-22 04:28:50.530
3d0cd21d41671c46f82cd11176bf7277,85.00547799809101,Average Seller,2,Average Seller,4.666666666666667,0.0,447.8,v1.0,2026-05-22 04:28:50.530
3d2400ac620cffa23ac81bd192f7f555,87.55607841771304,Average Seller,2,Average Seller,5.0,0.0,105.0,v1.0,2026-05-22 04:28:50.530
3d2531eccfbde1d7c8db7a3a12fb267a,78.5160298089895,Average Seller,2,Average Seller,3.9,0.0,1999.54,v1.0,2026-05-22 04:28:50.530
3d290fe363c60a77498c1126fd3fb8d3,79.9179304621966,Average Seller,2,Average Seller,4.333333333333333,0.0,198.98,v1.0,2026-05-22 04:28:50.530
3d39fbf22a665714baf62fae36029e23,88.1805141718088,Average Seller,2,Average Seller,4.75,0.0,2504.2,v1.0,2026-05-22 04:28:50.530
3d3ccf2b2f8134b10dce9dd446f0e075,60.39053827025697,Underperformer,1,Underperformer,3.3333333333333335,33.33333333333333,608.6,v1.0,2026-05-22 04:28:50.530
3d4824f20035949c710eaf111f869d39,77.4814455815979,Average Seller,2,Average Seller,4.111111111111111,11.11111111111111,1041.04,v1.0,2026-05-22 04:28:50.530
3d49bfdd1b43a7fe169b3740067acc61,82.70945762254769,Average Seller,2,Average Seller,4.666666666666667,0.0,215.0,v1.0,2026-05-22 04:28:50.530
3d4b1ae7539303b5704493798893e82c,88.31269109841105,Average Seller,2,Average Seller,4.833333333333333,0.0,1076.0,v1.0,2026-05-22 04:28:50.530
3d5d0dc7073a299e31fa718ce1bc00b6,81.77056810481264,Average Seller,2,Average Seller,4.304347826086956,4.3478260869565215,790.7,v1.0,2026-05-22 04:28:50.530
3d621842b2ed28e2b474132480edac3c,77.27475801043487,Average Seller,2,Average Seller,3.9,0.0,928.91,v1.0,2026-05-22 04:28:50.530
3d62f86afa7c73be2628a3be1423f5a0,66.15593687219203,Average Seller,2,Average Seller,4.0,0.0,12.0,v1.0,2026-05-22 04:28:50.530
3d68c634a99a1ba46dbca3967a69c623,90.35126008563623,Average Seller,2,Average Seller,5.0,0.0,594.0,v1.0,2026-05-22 04:28:50.530
3d700782d7818f2c1e0d7a9e9d75fc00,64.12617729470594,Average Seller,2,Average Seller,3.6666666666666665,33.33333333333333,149.7,v1.0,2026-05-22 04:28:50.530
3d871de0142ce09b7081e2b9d1733cb1,85.64183188624301,Top Performer,0,Top Performer,4.135185185185185,5.37037037037037,94914.2,v1.0,2026-05-22 04:28:50.530
3d8fa2f5b647373c8620330c4e077a9f,81.34867444665493,Average Seller,2,Average Seller,4.093023255813954,2.3255813953488373,3571.73,v1.0,2026-05-22 04:28:50.530
3da38366e7bd9baf6369071f782ecdf0,14.646628510759136,Underperformer,1,Underperformer,1.0,100.0,59.47,v1.0,2026-05-22 04:28:50.530
3db66a856d18a9cba7c9241fc5221c50,81.00690180440571,Average Seller,2,Average Seller,4.202127659574468,10.638297872340425,9478.3,v1.0,2026-05-22 04:28:50.530
3dbbce181edfaa4a597ec858c382d2ec,79.51607386084486,Average Seller,2,Average Seller,4.235294117647059,5.88235294117647,848.3,v1.0,2026-05-22 04:28:50.530
3dc69bf2c42f0568a5c4791ec3fd3745,76.24711823800251,Average Seller,2,Average Seller,4.0,0.0,300.0,v1.0,2026-05-22 04:28:50.530
3ded4e2d5f135cb103e5949d7263d2dd,86.36747941208174,Average Seller,2,Average Seller,5.0,0.0,49.9,v1.0,2026-05-22 04:28:50.530
3df020b72d3d44b3af9d110fa3940b65,78.79525835914541,Average Seller,2,Average Seller,4.054545454545455,9.090909090909092,5039.9,v1.0,2026-05-22 04:28:50.530
3dfd3dc96f7f8598eca74e9ac8a2fa31,72.11632425468584,Average Seller,2,Average Seller,4.0,16.666666666666664,183.0,v1.0,2026-05-22 04:28:50.530
3e35a8bb43569389d3cebef0ce820f69,86.54518106324835,Average Seller,2,Average Seller,5.0,0.0,55.8,v1.0,2026-05-22 04:28:50.530
3e46a38ee171c503c3b4a3f23fe3bf0c,86.65810949349019,Average Seller,2,Average Seller,5.0,0.0,59.9,v1.0,2026-05-22 04:28:50.530
3e51f9cbe317bc3a88f2c76583811ee4,87.04007500876814,Average Seller,2,Average Seller,5.0,0.0,76.09,v1.0,2026-05-22 04:28:50.530
3e8bd881d92466e63ba9e3e809cd3c50,71.61269855575412,Average Seller,2,Average Seller,3.7777777777777777,22.22222222222222,2242.28,v1.0,2026-05-22 04:28:50.530
3ea00e1dea2b0659dbaf654735929220,87.51730602860162,Average Seller,2,Average Seller,4.857142857142857,0.0,505.0,v1.0,2026-05-22 04:28:50.530
3ea08c48e851106d2f584349daba335f,70.33093608523448,Average Seller,2,Average Seller,4.0,0.0,170.0,v1.0,2026-05-22 04:28:50.530
3ef37b7ca6dd2b80bd8af81a62504996,81.61689933714973,Average Seller,2,Average Seller,4.5,0.0,700.0,v1.0,2026-05-22 04:28:50.530
3f0e48d209018b466fcd3bb4ccfeb520,80.59160532343506,Average Seller,2,Average Seller,3.888888888888889,0.0,5399.0,v1.0,2026-05-22 04:28:50.530
3f2af2670e104d1bcb54022274daeac5,66.15081287023935,Average Seller,2,Average Seller,3.3333333333333335,16.666666666666664,973.6,v1.0,2026-05-22 04:28:50.530
3f3486b61f45078d4f31ee5e43d8c5bb,80.71862584302697,Average Seller,2,Average Seller,4.325,10.0,3829.73,v1.0,2026-05-22 04:28:50.530
3f8034bfc6b8b4135534975d49f04c63,76.63606861242016,Average Seller,2,Average Seller,3.75,0.0,1313.9,v1.0,2026-05-22 04:28:50.530
3f8247d0f772ffa58560e5c682521ad5,62.01722853574869,Average Seller,2,Average Seller,3.0,0.0,139.9,v1.0,2026-05-22 04:28:50.530
3f84fefc07dc159b268d4a77d3e8c425,88.59766983317206,Average Seller,2,Average Seller,5.0,0.0,200.6,v1.0,2026-05-22 04:28:50.530
3f995f07c49d0d55a99d5c54957f7d81,82.2117476195316,Average Seller,2,Average Seller,4.209302325581396,2.3255813953488373,3955.7,v1.0,2026-05-22 04:28:50.530
3f9be91358837bff69df67edfa3e42e8,84.28369807908432,Average Seller,2,Average Seller,4.428571428571429,0.0,569.7,v1.0,2026-05-22 04:28:50.530
3f9c56764fabca627406093dcb3ef0b4,85.89736687507809,Average Seller,2,Average Seller,4.714285714285714,0.0,909.3,v1.0,2026-05-22 04:28:50.530
3fac58ce0ad699020c7944d53c41329c,82.74879654763865,Average Seller,2,Average Seller,4.4,0.0,1244.95,v1.0,2026-05-22 04:28:50.530
3fadb4cba4c35bce6a7eaf9872d5623a,68.66766613087295,Average Seller,2,Average Seller,3.3333333333333335,0.0,209.5,v1.0,2026-05-22 04:28:50.530
3faf68a3b0af94b10bac70d86077be49,83.93287204602987,Average Seller,2,Average Seller,4.571428571428571,0.0,1322.93,v1.0,2026-05-22 04:28:50.530
3fd1e727ba94cfe122d165e176ce7967,72.59408525022187,Average Seller,2,Average Seller,3.7837837837837838,18.91891891891892,2805.2,v1.0,2026-05-22 04:28:50.530
3fe7120d6257285ac6a3ce7cb071ccec,66.59267915022699,Average Seller,2,Average Seller,3.5,0.0,199.98,v1.0,2026-05-22 04:28:50.530
3febca52652e7209509ccfe61cbde40e,53.198340237567486,Underperformer,1,Underperformer,2.0,0.0,84.0,v1.0,2026-05-22 04:28:50.530
3fefda3299e6dfaea3466ef346a3571a,70.66381290602833,Average Seller,2,Average Seller,4.0,0.0,209.0,v1.0,2026-05-22 04:28:50.530
4003520d80d0bad1d5623f7aa3c63cda,44.90673615984348,Underperformer,1,Underperformer,1.0,0.0,70.0,v1.0,2026-05-22 04:28:50.530
400f221ab83037c0ea78f1267da9624d,48.95938935752623,Underperformer,1,Underperformer,1.0,0.0,865.0,v1.0,2026-05-22 04:28:50.530
402916f742e5c740cc751493d9cf5053,85.55793879242516,Average Seller,2,Average Seller,4.666666666666667,0.0,1252.0,v1.0,2026-05-22 04:28:50.530
403aa86912527d730337ffcb0fb096ab,78.20010843681196,Average Seller,2,Average Seller,3.727272727272727,0.0,8959.89,v1.0,2026-05-22 04:28:50.530
4049512728d969bec69f84088b012416,89.670316011713,Average Seller,2,Average Seller,5.0,0.0,389.84,v1.0,2026-05-22 04:28:50.530
404e1ba01358af4cd63f679b2c4d1fa1,89.60284924956017,Average Seller,2,Average Seller,5.0,0.0,373.9,v1.0,2026-05-22 04:28:50.530
40536e7ca18e1bce252828e5876466cc,47.95168272413839,Underperformer,1,Underperformer,1.0,0.0,463.96,v1.0,2026-05-22 04:28:50.530
406740ee611378a662d274c7d8c43c4a,80.88675710348963,Average Seller,2,Average Seller,4.375,12.5,1790.0,v1.0,2026-05-22 04:28:50.530
406822777a0b9eb5c50e442dd4cd3ec5,80.17880102232682,Average Seller,2,Average Seller,4.222222222222222,11.11111111111111,3648.08,v1.0,2026-05-22 04:28:50.530
4091f77d8c768fc3e81c20761471761d,55.81719813965804,Underperformer,1,Underperformer,2.75,25.0,1079.0,v1.0,2026-05-22 04:28:50.530
40d54b51e962dbe09cabbcfd33298dee,82.62857932377969,Average Seller,2,Average Seller,4.0,0.0,6785.56,v1.0,2026-05-22 04:28:50.530
40db9e9aa57f7bb151bcda6b0f9bdbb7,64.28474115026378,Underperformer,1,Underperformer,2.25,8.333333333333332,23168.0,v1.0,2026-05-22 04:28:50.530
40ec8ab6cdafbcc4f544da38c67da39a,87.74079411744835,Average Seller,2,Average Seller,5.0,0.0,117.8,v1.0,2026-05-22 04:28:50.530
411f3b52d857390502ee4e4d5ceabc2d,75.76842996085769,Average Seller,2,Average Seller,3.9047619047619047,9.523809523809524,1804.01,v1.0,2026-05-22 04:28:50.530
4125d9385a25e82d2f72d3a0fd55bc3f,86.12776120689229,Average Seller,2,Average Seller,5.0,0.0,42.9,v1.0,2026-05-22 04:28:50.530
412a4720f3e9431b4afa1476a1acddbe,80.07706360699912,Average Seller,2,Average Seller,4.238095238095238,4.761904761904762,2058.1,v1.0,2026-05-22 04:28:50.530
4170f6a9367e6b5d6401d03ce6d54569,72.28108398995656,Average Seller,2,Average Seller,4.0,25.0,568.78,v1.0,2026-05-22 04:28:50.530
417a1e6c7321084d2a0ae0d023cfad93,86.33532993902341,Average Seller,2,Average Seller,5.0,0.0,48.9,v1.0,2026-05-22 04:28:50.530
41958cbd3335433c8740300e8cd600d5,85.7132158075951,Average Seller,2,Average Seller,5.0,0.0,32.99,v1.0,2026-05-22 04:28:50.530
41ab63a91b8b264e8c8780368bf1dd5b,83.39041725448362,Average Seller,2,Average Seller,4.25,0.0,2571.95,v1.0,2026-05-22 04:28:50.530
41b14765bd56c8ad10971074380f9c0c,85.44361203220394,Average Seller,2,Average Seller,4.625,0.0,395.5,v1.0,2026-05-22 04:28:50.530
41b39e28db005d9731d9d485a83b4c38,83.20927055324798,Average Seller,2,Average Seller,4.087179487179487,4.615384615384616,17112.55,v1.0,2026-05-22 04:28:50.530
41b86b552e54e3a7009596125aa8b167,83.35028605856905,Average Seller,2,Average Seller,4.3,0.0,1595.3,v1.0,2026-05-22 04:28:50.530
41c2bad7229b0c25e6becf179ebf63ff,89.89614253397265,Average Seller,2,Average Seller,4.95,0.0,782.0,v1.0,2026-05-22 04:28:50.530
41c9d3997dd3c072c31139dc5bb5761f,79.19217559363727,Average Seller,2,Average Seller,4.333333333333333,0.0,998.8,v1.0,2026-05-22 04:28:50.530
41da412d33e8da4f22baf55cb1bde82c,85.62212216643596,Average Seller,2,Average Seller,4.666666666666667,0.0,862.9,v1.0,2026-05-22 04:28:50.530
41e0fa5761c886a630994a55c12087e7,89.80455506691581,Average Seller,2,Average Seller,5.0,0.0,423.6,v1.0,2026-05-22 04:28:50.530
4200ddf1967c5e41e48db62bc6d4b5ac,77.2408572006003,Average Seller,2,Average Seller,4.0,4.545454545454546,734.8,v1.0,2026-05-22 04:28:50.530
4221a7df464f1fe2955934e30ff3a5a1,87.33012629076917,Average Seller,2,Average Seller,4.8,0.0,849.5,v1.0,2026-05-22 04:28:50.530
422be4cc81a457fdb46f47edeb968ae5,88.8862358756016,Average Seller,2,Average Seller,5.0,0.0,239.9,v1.0,2026-05-22 04:28:50.530
427165bf50f8ca07efc7bdc2bfcf1688,53.55858793771912,Underperformer,1,Underperformer,3.2,60.0,1603.5,v1.0,2026-05-22 04:28:50.530
42b6488f5b8246d9141712abd4b1b693,75.93975507073819,Average Seller,2,Average Seller,4.0,0.0,247.99,v1.0,2026-05-22 04:28:50.530
42b729f859728f5079499127a9c2ef37,84.00575435732378,Average Seller,2,Average Seller,4.451923076923077,7.6923076923076925,4118.86,v1.0,2026-05-22 04:28:50.530
42bde9fef835393bb8a8849cb6b7f245,83.70069022082558,Average Seller,2,Average Seller,4.257142857142857,2.857142857142857,7703.0,v1.0,2026-05-22 04:28:50.530
42d4b7e70819438f5ada61c965e92d7e,44.35790137266222,Underperformer,1,Underperformer,1.0,0.0,49.6,v1.0,2026-05-22 04:28:50.530
42ef3192a9ff87a22d1867b74b3ee205,87.16311167475438,Average Seller,2,Average Seller,4.6521739130434785,0.0,1354.09,v1.0,2026-05-22 04:28:50.530
42fa4ee7240e9b8eb4576358ec142ba7,88.9208211633109,Average Seller,2,Average Seller,4.7272727272727275,0.0,3845.7,v1.0,2026-05-22 04:28:50.530
42fb44130ac3134cde8e35cf8ec7df25,72.7309433409615,Average Seller,2,Average Seller,3.6666666666666665,0.0,62.7,v1.0,2026-05-22 04:28:50.530
430315b7bb4b6e4b3c978f9dfa9b0558,77.93579643859756,Average Seller,2,Average Seller,3.8,5.0,3118.4,v1.0,2026-05-22 04:28:50.530
4305fe92735c8a43d154ff6dd2b8d927,79.75239898170547,Average Seller,2,Average Seller,3.9473684210526314,0.0,2885.9,v1.0,2026-05-22 04:28:50.530
431050a06a317f2b38168dec3dcd2b46,81.6706566506804,Average Seller,2,Average Seller,4.25,0.0,1487.8,v1.0,2026-05-22 04:28:50.530
431af27f296bc6519d890aa5a05fdb11,76.31941569093044,Average Seller,2,Average Seller,3.752136752136752,13.675213675213676,13109.5,v1.0,2026-05-22 04:28:50.530
4324dd16853115efb0fd9d0d131ba6f4,77.27656083082935,Average Seller,2,Average Seller,4.083333333333333,8.333333333333332,1052.25,v1.0,2026-05-22 04:28:50.530
432c37c9dfba871172ec162e20118b8c,78.86924770701852,Average Seller,2,Average Seller,4.108695652173913,8.695652173913043,2968.87,v1.0,2026-05-22 04:28:50.530
432c67955c0acd1fd6b0b5d678766a71,63.42176863298654,Underperformer,1,Underperformer,2.3333333333333335,0.0,1151.0,v1.0,2026-05-22 04:28:50.530
43402bdf22aa2310e8f99e2f94f78628,60.496876989771486,Underperformer,1,Underperformer,2.5,0.0,649.95,v1.0,2026-05-22 04:28:50.530
4342d4b2ba6b161468c63a7e7cfce593,51.89970766200992,Underperformer,1,Underperformer,1.25,5.0,2867.1,v1.0,2026-05-22 04:28:50.530
436bf27f2f18474fc6047702e9f8a866,85.55878660243683,Average Seller,2,Average Seller,5.0,0.0,29.9,v1.0,2026-05-22 04:28:50.530
4371b634e0efc0e22b09b52907d9d469,85.0909945675203,Average Seller,2,Average Seller,4.411764705882353,6.862745098039216,8194.0,v1.0,2026-05-22 04:28:50.530
43753b27d77860f1654aa72e251a7878,85.20898691617424,Average Seller,2,Average Seller,5.0,0.0,23.9,v1.0,2026-05-22 04:28:50.530
4391ea5c5990502176a1dcda44a2373d,86.57689199227569,Average Seller,2,Average Seller,4.666666666666667,0.0,2349.0,v1.0,2026-05-22 04:28:50.530
439a47cc365d6e3bd526812ea9de3c29,81.7209452651247,Average Seller,2,Average Seller,4.25,0.0,1186.5,v1.0,2026-05-22 04:28:50.530
43a1d4bab73b816e44ef4e4facd9f9b5,70.50930654282894,Average Seller,2,Average Seller,4.0,0.0,189.9,v1.0,2026-05-22 04:28:50.530
43a5d4a57af536fddc96d08be3afdfcb,45.01700184456649,Underperformer,1,Underperformer,1.0,0.0,75.0,v1.0,2026-05-22 04:28:50.530
43b2c864251aa0ce4030c746984e088a,66.39214427683109,Average Seller,2,Average Seller,3.0,0.0,94.8,v1.0,2026-05-22 04:28:50.530
43f8c9950d11ecd03a0304a49e010da6,86.1225047531204,Average Seller,2,Average Seller,4.560975609756097,4.878048780487805,4249.59,v1.0,2026-05-22 04:28:50.530
44073f8b7e41514de3b7815dd0237f4f,79.62073682424871,Average Seller,2,Average Seller,3.75,3.4722222222222223,18729.64,v1.0,2026-05-22 04:28:50.530
440dd6ab244315c632130ecfb63827b1,76.83742148026431,Average Seller,2,Average Seller,3.8191489361702127,12.76595744680851,13696.9,v1.0,2026-05-22 04:28:50.530
443d880f15cbd3572885e1d44bf2c478,53.392144276831075,Underperformer,1,Underperformer,2.0,0.0,94.8,v1.0,2026-05-22 04:28:50.530
4450bd8327d471c4a11a83d1445b1b62,88.58475916499354,Average Seller,2,Average Seller,5.0,0.0,199.0,v1.0,2026-05-22 04:28:50.530
446cc09cdbb130904da114e807dbec40,82.97075722246187,Average Seller,2,Average Seller,4.666666666666667,0.0,252.8,v1.0,2026-05-22 04:28:50.530
44717f64ec2a457979cf83c429077666,87.58636491229007,Average Seller,2,Average Seller,5.0,0.0,107.0,v1.0,2026-05-22 04:28:50.530
447d377bdb757058acb569025ee18a93,86.78816945776268,Average Seller,2,Average Seller,5.0,0.0,64.99,v1.0,2026-05-22 04:28:50.530
44ed138eca6214d572ce1d813fb0049b,78.8965866212008,Average Seller,2,Average Seller,4.5,0.0,129.79,v1.0,2026-05-22 04:28:50.530
44f091b5abab8018f682fce8124b85e5,53.70081825410633,Underperformer,1,Underperformer,2.5,33.33333333333333,1680.1,v1.0,2026-05-22 04:28:50.530
45213867cefbf2cd4c6177e10216a951,76.78605593103197,Average Seller,2,Average Seller,3.857142857142857,7.142857142857142,4955.42,v1.0,2026-05-22 04:28:50.530
4559697a8f7e637227c2eeaed843baff,79.02533699473042,Average Seller,2,Average Seller,4.0476190476190474,7.142857142857142,3696.0,v1.0,2026-05-22 04:28:50.530
455befea1bb853c75ccbca94cff26e5c,58.93220793285698,Average Seller,2,Average Seller,3.0,0.0,19.99,v1.0,2026-05-22 04:28:50.530
455c5640e8c5bd1b2ee85c0158f85727,86.53180616943612,Average Seller,2,Average Seller,4.5,0.0,6729.5,v1.0,2026-05-22 04:28:50.530
455f46ef09a9e45667e2981df84b5cc2,56.65544674797136,Underperformer,1,Underperformer,2.5,0.0,59.8,v1.0,2026-05-22 04:28:50.530
457fe919b032a3f7dadba6fb92cf7855,87.35558160661847,Average Seller,2,Average Seller,4.777777777777778,0.0,1104.89,v1.0,2026-05-22 04:28:50.530
458c6fa920810ce2492da71bc26d9eec,60.743052457462724,Underperformer,1,Underperformer,2.5,0.0,756.76,v1.0,2026-05-22 04:28:50.530
458d868c9642f55f18f04e951a3fdde6,92.81320798804593,Average Seller,2,Average Seller,5.0,0.0,2718.0,v1.0,2026-05-22 04:28:50.530
45a3d05fb00435e52a28859dd03703b3,91.61760332692793,Average Seller,2,Average Seller,5.0,0.0,1299.0,v1.0,2026-05-22 04:28:50.530
45ba18c210d42734ec52c0c1c574e9ee,78.61258511736085,Average Seller,2,Average Seller,3.8684210526315788,5.263157894736842,5589.13,v1.0,2026-05-22 04:28:50.530
45c20d94d9171b0bcfab3c955e47d67b,81.39249327936002,Average Seller,2,Average Seller,4.5,0.0,129.46,v1.0,2026-05-22 04:28:50.530
45d33f715e24d15a6ccf5c17b3a23e3c,80.28965860192159,Average Seller,2,Average Seller,4.016949152542373,5.084745762711865,4838.23,v1.0,2026-05-22 04:28:50.530
461ff5303b6c9c1a4a07f40c5aece516,73.52053436335872,Average Seller,2,Average Seller,3.6666666666666665,0.0,102.7,v1.0,2026-05-22 04:28:50.530
466222e777149751370e7e98fb623b0c,87.27102744670361,Average Seller,2,Average Seller,5.0,0.0,87.9,v1.0,2026-05-22 04:28:50.530
4677a5437afda5fa7140b927b07be1cc,79.91057056701784,Average Seller,2,Average Seller,4.363636363636363,9.090909090909092,3415.7,v1.0,2026-05-22 04:28:50.530
46dc3b2cc0980fb8ec44634e21d2718e,86.99030906516995,Top Performer,0,Top Performer,4.1708253358925145,5.566218809980806,128111.19,v1.0,2026-05-22 04:28:50.530
46ef1a25845fc051c2998d878354810c,78.15542696864209,Average Seller,2,Average Seller,4.4,0.0,250.41,v1.0,2026-05-22 04:28:50.530
4736e9d642ef4257cd7622516931eb51,79.94200309418113,Average Seller,2,Average Seller,4.125,0.0,1078.87,v1.0,2026-05-22 04:28:50.530
47648caee88ccfe951fbb27fbf7b4cbe,67.91922489757984,Average Seller,2,Average Seller,3.6666666666666665,33.33333333333333,1564.99,v1.0,2026-05-22 04:28:50.530
478bfe564db21eeb44386606aa30b650,82.44701367073377,Average Seller,2,Average Seller,4.666666666666667,0.0,182.7,v1.0,2026-05-22 04:28:50.530
47efca563408aae19bb7206c2d969ea9,81.19198591498726,Average Seller,2,Average Seller,4.083333333333333,0.0,2522.0,v1.0,2026-05-22 04:28:50.530
47f55702f598c7c6cc8458b0fbc1c49a,66.86796586200145,Average Seller,2,Average Seller,3.0,0.0,127.5,v1.0,2026-05-22 04:28:50.530
48162d548f5b1b11b9d29d1e01f75a61,82.26378540616443,Average Seller,2,Average Seller,3.8970588235294117,1.4705882352941175,20510.14,v1.0,2026-05-22 04:28:50.530
4830e40640734fc1c52cd21127c341d4,82.34555371239256,Average Seller,2,Average Seller,4.133333333333334,4.761904761904762,9843.47,v1.0,2026-05-22 04:28:50.530
48328ec9a579151d9cc6a86d4a59336c,57.346928887262195,Underperformer,1,Underperformer,2.0,0.0,1099.0,v1.0,2026-05-22 04:28:50.530
483ca627d131e18f988349b1655c0acd,89.04072622456577,Average Seller,2,Average Seller,5.0,0.0,264.0,v1.0,2026-05-22 04:28:50.530
48436dade18ac8b2bce089ec2a041202,80.55950280415371,Average Seller,2,Average Seller,4.0144927536231885,7.246376811594203,12271.71,v1.0,2026-05-22 04:28:50.530
485452467ff670447e84a8370c3fc898,82.38406478865558,Average Seller,2,Average Seller,4.666666666666667,0.0,175.7,v1.0,2026-05-22 04:28:50.530
4867209cb29b56b92893d7bde3ce8012,70.12939959663018,Average Seller,2,Average Seller,4.0,0.0,150.0,v1.0,2026-05-22 04:28:50.530
4869f7a5dfa277a7dca6462dcf3b52b2,85.79151943462897,Top Performer,0,Top Performer,4.122791519434629,10.424028268551238,229472.63,v1.0,2026-05-22 04:28:50.530
48985c61529077fa4f1e38bcff0f2ed3,80.70021177909898,Average Seller,2,Average Seller,4.428571428571429,0.0,879.3,v1.0,2026-05-22 04:28:50.530
48b6c3f4c6a93171da04b75313f2130f,89.19382085875131,Average Seller,2,Average Seller,5.0,0.0,290.26,v1.0,2026-05-22 04:28:50.530
48bad451945f5227341793478d6353ea,64.61770103444356,Average Seller,2,Average Seller,4.0,33.33333333333333,307.0,v1.0,2026-05-22 04:28:50.530
48e5ee06fb2dc74df1c711a9b6dfac2a,86.57905575245543,Average Seller,2,Average Seller,5.0,0.0,57.0,v1.0,2026-05-22 04:28:50.530
48e954b2da4f6a750c844173b347ed40,80.70298372852385,Average Seller,2,Average Seller,4.5,0.0,397.8,v1.0,2026-05-22 04:28:50.530
48efc9d94a9834137efd9ea76b065a38,89.47567677741434,Average Seller,2,Average Seller,5.0,0.0,345.6,v1.0,2026-05-22 04:28:50.530
48fb026ed7455a42f5d3e9390ed5088e,62.24348398704576,Underperformer,1,Underperformer,2.6363636363636362,0.0,555.71,v1.0,2026-05-22 04:28:50.530
49067458c68f7701fd334ce326accbe0,72.21064533585923,Average Seller,2,Average Seller,3.3529411764705883,0.0,1047.65,v1.0,2026-05-22 04:28:50.530
4917cee8d902e13428c3ec4b1ca6f315,80.9620983472762,Average Seller,2,Average Seller,4.0606060606060606,3.0303030303030303,5421.9,v1.0,2026-05-22 04:28:50.530
491a5ada3aa1678414e990262c4bbdc1,71.88432522853299,Average Seller,2,Average Seller,3.0,0.0,2840.0,v1.0,2026-05-22 04:28:50.530
49383af7ab774e4e8f3000f49c83dc4b,81.77170131292067,Average Seller,2,Average Seller,4.375,0.0,660.0,v1.0,2026-05-22 04:28:50.530
4965a7002cca77301c82d3f91b82e1a9,83.64601725730778,Average Seller,2,Average Seller,5.0,0.0,8.49,v1.0,2026-05-22 04:28:50.530
497709c2976a8fa308730a2dec5b0726,87.03818228059498,Average Seller,2,Average Seller,5.0,0.0,76.0,v1.0,2026-05-22 04:28:50.530
4978a02ea9c8be7a9b5480680f40334e,74.91546379850642,Average Seller,2,Average Seller,3.5555555555555554,0.0,2356.61,v1.0,2026-05-22 04:28:50.530
499185655c29ecfdbfe776ef7cf875b5,69.2909528885512,Average Seller,2,Average Seller,4.0,0.0,89.0,v1.0,2026-05-22 04:28:50.530
4992e76a42cb3aad7a7047e0d3d7e729,77.98768065165359,Average Seller,2,Average Seller,3.912280701754386,5.263157894736842,2211.1,v1.0,2026-05-22 04:28:50.530
499ec63c58e51296c9cf57edcfe1c8a8,85.96392041111875,Average Seller,2,Average Seller,4.8,0.0,365.0,v1.0,2026-05-22 04:28:50.530
49cdc90518a4f82676b38b3c1aa43ff6,76.29263419786602,Average Seller,2,Average Seller,3.8,0.0,1539.5,v1.0,2026-05-22 04:28:50.530
49e7217cfe4e427191c378ec626d8737,78.35917201169306,Average Seller,2,Average Seller,3.8461538461538463,0.0,3002.7,v1.0,2026-05-22 04:28:50.530
49f8d2ea7b718d0ce587d34207caf2b4,88.12832620786382,Average Seller,2,Average Seller,5.0,0.0,149.9,v1.0,2026-05-22 04:28:50.530
4a1917ef994878940e1fb03eeb787ad7,64.7669098802676,Average Seller,2,Average Seller,3.0,0.0,768.0,v1.0,2026-05-22 04:28:50.530
4a1f694197d05fe70026b016a7316b41,84.03749841703102,Average Seller,2,Average Seller,4.571428571428571,7.142857142857142,907.77,v1.0,2026-05-22 04:28:50.530
4a23adac87cf538689fa600d976f78b2,77.73197560052417,Average Seller,2,Average Seller,4.333333333333333,0.0,405.0,v1.0,2026-05-22 04:28:50.530
4a3ca9315b744ce9f8e9374361493884,82.133253189929,Top Performer,0,Top Performer,3.8045404208194906,9.523809523809524,200472.92,v1.0,2026-05-22 04:28:50.530
4a3ccda38b2129705f3fb522db62ca31,80.60733071481675,Average Seller,2,Average Seller,3.878787878787879,6.0606060606060606,17062.59,v1.0,2026-05-22 04:28:50.530
4a5b36211b1f51bf7eaa5c10a57fa483,88.00904324671049,Average Seller,2,Average Seller,5.0,0.0,139.19,v1.0,2026-05-22 04:28:50.530
4a82168aaef173cbb6e46ae88728f919,77.11099591582611,Average Seller,2,Average Seller,4.0,0.0,512.0,v1.0,2026-05-22 04:28:50.530
4a82c4af97ffc0fb2dc26bfdc03b1842,88.06034778258176,Average Seller,2,Average Seller,5.0,0.0,143.7,v1.0,2026-05-22 04:28:50.530
4aba391bc3b88717ce08eb11e44937b2,76.68489741393468,Average Seller,2,Average Seller,3.896551724137931,13.793103448275861,7595.87,v1.0,2026-05-22 04:28:50.530
4aba6a02a788d3ec81c03137144d9a80,87.30707521344735,Average Seller,2,Average Seller,5.0,0.0,89.9,v1.0,2026-05-22 04:28:50.530
4b0fdb526525f9890eb145bf1534640e,81.18000635823364,Average Seller,2,Average Seller,4.055555555555555,0.0,2419.0,v1.0,2026-05-22 04:28:50.530
4b1eaadf791bdbbad8c4a35b65236d52,55.689964599626926,Underperformer,1,Underperformer,2.0,12.5,1849.79,v1.0,2026-05-22 04:28:50.530
4b39558c138930b9e5489c93b6df5fe3,84.84353748169026,Average Seller,2,Average Seller,4.5,0.0,1096.7,v1.0,2026-05-22 04:28:50.530
4b5f66b7adcf57f1ecc0d3c07dd6b177,82.02194423064438,Average Seller,2,Average Seller,4.130434782608695,4.3478260869565215,6381.78,v1.0,2026-05-22 04:28:50.530
4b90495391ac0bd181a80a459df1e718,70.9398201435422,Average Seller,2,Average Seller,4.0,0.0,248.0,v1.0,2026-05-22 04:28:50.530
4b9750c8ad28220fe6702d4ecb7c898f,85.2543538353776,Average Seller,2,Average Seller,4.362385321100917,5.963302752293578,15915.3,v1.0,2026-05-22 04:28:50.530
4b98b0428fc1932cc2514ef9ce2505e6,32.389414870745085,Underperformer,1,Underperformer,1.0,50.0,327.63,v1.0,2026-05-22 04:28:50.530
4ba52dfeba874da5b9ee7b17c7494f04,80.35556037708854,Average Seller,2,Average Seller,4.363636363636363,9.090909090909092,1463.0,v1.0,2026-05-22 04:28:50.530
4bc3d93e4a5f88a598d3d8ce4ae510b3,46.32143294782511,Underperformer,1,Underperformer,1.0,0.0,169.0,v1.0,2026-05-22 04:28:50.530
4bcec44888b30ba9001234c534716d3f,82.88589952672906,Average Seller,2,Average Seller,4.6,0.0,146.0,v1.0,2026-05-22 04:28:50.530
4bde6149c15cf7e177b36fa060dd6de8,88.23128528357213,Average Seller,2,Average Seller,5.0,0.0,159.8,v1.0,2026-05-22 04:28:50.530
4be2e7f96b4fd749d52dff41f80e39dd,47.05896597009088,Underperformer,1,Underperformer,1.0,0.0,267.0,v1.0,2026-05-22 04:28:50.530
4be6b962d83299498bae2190f95d6566,72.4644936133987,Average Seller,2,Average Seller,3.8181818181818183,9.090909090909092,508.8,v1.0,2026-05-22 04:28:50.530
4be9ae93c4fc0f41713d71a4194ee1b3,87.62929856006623,Average Seller,2,Average Seller,5.0,0.0,109.9,v1.0,2026-05-22 04:28:50.530
4bf2f4ee540798a61f9636d12cd9cc80,81.73015954548684,Average Seller,2,Average Seller,4.137931034482759,0.0,4995.56,v1.0,2026-05-22 04:28:50.530
4bf658053d453036c70976bccb2c31b2,83.0936600272427,Average Seller,2,Average Seller,4.5,0.0,1742.99,v1.0,2026-05-22 04:28:50.530
4bfc7a4a1cf8d4d2121c27422d9e50b5,87.81774793708394,Average Seller,2,Average Seller,4.538461538461538,3.8461538461538463,8124.4,v1.0,2026-05-22 04:28:50.530
4c03b9dd4c11ee2cb35c96c49efc9420,82.13190841874189,Average Seller,2,Average Seller,4.0625,2.083333333333333,6458.6,v1.0,2026-05-22 04:28:50.530
4c18691b6037662be2df78a765d98ab5,76.916636833673,Average Seller,2,Average Seller,3.873015873015873,6.349206349206349,3195.52,v1.0,2026-05-22 04:28:50.530
4c1c7281388a33dd06daac44f9fadbd1,84.89584035176145,Average Seller,2,Average Seller,4.8,0.0,188.32,v1.0,2026-05-22 04:28:50.530
4c2b230173bb36f9b240f2b8ac11786e,79.73499266650248,Average Seller,2,Average Seller,3.9348659003831417,9.195402298850574,14592.27,v1.0,2026-05-22 04:28:50.530
4c498c7345e89aebad651544829beca0,81.1994230612933,Average Seller,2,Average Seller,4.291666666666667,10.416666666666668,4819.76,v1.0,2026-05-22 04:28:50.530
4c4d546adf3c3868fe19c9ec6e9ffda9,74.65538592601582,Average Seller,2,Average Seller,4.0,0.0,111.7,v1.0,2026-05-22 04:28:50.530
4c60877808f4318ef1107fbeb8f89afa,74.7435195685259,Average Seller,2,Average Seller,4.0,0.0,118.0,v1.0,2026-05-22 04:28:50.530
4c61e37f664c3c88aff092aa5ac779d7,69.38057620424067,Average Seller,2,Average Seller,3.5714285714285716,14.285714285714285,788.31,v1.0,2026-05-22 04:28:50.530
4c8545742faaf58fafd5fd14d25d75cf,86.4838619620983,Average Seller,2,Average Seller,4.5,0.0,3020.0,v1.0,2026-05-22 04:28:50.530
4c8b8048e33af2bf94f2eb547746a916,66.42005831090006,Average Seller,2,Average Seller,2.9565217391304346,8.695652173913043,2020.73,v1.0,2026-05-22 04:28:50.530
4cc43a222a0f94910728b62b97a8c5f8,61.60871396018571,Average Seller,2,Average Seller,3.0,0.0,108.5,v1.0,2026-05-22 04:28:50.530
4cc4fd4fdd406a85bbdc1f824b731bd7,90.19704327304765,Average Seller,2,Average Seller,5.0,0.0,539.98,v1.0,2026-05-22 04:28:50.530
4ce6e5f6c52515177e18c1c9361d8677,62.794216581743065,Average Seller,2,Average Seller,3.0,0.0,226.6,v1.0,2026-05-22 04:28:50.530
4ce8b55b4bfa4659184e7becc1fba3f2,67.58475916499356,Average Seller,2,Average Seller,3.0,0.0,199.0,v1.0,2026-05-22 04:28:50.530
4cf490a58259286ada5ba8525ba9e84a,70.31078116347845,Average Seller,2,Average Seller,3.125,0.0,1254.2,v1.0,2026-05-22 04:28:50.530
4d0041cdbe51b4617d95c70b19decc74,86.12502931038858,Average Seller,2,Average Seller,4.5,0.0,5235.2,v1.0,2026-05-22 04:28:50.530
4d232b78ab7ef10393dc3807d827bc0d,81.02333268291112,Average Seller,2,Average Seller,4.4,0.0,1475.0,v1.0,2026-05-22 04:28:50.530
4d600e08ecbe08258c79e536c5a42fee,83.11736138153395,Average Seller,2,Average Seller,4.0,0.0,4465.34,v1.0,2026-05-22 04:28:50.530
4d6d651bd7684af3fffabd5f08d12e5a,85.74232354703003,Average Seller,2,Average Seller,4.184281842818428,3.7940379403794036,43587.4,v1.0,2026-05-22 04:28:50.530
4d6fb82c629c7a5028bfd973c07b05e0,55.1241414225639,Underperformer,1,Underperformer,2.0,0.0,278.0,v1.0,2026-05-22 04:28:50.530
4d8809767a5bafe22909c77951fb6b41,86.37065955104875,Average Seller,2,Average Seller,5.0,0.0,50.0,v1.0,2026-05-22 04:28:50.530
4d9fea3499bdc22aa4da4e339365f215,88.53156024790552,Average Seller,2,Average Seller,5.0,0.0,192.54,v1.0,2026-05-22 04:28:50.530
4da0e408c99d2fdc2126dc9fce518060,84.39616771407631,Average Seller,2,Average Seller,4.409090909090909,0.0,3026.0,v1.0,2026-05-22 04:28:50.530
4dab98ca6cd6d3df586203cefd28a042,88.1811431490513,Average Seller,2,Average Seller,5.0,0.0,154.9,v1.0,2026-05-22 04:28:50.530
4dbd95a08b31ede5c82d3f861cb1ce1a,74.6246548750581,Average Seller,2,Average Seller,3.5,0.0,1304.67,v1.0,2026-05-22 04:28:50.530
4dc2e811a1760953cb7c6a590b498943,88.37763327355671,Average Seller,2,Average Seller,5.0,0.0,175.0,v1.0,2026-05-22 04:28:50.530
4dc646b9b9e8e411ef48ba000ea3ac6f,56.190702578323645,Underperformer,1,Underperformer,2.75,25.0,289.7,v1.0,2026-05-22 04:28:50.530
4ddeb3e828550cddc8d45c8bc36ab2d1,88.15071938164036,Average Seller,2,Average Seller,5.0,0.0,152.0,v1.0,2026-05-22 04:28:50.530
4de6e4ba574aa9dfdc824bc44dc47fdd,76.7633799824404,Average Seller,2,Average Seller,4.071428571428571,7.142857142857142,451.1,v1.0,2026-05-22 04:28:50.530
4deebb3199eeafb282ae33229144f94b,72.79137608600993,Average Seller,2,Average Seller,4.0,25.0,779.7,v1.0,2026-05-22 04:28:50.530
4e06067cc08b3f41d837768d392c3ee3,79.61305491802678,Average Seller,2,Average Seller,4.129032258064516,3.225806451612903,941.72,v1.0,2026-05-22 04:28:50.530
4e0d109ccfba9a1151c103049880c857,68.13508050476875,Average Seller,2,Average Seller,3.0,0.0,279.89,v1.0,2026-05-22 04:28:50.530
4e17c65a516f69d023a2ae78b84f28d6,84.0609993584396,Average Seller,2,Average Seller,4.229508196721311,4.918032786885246,7639.26,v1.0,2026-05-22 04:28:50.530
4e2627090e6e5b9fabba883a37897683,46.5888048107497,Underperformer,1,Underperformer,1.0,0.0,199.5,v1.0,2026-05-22 04:28:50.530
4e326052e5dbba8adcd512f3450a307e,62.28454958840594,Underperformer,1,Underperformer,2.3333333333333335,0.0,570.0,v1.0,2026-05-22 04:28:50.530
4e42581f08e8cfc7c090f930bac4552a,37.430165620659594,Underperformer,1,Underperformer,1.0,33.33333333333333,336.0,v1.0,2026-05-22 04:28:50.530
4e480be820e37de1444325ff358c9296,89.82992274923748,Average Seller,2,Average Seller,5.0,0.0,430.3,v1.0,2026-05-22 04:28:50.530
4e5725ba188db8252977a4f0227bd462,67.71374612617691,Average Seller,2,Average Seller,3.409090909090909,22.727272727272727,1930.59,v1.0,2026-05-22 04:28:50.530
4e6015589b781adaa5ce7f1892d06bb1,69.91282193999135,Average Seller,2,Average Seller,3.6666666666666665,0.0,684.0,v1.0,2026-05-22 04:28:50.530
4e7c18b98d84e05cbae3ff0ff03846c2,83.56499879187031,Average Seller,2,Average Seller,4.146341463414634,3.6585365853658534,9177.9,v1.0,2026-05-22 04:28:50.530
4e85b538b0dad58852641540686d0e14,59.5504954215438,Average Seller,2,Average Seller,3.75,50.0,361.98,v1.0,2026-05-22 04:28:50.530
4e8dacf3d38f281ae26c3e0321d92d88,64.16908128033938,Underperformer,1,Underperformer,2.8,10.0,2644.95,v1.0,2026-05-22 04:28:50.530
4e922959ae960d389249c378d1c939f5,81.6256478622893,Average Seller,2,Average Seller,3.9452380952380954,8.80952380952381,46030.37,v1.0,2026-05-22 04:28:50.530
4e92348462c75b6c842b994ce84a0ed4,86.90445246632441,Average Seller,2,Average Seller,5.0,0.0,69.9,v1.0,2026-05-22 04:28:50.530
4ea2f12dbe91deeacd2c1e74f069a6e6,84.17304529729562,Average Seller,2,Average Seller,4.75,0.0,210.2,v1.0,2026-05-22 04:28:50.530
4eb61f060e7dcc1d5a80d806c35cc541,75.13495921129257,Average Seller,2,Average Seller,3.875,0.0,1313.0,v1.0,2026-05-22 04:28:50.530
4ebdc7e6cd6102a022dadc49156d4ea8,74.867495512237,Average Seller,2,Average Seller,3.793103448275862,3.4482758620689653,928.7,v1.0,2026-05-22 04:28:50.530
4eeb99008a0f59d2c7759c59f9a346eb,82.59627528779443,Average Seller,2,Average Seller,4.5,0.0,1282.0,v1.0,2026-05-22 04:28:50.530
4ef4c39cf3c24f326434cf0b2e48046a,69.25731923156509,Average Seller,2,Average Seller,3.375,12.5,891.0,v1.0,2026-05-22 04:28:50.530
4f0d637c1197fd65405ebd755ac9f86b,88.59122735834808,Average Seller,2,Average Seller,5.0,0.0,199.8,v1.0,2026-05-22 04:28:50.530
4f1f1c8666cdb6442f775c4e8caed465,91.10251927695839,Average Seller,2,Average Seller,5.0,0.0,944.98,v1.0,2026-05-22 04:28:50.530
4f40d2ed38d1cc945364a7cd202a82c7,47.35084742060876,Underperformer,1,Underperformer,1.0,0.0,319.9,v1.0,2026-05-22 04:28:50.530
4fae87d32467e18eb46e4a76a0a0b9ce,87.49216297203373,Average Seller,2,Average Seller,5.0,0.0,100.9,v1.0,2026-05-22 04:28:50.530
4fb41dff7c50136976d1a5cf004a42e2,66.86257075835093,Average Seller,2,Average Seller,4.0,33.33333333333333,1230.0,v1.0,2026-05-22 04:28:50.530
4fe2f67634d00c021aa01f96b6f2d68e,87.25085391714991,Average Seller,2,Average Seller,5.0,0.0,86.8,v1.0,2026-05-22 04:28:50.530
5011f0d93373a4c5753adf58ca77af8d,74.37596231353261,Average Seller,2,Average Seller,3.8333333333333335,8.333333333333332,1009.42,v1.0,2026-05-22 04:28:50.530
503c1de08ae81a2d86f17951b204db55,84.49741877527681,Average Seller,2,Average Seller,4.409090909090909,4.545454545454546,4906.99,v1.0,2026-05-22 04:28:50.530
5058e8c1e82653974541e83690655b4a,70.10179100232337,Average Seller,2,Average Seller,3.2063492063492065,11.11111111111111,10022.82,v1.0,2026-05-22 04:28:50.530
5075aaa8404020ae6aa8bf4792099b41,72.32000828772435,Average Seller,2,Average Seller,3.3846153846153846,0.0,1822.8,v1.0,2026-05-22 04:28:50.530
50770d25768b0486d89be26afca3108f,70.34762120287112,Average Seller,2,Average Seller,4.0,16.666666666666664,171.77,v1.0,2026-05-22 04:28:50.530
508808d438fe2ff972ed13bb8f4a82e2,79.61904639643285,Average Seller,2,Average Seller,4.3,0.0,294.83,v1.0,2026-05-22 04:28:50.530
50a7e551a7b3f8d37cd6e32d8bfbe5ea,88.01837807838898,Average Seller,2,Average Seller,5.0,0.0,140.0,v1.0,2026-05-22 04:28:50.530
50bf89f1349bc0409a268c3a49678009,88.42212681398252,Average Seller,2,Average Seller,5.0,0.0,179.9,v1.0,2026-05-22 04:28:50.530
50c361bcf670d16f6df4d52de3dff924,43.80630508169846,Underperformer,1,Underperformer,1.0,0.0,35.0,v1.0,2026-05-22 04:28:50.530
50c9975695009e5e6473912e83a6d1da,75.46460870961577,Average Seller,2,Average Seller,3.88,14.000000000000002,3964.4,v1.0,2026-05-22 04:28:50.530
51209b446b2073894bdc0face6c73ffc,59.53983652831369,Underperformer,1,Underperformer,2.5,0.0,359.6,v1.0,2026-05-22 04:28:50.530
512d298ac2a96d1931b6bd30aa21f61d,85.89064732403858,Average Seller,2,Average Seller,4.2727272727272725,0.0,7401.94,v1.0,2026-05-22 04:28:50.530
513a54369b6a8a6602fcb0e129c6d78d,77.29921277367443,Average Seller,2,Average Seller,4.5,0.0,47.8,v1.0,2026-05-22 04:28:50.530
5145090ab595c0d0b8557199f5701fbf,80.80633850930215,Average Seller,2,Average Seller,4.25,0.0,1459.6,v1.0,2026-05-22 04:28:50.530
5151aea44289d6c6b090ee31c2132508,55.35207855337889,Underperformer,1,Underperformer,1.7142857142857142,0.0,1315.3,v1.0,2026-05-22 04:28:50.530
515d781150feed28a6ac091bb0e3cb8c,77.86458521617685,Average Seller,2,Average Seller,4.166666666666667,0.0,1002.35,v1.0,2026-05-22 04:28:50.530
5160d23075764e18e07c1f4a87fad743,84.74877943914956,Average Seller,2,Average Seller,4.382352941176471,0.0,2429.0,v1.0,2026-05-22 04:28:50.530
516e7738bd8f735ac19a010ee5450d8d,87.36613255582617,Average Seller,2,Average Seller,4.565789473684211,2.631578947368421,6643.09,v1.0,2026-05-22 04:28:50.530
51702dc2a3e106c76dbff722b5bf0726,83.42088706618655,Average Seller,2,Average Seller,4.3076923076923075,0.0,2705.1,v1.0,2026-05-22 04:28:50.530
5194c22ed1f616ec0c0f33c571542879,75.42412723362054,Average Seller,2,Average Seller,4.25,0.0,245.6,v1.0,2026-05-22 04:28:50.530
519a7aa428f18d125a283cf8c014fdd6,72.44756047706305,Average Seller,2,Average Seller,4.0,0.0,79.7,v1.0,2026-05-22 04:28:50.530
51a04a8a6bdcb23deccc82b0b80742cf,16.311777866974392,Underperformer,1,Underperformer,1.0,100.0,167.99,v1.0,2026-05-22 04:28:50.530
51e0557bc7b86de13e946c60ee91ce39,86.2314087265225,Average Seller,2,Average Seller,5.0,0.0,45.8,v1.0,2026-05-22 04:28:50.530
51e4e89242cbb846c2deff3dc015650e,85.37801204841932,Average Seller,2,Average Seller,4.625,0.0,822.58,v1.0,2026-05-22 04:28:50.530
51ed72984a04e5dd35c2b27e77179038,70.18316334700773,Average Seller,2,Average Seller,3.5714285714285716,14.285714285714285,1294.3,v1.0,2026-05-22 04:28:50.530
51f108f62cb87d61918159902c8f8583,80.60040673898311,Average Seller,2,Average Seller,4.333333333333333,0.0,303.73,v1.0,2026-05-22 04:28:50.530
5206cc4bc2297c833e6061c49bf9c43f,43.80630508169846,Underperformer,1,Underperformer,1.0,0.0,35.0,v1.0,2026-05-22 04:28:50.530
52092ddbd3a58c450a4459bf051b2287,82.50394493250604,Average Seller,2,Average Seller,4.333333333333333,0.0,351.7,v1.0,2026-05-22 04:28:50.530
520b493b57809f446cb0a233bb3e25c7,83.75676620659446,Average Seller,2,Average Seller,4.301587301587301,1.5873015873015872,3698.9,v1.0,2026-05-22 04:28:50.530
522620dcb18a6b31cd7bdf73665113a9,81.41485337215741,Average Seller,2,Average Seller,3.8563218390804597,8.620689655172415,57168.49,v1.0,2026-05-22 04:28:50.530
5236605f4d4b0b3e4df85b850393fca0,79.4486553364506,Average Seller,2,Average Seller,4.8,20.0,265.3,v1.0,2026-05-22 04:28:50.530
52454f90d4c30c016768db02f88c1a74,69.79687697609089,Average Seller,2,Average Seller,3.6666666666666665,0.0,80.5,v1.0,2026-05-22 04:28:50.530
52562a9f449c3dc3d53f5f5b9ed74903,89.25385904449912,Average Seller,2,Average Seller,4.785714285714286,0.0,3266.6,v1.0,2026-05-22 04:28:50.530
525e75a6fb1454a2325ab1734bcec221,73.3145031671987,Average Seller,2,Average Seller,3.6,0.0,657.07,v1.0,2026-05-22 04:28:50.530
5275ca25d0358ca73864e0ae41be1320,85.25023023716794,Average Seller,2,Average Seller,4.75,0.0,409.6,v1.0,2026-05-22 04:28:50.530
527801b552d0077ffd170872eb49683b,85.55953415338296,Average Seller,2,Average Seller,4.433333333333334,10.0,17942.8,v1.0,2026-05-22 04:28:50.530
52831e5990d0771cb4951d6f12928167,60.78841497337548,Average Seller,2,Average Seller,3.0,0.0,65.0,v1.0,2026-05-22 04:28:50.530
528bcf6680c36dddf07620bd35b33a6f,67.14478338659434,Average Seller,2,Average Seller,4.5,50.0,969.98,v1.0,2026-05-22 04:28:50.530
528ce32f560edd11add4169f6a5b65be,86.65544674797135,Average Seller,2,Average Seller,5.0,0.0,59.8,v1.0,2026-05-22 04:28:50.530
52956b80ae65fda598f06f6b9943e7a9,66.15003807579488,Average Seller,2,Average Seller,4.0,33.33333333333333,792.0,v1.0,2026-05-22 04:28:50.530
52a50b42accf164f9f019941e5759d9b,83.51791835919637,Average Seller,2,Average Seller,4.75,0.0,139.96,v1.0,2026-05-22 04:28:50.530
52a52b9f656520e99716f5bc40f661c8,79.94127433524933,Average Seller,2,Average Seller,4.0,0.0,783.1,v1.0,2026-05-22 04:28:50.530
52ac6f920b7280e4c6d30dd94de6259b,76.66731217463497,Average Seller,2,Average Seller,3.6666666666666665,0.0,5657.3,v1.0,2026-05-22 04:28:50.530
52b53f7061969fe471d119b6195da864,87.30885672026074,Average Seller,2,Average Seller,5.0,0.0,90.0,v1.0,2026-05-22 04:28:50.530
52bb00821bcdd358a5a5a27e1f6be5a1,80.49519286420771,Average Seller,2,Average Seller,4.5,0.0,349.8,v1.0,2026-05-22 04:28:50.530
52d76513f0c4d97f3b99570e2c94ee31,79.96111272215941,Average Seller,2,Average Seller,3.8947368421052633,5.263157894736842,8153.1,v1.0,2026-05-22 04:28:50.530
52f0fe436a347ddad7ed5f9aa4e27eaa,70.50025276399168,Average Seller,2,Average Seller,3.5238095238095237,9.523809523809524,1484.37,v1.0,2026-05-22 04:28:50.530
52f6f9f13ba19504c02781132a049e75,62.58475916499356,Average Seller,2,Average Seller,3.0,0.0,199.0,v1.0,2026-05-22 04:28:50.530
52f976b17ea7f2f087f56dcc419328f6,78.81859722821692,Average Seller,2,Average Seller,3.6666666666666665,0.0,7630.0,v1.0,2026-05-22 04:28:50.530
52f9db5cfb423382a2fa5c9e39303202,80.58075613034475,Average Seller,2,Average Seller,4.136363636363637,0.0,1269.77,v1.0,2026-05-22 04:28:50.530
5305693ffae2d3463377b1f6fe67b15a,87.3710350525234,Average Seller,2,Average Seller,5.0,0.0,93.56,v1.0,2026-05-22 04:28:50.530
53088c75f948b48a7ece173ac17f0c12,89.02660203184038,Average Seller,2,Average Seller,5.0,0.0,261.7,v1.0,2026-05-22 04:28:50.530
530ec6109d11eaaf87999465c6afee01,85.01664530493795,Average Seller,2,Average Seller,4.237113402061856,1.0309278350515463,12983.81,v1.0,2026-05-22 04:28:50.530
53243585a1d6dc2643021fd1853d8905,87.51625857590062,Top Performer,0,Top Performer,4.122905027932961,3.35195530726257,222776.05,v1.0,2026-05-22 04:28:50.530
53336f97ddbe53e2a617d07b17447b95,90.36616866686981,Average Seller,2,Average Seller,5.0,0.0,599.5,v1.0,2026-05-22 04:28:50.530
533d46c1b06970e99f09523a61df4972,79.23309801575849,Average Seller,2,Average Seller,4.5,0.0,159.98,v1.0,2026-05-22 04:28:50.530
5343d0649eca2a983820bfe93fc4d17e,77.90951410660897,Average Seller,2,Average Seller,3.788732394366197,9.859154929577464,10000.64,v1.0,2026-05-22 04:28:50.530
534a01cc6df1e034e05c32028a291fa2,80.05698459205732,Average Seller,2,Average Seller,4.4,0.0,235.59,v1.0,2026-05-22 04:28:50.530
535bf14f36346c7f59d87cece104d70c,68.37065955104876,Average Seller,2,Average Seller,4.0,0.0,50.0,v1.0,2026-05-22 04:28:50.530
537eb890efff034a88679788b647c564,82.06831751275087,Average Seller,2,Average Seller,4.21875,3.75,4679.7,v1.0,2026-05-22 04:28:50.530
538caafddff204241cecbf3a02e6b3cf,51.88883234672351,Underperformer,1,Underperformer,2.5555555555555554,33.33333333333333,148.3,v1.0,2026-05-22 04:28:50.530
539ed9e19811677513447759be5eccfc,64.70557070802762,Average Seller,2,Average Seller,3.0,0.0,32.83,v1.0,2026-05-22 04:28:50.530
53b0300ca793f9834cd69c0678d35ee8,92.01675796531778,Average Seller,2,Average Seller,5.0,0.0,1662.15,v1.0,2026-05-22 04:28:50.530
53d00c40e32aeb924a84ce72b1af869d,80.21012699063891,Average Seller,2,Average Seller,4.352941176470588,11.76470588235294,2165.85,v1.0,2026-05-22 04:28:50.530
53e4c6e0f4312d4d2107a8c9cddf45cd,83.62479050710363,Average Seller,2,Average Seller,4.080338266384778,4.651162790697675,30148.95,v1.0,2026-05-22 04:28:50.530
54065e9aef7e9e9c2dc23b7594db021a,81.13401632197954,Average Seller,2,Average Seller,3.857142857142857,0.0,8003.0,v1.0,2026-05-22 04:28:50.530
5415337f1863452476d42d9f14a16a61,60.19994598486401,Average Seller,2,Average Seller,3.0,0.0,44.9,v1.0,2026-05-22 04:28:50.530
54219883e72aad869adfb2a54b7bfa0f,73.8867337771079,Average Seller,2,Average Seller,3.2,0.0,6750.0,v1.0,2026-05-22 04:28:50.530
542917da124346b47ea1ac79a93ce454,79.3236990563254,Average Seller,2,Average Seller,4.15,5.0,1303.9,v1.0,2026-05-22 04:28:50.530
5444b12c82f21c923f2639ebc722c1ea,70.32998827574063,Average Seller,2,Average Seller,4.0,0.0,169.9,v1.0,2026-05-22 04:28:50.530
544863df86ed3b78a04e0820d41430ee,85.20898691617424,Average Seller,2,Average Seller,5.0,0.0,23.9,v1.0,2026-05-22 04:28:50.530
54583ab379489add547fe47b628db589,88.89993980472542,Average Seller,2,Average Seller,4.8,0.0,2240.0,v1.0,2026-05-22 04:28:50.530
54965bbe3e4f07ae045b90b0b8541f52,63.251686613825385,Underperformer,1,Underperformer,2.8974358974358974,28.205128205128204,10961.3,v1.0,2026-05-22 04:28:50.530
54a1852d1b8f10312c55e906355666ee,84.48463311772322,Average Seller,2,Average Seller,4.31,7.5,17226.44,v1.0,2026-05-22 04:28:50.530
54aa8463e87776b5612f4bdc4bd5d4de,75.63811540867565,Average Seller,2,Average Seller,3.857142857142857,0.0,649.3,v1.0,2026-05-22 04:28:50.530
54c04bdb5ec46762f8f08c7e8f86ed4a,80.56289687906258,Average Seller,2,Average Seller,4.333333333333333,11.11111111111111,3281.66,v1.0,2026-05-22 04:28:50.530
55029529919c0123526150bd26ca8f20,84.77356203195171,Average Seller,2,Average Seller,4.714285714285714,0.0,453.95,v1.0,2026-05-22 04:28:50.530
553a440137d6e0cf776aee0bb83ac9f5,31.072618466439323,Underperformer,1,Underperformer,1.0,50.0,144.8,v1.0,2026-05-22 04:28:50.530
5563732abe64c3036cb97ad924128dd1,80.7279798394768,Average Seller,2,Average Seller,4.5,0.0,404.0,v1.0,2026-05-22 04:28:50.530
5566627eab3fe93fd6ee08798226101a,78.4266840556767,Average Seller,2,Average Seller,4.4,0.0,85.5,v1.0,2026-05-22 04:28:50.530
556a6409838156ea299c9d1f9e2dde43,72.69523201924856,Average Seller,2,Average Seller,3.25,0.0,1362.8,v1.0,2026-05-22 04:28:50.530
557f22c76691849db52d2abccf0015d0,65.11484376727101,Average Seller,2,Average Seller,2.923076923076923,0.0,865.86,v1.0,2026-05-22 04:28:50.530
5587130f9850696ed7fafbc91c2cee44,86.9021655495248,Average Seller,2,Average Seller,5.0,0.0,69.8,v1.0,2026-05-22 04:28:50.530
559d56f3b8f0bc2e5a9a62fe2ce2a39f,44.65012586175753,Underperformer,1,Underperformer,2.5,50.0,385.0,v1.0,2026-05-22 04:28:50.530
55a5b51f93f2b70ea513f5a047b0262a,85.28617512890835,Average Seller,2,Average Seller,4.461538461538462,2.564102564102564,4002.3,v1.0,2026-05-22 04:28:50.530
55bb6fe5bebe5012e2d7d9928e1128ff,70.56060004195255,Average Seller,2,Average Seller,3.466666666666667,13.333333333333334,1816.55,v1.0,2026-05-22 04:28:50.530
55c26bcb609f480eb7868594245febb5,79.19911776758214,Average Seller,2,Average Seller,4.0,0.0,664.4,v1.0,2026-05-22 04:28:50.530
55c96925041a14097b6a7825554f4ad5,71.21888207613623,Average Seller,2,Average Seller,4.0,16.666666666666664,294.8,v1.0,2026-05-22 04:28:50.530
55d3daac7c404d59e51c2aa2f4dc5a23,81.62288790520263,Average Seller,2,Average Seller,4.095238095238095,0.0,4480.6,v1.0,2026-05-22 04:28:50.530
55dedd83e501d8248880557d9073cbfd,89.03124605593257,Average Seller,2,Average Seller,4.875,0.0,1055.3,v1.0,2026-05-22 04:28:50.530
55f7a3319d80f7fdf078b8f03e6725fe,75.88961340323934,Average Seller,2,Average Seller,3.772727272727273,4.545454545454546,3013.78,v1.0,2026-05-22 04:28:50.530
562f8cfc51f265411f487d07e9c40e7f,80.9184788785113,Average Seller,2,Average Seller,4.538461538461538,7.6923076923076925,766.92,v1.0,2026-05-22 04:28:50.530
562fc2f2c2863ab7e79a9e4388a58a14,83.2959263466524,Average Seller,2,Average Seller,4.211538461538462,3.076923076923077,8814.2,v1.0,2026-05-22 04:28:50.530
5656537e588803a555b8eb41f07a944b,79.0695299656016,Average Seller,2,Average Seller,3.8735632183908044,5.747126436781609,8065.93,v1.0,2026-05-22 04:28:50.530
5659d77e8d90378e39b960ad5956f64e,43.44507205242647,Underperformer,1,Underperformer,2.5,50.0,182.48,v1.0,2026-05-22 04:28:50.530
56642bcb79900e777d68e91915cb4267,79.12748478856993,Average Seller,2,Average Seller,4.0625,8.333333333333332,3657.64,v1.0,2026-05-22 04:28:50.530
5670f4db5b62c43d542e1b2d56b0cf7c,85.43951419145367,Average Seller,2,Average Seller,4.409090909090909,4.545454545454546,6630.09,v1.0,2026-05-22 04:28:50.530
56a8b450e802502ba53a9885ee38e29f,44.72457180194663,Underperformer,1,Underperformer,1.0,0.0,62.45,v1.0,2026-05-22 04:28:50.530
56db5c0782e8f7ddc9343f9576ff6d16,69.69540265514576,Average Seller,2,Average Seller,3.0,0.0,734.8,v1.0,2026-05-22 04:28:50.530
56e361f411e38dcef17cdc2a3d99628b,73.61635647786022,Average Seller,2,Average Seller,4.0,20.0,1298.0,v1.0,2026-05-22 04:28:50.530
56f413900b5166ab4d730e9ac0b12cb0,82.14849393991214,Average Seller,2,Average Seller,4.666666666666667,0.0,151.79,v1.0,2026-05-22 04:28:50.530
570d4583587a5fe2d47c7be89b91ad27,87.8393438762272,Average Seller,2,Average Seller,5.0,0.0,125.25,v1.0,2026-05-22 04:28:50.530
5721089ba9214e80074f27d5a03fc0eb,88.9262940424194,Average Seller,2,Average Seller,5.0,0.0,245.93,v1.0,2026-05-22 04:28:50.530
5733d806668f8712c24b9abaefbfa642,88.91225699530285,Average Seller,2,Average Seller,5.0,0.0,243.8,v1.0,2026-05-22 04:28:50.530
5741dc2bf5044c34d0698681c5081bed,87.30350631270146,Average Seller,2,Average Seller,5.0,0.0,89.7,v1.0,2026-05-22 04:28:50.530
575df70bde3f9f2b30bf8d2e9910d725,80.96528787964638,Average Seller,2,Average Seller,4.074074074074074,3.7037037037037033,5410.05,v1.0,2026-05-22 04:28:50.530
577719699805dd125d5b6fdde5943bba,80.06539682731737,Average Seller,2,Average Seller,4.375,12.5,1077.8,v1.0,2026-05-22 04:28:50.530
578460d8319c51dab351cd9db95eadfe,62.85293894630115,Average Seller,2,Average Seller,3.0,0.0,235.0,v1.0,2026-05-22 04:28:50.530
578fa3a9cb6b6dceab39231ad59cdaca,64.12939959663018,Average Seller,2,Average Seller,3.6666666666666665,33.33333333333333,150.0,v1.0,2026-05-22 04:28:50.530
5795aebfe331fbcd02a2c4b679fb7952,77.26041421559657,Average Seller,2,Average Seller,3.8333333333333335,0.0,1280.0,v1.0,2026-05-22 04:28:50.530
579891617139df7d8671d373f0669622,76.38744381622583,Average Seller,2,Average Seller,4.5,25.0,280.3,v1.0,2026-05-22 04:28:50.530
57a834594e1e9e9219603bfec184eadc,88.00684578569431,Average Seller,2,Average Seller,5.0,0.0,139.0,v1.0,2026-05-22 04:28:50.530
57c764b4a836300be881e2ff86e449f9,75.15920644453206,Average Seller,2,Average Seller,4.0344827586206895,13.793103448275861,1211.0,v1.0,2026-05-22 04:28:50.530
57d2ba47f7a3209aa347532ae75c1165,76.34122547472408,Average Seller,2,Average Seller,4.0,0.0,318.0,v1.0,2026-05-22 04:28:50.530
57df9869a600bd6b7c405f2a862eccfb,77.0361322195096,Average Seller,2,Average Seller,4.4,0.0,125.0,v1.0,2026-05-22 04:28:50.530
57e632711dec9ec14ca7546769483e7e,85.99423663279642,Average Seller,2,Average Seller,4.419354838709677,0.0,6350.06,v1.0,2026-05-22 04:28:50.530
57fe6232e67823593374a2281d7a8af8,83.91116253704539,Average Seller,2,Average Seller,4.75,0.0,178.68,v1.0,2026-05-22 04:28:50.530
582d4f8675b945722eda7c0cb61ba4c7,82.17592557125147,Average Seller,2,Average Seller,4.1525423728813555,1.694915254237288,4702.96,v1.0,2026-05-22 04:28:50.530
585175ec331ea177fa47199e39a6170a,93.2453099043218,Average Seller,2,Average Seller,5.0,0.0,3549.0,v1.0,2026-05-22 04:28:50.530
586a871d4f1221763fddb6ceefdeb95e,16.576637442306406,Underperformer,1,Underperformer,1.0,100.0,198.0,v1.0,2026-05-22 04:28:50.530
5882820ef11c4c068eea0677a7a879b4,80.482808439379,Average Seller,2,Average Seller,4.0,0.0,9925.5,v1.0,2026-05-22 04:28:50.530
5882f40daf39bc2a465e0cb453ddc222,56.47191920103338,Underperformer,1,Underperformer,2.0,0.0,640.0,v1.0,2026-05-22 04:28:50.530
58b98ccb79873e04eac4357cacc590d9,43.149337961364466,Underperformer,1,Underperformer,1.0,0.0,23.0,v1.0,2026-05-22 04:28:50.530
58c851d1a3c7cd3da329eb59453fed44,89.07095270765059,Average Seller,2,Average Seller,5.0,0.0,268.99,v1.0,2026-05-22 04:28:50.530
58e4b302b54937e55a678c4d15111da4,61.134503564054945,Underperformer,1,Underperformer,2.3333333333333335,0.0,279.79,v1.0,2026-05-22 04:28:50.530
58f1a6197ed863543e0136bdedb3fce2,83.44289644724564,Average Seller,2,Average Seller,4.181818181818182,2.272727272727273,6833.0,v1.0,2026-05-22 04:28:50.530
59417c56835dd8e2e72f91f809cd4092,86.79715496617986,Average Seller,2,Average Seller,4.277777777777778,0.0,36459.0,v1.0,2026-05-22 04:28:50.530
594f9aaa48e5bf431f011ddc5669b0d5,85.80485412385934,Average Seller,2,Average Seller,4.594594594594595,2.7027027027027026,3248.8,v1.0,2026-05-22 04:28:50.530
5962468f885ea01a1b6a97a218797b0a,75.81466022448234,Average Seller,2,Average Seller,3.75,0.0,791.0,v1.0,2026-05-22 04:28:50.530
596849622429351f47b32e6cae1055ff,76.6410174923991,Average Seller,2,Average Seller,3.7857142857142856,0.0,1104.7,v1.0,2026-05-22 04:28:50.530
5996cddab893a4652a15592fb58ab8db,90.85307166199732,Average Seller,2,Average Seller,5.0,0.0,810.0,v1.0,2026-05-22 04:28:50.530
59b22a78efb79a4797979612b885db36,80.78377303355654,Average Seller,2,Average Seller,3.96,11.200000000000001,27184.5,v1.0,2026-05-22 04:28:50.530
59bbc819b99a733f02f0d6b49d1c253d,88.0160781769616,Average Seller,2,Average Seller,5.0,0.0,139.8,v1.0,2026-05-22 04:28:50.530
59cd88080b93f3c18508673122d26169,82.28060590157287,Average Seller,2,Average Seller,4.7,10.0,392.33,v1.0,2026-05-22 04:28:50.530
59cea8e446d3834393058e7e0666b6fb,85.40902151101454,Average Seller,2,Average Seller,4.6,0.0,696.6,v1.0,2026-05-22 04:28:50.530
59de1d4c8c057c2a53acd4ca66531af2,87.95987785122999,Average Seller,2,Average Seller,5.0,0.0,135.0,v1.0,2026-05-22 04:28:50.530
59fb871bf6f4522a87ba567b42dafecf,84.08408437743205,Average Seller,2,Average Seller,4.222222222222222,5.555555555555555,21708.57,v1.0,2026-05-22 04:28:50.530
5a05a16bb50629ee31afab8a6d4c2674,79.53568308063072,Average Seller,2,Average Seller,4.214285714285714,0.0,794.3,v1.0,2026-05-22 04:28:50.530
5a32c398a06c345440bf2a683b017ad3,66.11623368303698,Average Seller,2,Average Seller,3.0,0.0,79.8,v1.0,2026-05-22 04:28:50.530
5a413ade68e8f8d93071a7f52a64cb9e,84.36114347027926,Average Seller,2,Average Seller,4.642857142857143,7.142857142857142,778.9,v1.0,2026-05-22 04:28:50.530
5a4236931428800e9d9cc04af0987118,86.20241511824372,Average Seller,2,Average Seller,5.0,0.0,44.97,v1.0,2026-05-22 04:28:50.530
5a425cc503b39b262a847fd6212bf53b,77.69260427040419,Average Seller,2,Average Seller,4.0,6.666666666666667,1360.59,v1.0,2026-05-22 04:28:50.530
5a6a02f419701fc8c605af71d4fc57a4,83.76886464134132,Average Seller,2,Average Seller,4.8,10.0,600.5,v1.0,2026-05-22 04:28:50.530
5a8e7d5003a1f221f9e1d6e411de7c23,82.97353549057335,Average Seller,2,Average Seller,4.122302158273381,3.597122302158273,11171.9,v1.0,2026-05-22 04:28:50.530
5a93f3ab0ef4c84ed5e1b5dbf23978bc,87.80023229792411,Average Seller,2,Average Seller,4.6923076923076925,2.564102564102564,2338.25,v1.0,2026-05-22 04:28:50.530
5a9b3bcab695173c820e53934574ae80,88.00684578569431,Average Seller,2,Average Seller,5.0,0.0,139.0,v1.0,2026-05-22 04:28:50.530
5a9c0859cb00fd8aa4db443837f0a700,79.65607885657752,Average Seller,2,Average Seller,4.5,0.0,208.0,v1.0,2026-05-22 04:28:50.530
5aaa890629f83706d8d9bfecd8377c1c,44.33532993902342,Underperformer,1,Underperformer,1.0,0.0,48.9,v1.0,2026-05-22 04:28:50.530
5ab05b6d86d417796c69ffd6774ec832,74.62144451354837,Average Seller,2,Average Seller,3.8,10.0,1886.1,v1.0,2026-05-22 04:28:50.530
5abb8ea023c77787f2c15da891c8d384,72.34681650624863,Average Seller,2,Average Seller,3.923076923076923,23.076923076923077,2241.0,v1.0,2026-05-22 04:28:50.530
5acd070dd3fe441bbb2ec1f1ede515ee,56.187391349606386,Underperformer,1,Underperformer,3.0,42.857142857142854,764.17,v1.0,2026-05-22 04:28:50.530
5b07547f10dd980738a1a27f685af669,79.39853637917987,Average Seller,2,Average Seller,4.461538461538462,15.384615384615385,1134.6,v1.0,2026-05-22 04:28:50.530
5b0cc932433fa5184b5b94bfe6bcc256,67.94863959976864,Average Seller,2,Average Seller,3.5833333333333335,25.0,1437.8,v1.0,2026-05-22 04:28:50.530
5b179e9e8cc7ab6fd113a46ca584da81,75.444058890385,Average Seller,2,Average Seller,3.6176470588235294,5.88235294117647,5173.5,v1.0,2026-05-22 04:28:50.530
5b2e94f2c22b39ccc24d34ad0f669672,86.31071995808135,Average Seller,2,Average Seller,4.9,10.0,949.78,v1.0,2026-05-22 04:28:50.530
5b33b527da3c5b969cc99dc435cad09a,78.95997594062449,Average Seller,2,Average Seller,4.125,6.25,1872.79,v1.0,2026-05-22 04:28:50.530
5b35136197710e16ac5e7b7c2bd4ea85,56.45697525722163,Underperformer,1,Underperformer,2.5714285714285716,28.57142857142857,3104.2,v1.0,2026-05-22 04:28:50.530
5b51032eddd242adc84c38acab88f23d,78.45096620529041,Average Seller,2,Average Seller,4.0,0.0,3280.0,v1.0,2026-05-22 04:28:50.530
5b581417df4480f632484ba681e53944,68.47063315338592,Average Seller,2,Average Seller,3.5,16.666666666666664,1790.6,v1.0,2026-05-22 04:28:50.530
5b664594895aefb418afaee6d40a9a23,77.70830112764789,Average Seller,2,Average Seller,3.9375,0.0,1008.8,v1.0,2026-05-22 04:28:50.530
5b67882648febfb6e1225e6ad7164f6b,80.7463426157623,Average Seller,2,Average Seller,4.0,3.7037037037037033,6813.48,v1.0,2026-05-22 04:28:50.530
5b8154610ebb21fb90eb587365e673df,80.92808889058512,Average Seller,2,Average Seller,4.184210526315789,10.526315789473683,9397.54,v1.0,2026-05-22 04:28:50.530
5b85809efd0d0e4dea1a9544e1280ed9,81.98324520637264,Average Seller,2,Average Seller,4.25,0.0,1804.6,v1.0,2026-05-22 04:28:50.530
5b925e1d006e9476d738aa200751b73b,86.89118386633766,Average Seller,2,Average Seller,4.603174603174603,6.349206349206349,7748.5,v1.0,2026-05-22 04:28:50.530
5b92bfa4120daa27c574daa2e386c693,58.38780034770197,Average Seller,2,Average Seller,3.0,0.0,14.0,v1.0,2026-05-22 04:28:50.530
5b97c06a046398e7005b2b7c0d707a92,62.871950794085606,Underperformer,1,Underperformer,3.25,25.0,1519.96,v1.0,2026-05-22 04:28:50.530
5bba18b40e8c973b0f32e748004775b0,90.70676939398331,Average Seller,2,Average Seller,5.0,0.0,739.98,v1.0,2026-05-22 04:28:50.530
5bc237df65098fe211bb4818f4d26d78,78.85911530391635,Average Seller,2,Average Seller,4.5,0.0,126.8,v1.0,2026-05-22 04:28:50.530
5bc24d989e71e93c33e50a7782431b0e,84.34521644443184,Average Seller,2,Average Seller,4.352941176470588,0.0,3148.0,v1.0,2026-05-22 04:28:50.530
5bc55dbe2f12b6af6d83ed46023e0dc8,57.55706386993699,Underperformer,1,Underperformer,2.411764705882353,23.52941176470588,2992.1,v1.0,2026-05-22 04:28:50.530
5bf397d04035b5f45cc41e82ec106803,79.87731103516319,Average Seller,2,Average Seller,4.333333333333333,0.0,1525.0,v1.0,2026-05-22 04:28:50.530
5bffbafbb22daf6d3bfc216a46db8708,90.06689737474433,Average Seller,2,Average Seller,4.761904761904762,0.0,5239.7,v1.0,2026-05-22 04:28:50.530
5c030029b5916fed0986310385ec9009,90.93290696395553,Average Seller,2,Average Seller,4.857142857142857,0.0,4164.4,v1.0,2026-05-22 04:28:50.530
5c243662ce92d84573bfaff24c3e3700,84.74904149523597,Average Seller,2,Average Seller,4.112244897959184,1.0204081632653061,32862.02,v1.0,2026-05-22 04:28:50.530
5c3460cd3e8a984382ae254e7dd20d9f,85.89428933915289,Average Seller,2,Average Seller,4.666666666666667,0.0,775.76,v1.0,2026-05-22 04:28:50.530
5c603ffb38cbbf25a0e0698941324143,47.49056745346294,Underperformer,1,Underperformer,1.0,0.0,348.8,v1.0,2026-05-22 04:28:50.530
5c6d4016c2a288f074fa0848a2b653d2,78.05674885322321,Average Seller,2,Average Seller,4.0625,9.375,3159.0,v1.0,2026-05-22 04:28:50.530
5c853bb56f70f4d14218944bae111d7a,77.12235458454136,Average Seller,2,Average Seller,4.0,0.0,263.13,v1.0,2026-05-22 04:28:50.530
5ca5d579b5857ee8709479b1047cecc3,32.448761438527804,Underperformer,1,Underperformer,1.0,50.0,339.89,v1.0,2026-05-22 04:28:50.530
5cbbd5a299cab112b7bf23862255e43e,83.70689280963487,Average Seller,2,Average Seller,4.277777777777778,0.0,2726.06,v1.0,2026-05-22 04:28:50.530
5cf13accae3222c70a9cac40818ae839,87.87479428075986,Average Seller,2,Average Seller,4.456375838926174,2.013422818791946,14383.2,v1.0,2026-05-22 04:28:50.530
5cf1ec37aea089f45110c70653a166ab,72.37065955104876,Average Seller,2,Average Seller,3.6666666666666665,0.0,50.0,v1.0,2026-05-22 04:28:50.530
5d0363b33554b373851fc1622e4d5f3c,79.14659027700773,Average Seller,2,Average Seller,4.042553191489362,8.51063829787234,6610.79,v1.0,2026-05-22 04:28:50.530
5d043cd5512d4bd2f88e5ccdd5736c38,56.497001440041025,Underperformer,1,Underperformer,2.0,0.0,650.0,v1.0,2026-05-22 04:28:50.530
5d378b73ab7dd6f0418d743e5dcb0bd1,74.80713751961542,Average Seller,2,Average Seller,3.857142857142857,14.285714285714285,13243.0,v1.0,2026-05-22 04:28:50.530
5d3bb11474a06bdc23fb9e89f1164ee0,78.38957878230379,Average Seller,2,Average Seller,3.903225806451613,3.225806451612903,3654.6,v1.0,2026-05-22 04:28:50.530
5d505d2298ad549e4e4e835562fa0c1e,88.95149088031637,Average Seller,2,Average Seller,5.0,0.0,249.8,v1.0,2026-05-22 04:28:50.530
5d76d80a2f5f39c891b996a1bf4c9853,88.54038693868293,Average Seller,2,Average Seller,4.833333333333333,0.0,1238.5,v1.0,2026-05-22 04:28:50.530
5d9dc90a686a8fddacffab6bab5653a3,80.00636269883614,Average Seller,2,Average Seller,4.166666666666667,8.333333333333332,3761.94,v1.0,2026-05-22 04:28:50.530
5d9f3746e112e696f98ea22c56b3e912,91.64680280744626,Average Seller,2,Average Seller,5.0,0.0,1322.64,v1.0,2026-05-22 04:28:50.530
5db42a6cd9bf1bf0d3aab9582767f168,88.59284038016725,Average Seller,2,Average Seller,5.0,0.0,200.0,v1.0,2026-05-22 04:28:50.530
5dc203c7b84a0e71e878a179de05fb9a,77.798054818712,Average Seller,2,Average Seller,4.0,0.0,421.9,v1.0,2026-05-22 04:28:50.530
5dc4bdaf869e8c77c648078cbe8d59c2,47.208937124475135,Underperformer,1,Underperformer,1.0,0.0,292.99,v1.0,2026-05-22 04:28:50.530
5dceca129747e92ff8ef7a997dc4f8ca,84.77236096893684,Top Performer,0,Top Performer,3.9723076923076923,5.538461538461538,112155.53,v1.0,2026-05-22 04:28:50.530
5de1c80811ce7007f62f00d971236c09,87.05492951272402,Average Seller,2,Average Seller,5.0,0.0,76.8,v1.0,2026-05-22 04:28:50.530
5debea795b07621e1f90532e18f96145,84.29945131613388,Average Seller,2,Average Seller,4.36,0.0,1883.78,v1.0,2026-05-22 04:28:50.530
5def4c3732941a971cba8fdee992ede1,80.75749333235436,Average Seller,2,Average Seller,4.6,0.0,134.8,v1.0,2026-05-22 04:28:50.530
5e063e85d44b0f5c3e6ec3131103a57e,85.14257268939157,Average Seller,2,Average Seller,5.0,0.0,22.9,v1.0,2026-05-22 04:28:50.530
5e105f5c9f63f5f1fd75d6cb942e55b1,85.31992607656349,Average Seller,2,Average Seller,4.5,0.0,1471.9,v1.0,2026-05-22 04:28:50.530
5e106d93b717c2682b9383da480364a1,89.88749285068151,Average Seller,2,Average Seller,5.0,0.0,445.9,v1.0,2026-05-22 04:28:50.530
5e25c632f9db6cfb8bc100421c2737b6,89.00986280981759,Average Seller,2,Average Seller,5.0,0.0,259.0,v1.0,2026-05-22 04:28:50.530
5e49e3a44bdeb5aab2684258bbd4f525,74.09512624651809,Average Seller,2,Average Seller,4.666666666666667,33.33333333333333,507.0,v1.0,2026-05-22 04:28:50.530
5e9f5bd34e0830569f05c9d4f56e04a8,79.88677386192134,Average Seller,2,Average Seller,4.5,0.0,239.98,v1.0,2026-05-22 04:28:50.530
5ee7fd217d08dfe5d3e2f51f96a12c9a,66.77536883750976,Average Seller,2,Average Seller,3.4444444444444446,22.22222222222222,1165.5,v1.0,2026-05-22 04:28:50.530
5eeb9c756d9780b96283e5a2ac6da334,76.43667573835542,Average Seller,2,Average Seller,4.222222222222222,22.22222222222222,2471.0,v1.0,2026-05-22 04:28:50.530
5ef131ac72773e5b3f6c0d63cf424657,80.10089665959231,Average Seller,2,Average Seller,4.1,0.0,575.79,v1.0,2026-05-22 04:28:50.530
5f0057b677eb963672bf05dfa3f16c34,80.91500876368522,Average Seller,2,Average Seller,4.2,0.0,312.88,v1.0,2026-05-22 04:28:50.530
5f06030071324cc52bf0304014ac7234,77.80019334012827,Average Seller,2,Average Seller,4.0,0.0,783.96,v1.0,2026-05-22 04:28:50.530
5f1dc28029d2c244352a68107ec2b542,83.96234178590949,Average Seller,2,Average Seller,4.370967741935484,1.6129032258064515,2807.3,v1.0,2026-05-22 04:28:50.530
5f2684dab12e59f83bef73ae57724e45,78.90001479008303,Average Seller,2,Average Seller,3.8088235294117645,5.88235294117647,9000.87,v1.0,2026-05-22 04:28:50.530
5f26c1408a65b42a7224cd463bdf3292,87.80593883228948,Average Seller,2,Average Seller,4.8,0.0,1139.8,v1.0,2026-05-22 04:28:50.530
5f3ae9136c875522250f8184f253413a,84.31530522455336,Average Seller,2,Average Seller,4.604651162790698,4.651162790697675,1158.0,v1.0,2026-05-22 04:28:50.530
5f57db27027655e6c6a391601daa0258,87.44538209370947,Average Seller,2,Average Seller,5.0,0.0,98.0,v1.0,2026-05-22 04:28:50.530
5f5a58930c3c35f3b5af264f34fb8c85,90.255921983575,Average Seller,2,Average Seller,5.0,0.0,560.0,v1.0,2026-05-22 04:28:50.530
5f5b43b2bffa8656e4bc6efeb13cc649,84.1176056181719,Average Seller,2,Average Seller,4.407407407407407,3.7037037037037033,3677.2,v1.0,2026-05-22 04:28:50.530
5f67c6082caacb26e431a7b17940cece,67.24796553749051,Average Seller,2,Average Seller,3.5384615384615383,23.076923076923077,1662.6,v1.0,2026-05-22 04:28:50.530
5f7300535881cef3b625fd683cf7d145,83.73629391459929,Average Seller,2,Average Seller,4.4,0.0,665.98,v1.0,2026-05-22 04:28:50.530
5fd924b4836098a5be0ecf81ba054ce0,77.70438567505738,Average Seller,2,Average Seller,4.0,0.0,1148.8,v1.0,2026-05-22 04:28:50.530
602044f2c16190c2c6e45eb35c2e21cb,66.72985740592988,Average Seller,2,Average Seller,3.1,16.0,3739.16,v1.0,2026-05-22 04:28:50.530
6025c79c035c3d772133b8b8238463b2,91.17742598725836,Average Seller,2,Average Seller,5.0,0.0,989.74,v1.0,2026-05-22 04:28:50.530
6039e27294dc75811c0d8a39069f52c0,74.46131408023763,Average Seller,2,Average Seller,3.6875,17.1875,13670.7,v1.0,2026-05-22 04:28:50.530
60562ab00b8054280520d390c8c0045c,88.70673431140257,Average Seller,2,Average Seller,4.764705882352941,0.0,2943.0,v1.0,2026-05-22 04:28:50.530
6061155addc1e54b4cfb51c1c2a32ad8,89.21884614161881,Average Seller,2,Average Seller,4.642857142857143,3.571428571428571,15633.4,v1.0,2026-05-22 04:28:50.530
606ce7768feac12c5e8bd58db8b08f0f,89.32743320292622,Average Seller,2,Average Seller,4.8,0.0,2916.6,v1.0,2026-05-22 04:28:50.530
609e1a9a6c2539919b8205cf7c4e6ff0,78.86984529511022,Average Seller,2,Average Seller,3.781609195402299,1.1494252873563218,6595.23,v1.0,2026-05-22 04:28:50.530
60ad151920c4f6f3ebbe8cfdf6166779,45.89918610118495,Underperformer,1,Underperformer,1.0,0.0,130.0,v1.0,2026-05-22 04:28:50.530
60da8bfa7eebe230b7d66ac4082d79b3,68.58049219692391,Average Seller,2,Average Seller,4.333333333333333,33.33333333333333,86.6,v1.0,2026-05-22 04:28:50.530
610f72e407cdd7caaa2f8167b0163fd8,75.66989459294567,Average Seller,2,Average Seller,3.625,12.5,13585.16,v1.0,2026-05-22 04:28:50.530
612170e34b97004b3ba37eae81836b4c,88.63266357283038,Average Seller,2,Average Seller,4.429906542056075,0.9345794392523363,23065.02,v1.0,2026-05-22 04:28:50.530
612a743d294c27884fb7b80d2b19ba35,84.00395681863664,Average Seller,2,Average Seller,4.5,0.0,3057.7,v1.0,2026-05-22 04:28:50.530
615005a3ef192c00c6f0e977cee3d2bc,73.57276778120941,Average Seller,2,Average Seller,3.8,10.0,286.5,v1.0,2026-05-22 04:28:50.530
615c3462099ffa940d37b17dfda19594,88.81121268461428,Average Seller,2,Average Seller,5.0,0.0,229.0,v1.0,2026-05-22 04:28:50.530
6179a28a13a726c29b3bf54c070dccab,69.36751721483245,Average Seller,2,Average Seller,3.0,0.0,600.0,v1.0,2026-05-22 04:28:50.530
6187a137b2af59dfdbad8d9f8c373c14,66.01273232883243,Average Seller,2,Average Seller,3.0,0.0,74.8,v1.0,2026-05-22 04:28:50.530
61b18775be84fb700a6b2d0ba097bf66,84.92293759253819,Average Seller,2,Average Seller,4.75,0.0,334.5,v1.0,2026-05-22 04:28:50.530
61b893c57e33626afb104d4112b1be76,45.01678863576513,Underperformer,1,Underperformer,1.0,0.0,74.99,v1.0,2026-05-22 04:28:50.530
61c36f0fc4a47f9532e5512b66668e62,48.728533026921475,Underperformer,1,Underperformer,1.0,0.0,750.0,v1.0,2026-05-22 04:28:50.530
61f159ef6da2d441951d2c0efa719362,46.18187050097199,Underperformer,1,Underperformer,1.0,0.0,154.97,v1.0,2026-05-22 04:28:50.530
620c87c171fb2a6dd6e8bb4dec959fc6,86.87745349610488,Top Performer,0,Top Performer,4.236486486486487,8.513513513513514,114774.5,v1.0,2026-05-22 04:28:50.530
6219ba2359cfb97f2e38fd4c321eb309,52.36503860772457,Underperformer,1,Underperformer,3.0,50.0,487.5,v1.0,2026-05-22 04:28:50.530
6235903333ba7de1928c869e268e5964,87.37957995305513,Average Seller,2,Average Seller,5.0,0.0,94.06,v1.0,2026-05-22 04:28:50.530
623ad9d0c1e14bb5464a8c72bff7b4af,69.39552338187971,Average Seller,2,Average Seller,4.0,0.0,95.0,v1.0,2026-05-22 04:28:50.530
624f4ece8da4aafb77699233d480f8ef,82.26098580580997,Average Seller,2,Average Seller,4.188679245283019,7.547169811320755,9205.0,v1.0,2026-05-22 04:28:50.530
626ab1cd96932367f0eeec2e47046c12,85.63125571188918,Average Seller,2,Average Seller,4.666666666666667,0.0,1310.0,v1.0,2026-05-22 04:28:50.530
62760d278921b5f352461620d68a9cee,65.69973015256403,Average Seller,2,Average Seller,3.6666666666666665,33.33333333333333,397.0,v1.0,2026-05-22 04:28:50.530
6288c69c4ce638e59925e59193f98b16,78.45032758662907,Average Seller,2,Average Seller,3.9545454545454546,4.545454545454546,4506.28,v1.0,2026-05-22 04:28:50.530
62c50c1af4dfdc4149d25c5222043d39,78.28164011229275,Average Seller,2,Average Seller,3.7142857142857144,0.0,2785.72,v1.0,2026-05-22 04:28:50.530
62d977e2b2aee830de3e039a28490d12,47.71108919957197,Underperformer,1,Underperformer,1.0,0.0,399.8,v1.0,2026-05-22 04:28:50.530
62de60d81c55c29d76a6bce418b31cef,69.52521500296487,Average Seller,2,Average Seller,4.0,0.0,103.0,v1.0,2026-05-22 04:28:50.530
630008e0f062605a415d694489f6f82e,70.55836964640059,Average Seller,2,Average Seller,3.5,0.0,105.15,v1.0,2026-05-22 04:28:50.530
63191ead8d3b2f937cd1996fdcbbad20,89.57275029827677,Average Seller,2,Average Seller,5.0,0.0,367.0,v1.0,2026-05-22 04:28:50.530
63272377184e969942f7fff221be858d,88.12617729470593,Average Seller,2,Average Seller,5.0,0.0,149.7,v1.0,2026-05-22 04:28:50.530
6338ea67c41078a46ad99cc009654956,85.7221147770921,Average Seller,2,Average Seller,4.486486486486487,0.0,2286.09,v1.0,2026-05-22 04:28:50.530
633ecdf879b94b5337cca303328e4a25,34.587198947732375,Underperformer,1,Underperformer,1.6666666666666667,66.66666666666666,1037.6,v1.0,2026-05-22 04:28:50.530
634964b17796e64304cadf1ad3050fb7,82.0805818313663,Average Seller,2,Average Seller,4.026119402985074,9.328358208955224,39465.1,v1.0,2026-05-22 04:28:50.530
63704069d9bd3a75c1cf59babe56004a,14.642066983390906,Underperformer,1,Underperformer,1.0,100.0,59.3,v1.0,2026-05-22 04:28:50.530
638cba8be1fb599bbb76fd6948351eb3,85.18618659210784,Average Seller,2,Average Seller,4.647058823529412,0.0,598.2,v1.0,2026-05-22 04:28:50.530
63a79f5a7eb5cb48a7e5787b141c7993,83.59050167094628,Average Seller,2,Average Seller,4.545454545454546,0.0,815.1,v1.0,2026-05-22 04:28:50.530
63b464dbf392c7b80d12d932fa7cafed,77.53740017510546,Average Seller,2,Average Seller,3.7837837837837838,5.405405405405405,6781.0,v1.0,2026-05-22 04:28:50.530
63b9ae557efed31d1f7687917d248a8d,79.61262219211021,Average Seller,2,Average Seller,4.2,0.0,139.5,v1.0,2026-05-22 04:28:50.530
63bc58679c44e8a998792119fd7ad23e,42.92524562920954,Underperformer,1,Underperformer,1.0,0.0,19.9,v1.0,2026-05-22 04:28:50.530
63ffcb71394dd8ea3872ed9ffda17c74,66.2960871693688,Average Seller,2,Average Seller,3.176470588235294,5.88235294117647,399.0,v1.0,2026-05-22 04:28:50.530
640e21a7d01df7614a3b4923e990d40c,83.89243581917582,Average Seller,2,Average Seller,4.301724137931035,4.310344827586207,7598.88,v1.0,2026-05-22 04:28:50.530
6426d21aca402a131fc0a5d0960a3c90,79.67612791708522,Average Seller,2,Average Seller,4.173913043478261,0.0,1209.64,v1.0,2026-05-22 04:28:50.530
643214e62b870443ccbe55ab29a4dccf,81.11275135144541,Average Seller,2,Average Seller,4.409090909090909,10.606060606060606,3270.13,v1.0,2026-05-22 04:28:50.530
643c01d7c56a724bec0454f4780e8a3e,79.63697293578963,Average Seller,2,Average Seller,4.5,0.0,205.55,v1.0,2026-05-22 04:28:50.530
6481e96574816ead57975da2c0f6d80d,81.0146558191026,Average Seller,2,Average Seller,4.1875,3.125,3324.9,v1.0,2026-05-22 04:28:50.530
64b87978a11c1ea7501a89eabe8c2c1a,57.468316663281904,Underperformer,1,Underperformer,2.0,0.0,489.93,v1.0,2026-05-22 04:28:50.530
64c9a1db4e73e19aaafd3286dc448c96,89.86228108040945,Average Seller,2,Average Seller,5.0,0.0,439.0,v1.0,2026-05-22 04:28:50.530
64cc804291f90c81f02bfc2bb58ff55a,90.12858734412514,Average Seller,2,Average Seller,5.0,0.0,517.6,v1.0,2026-05-22 04:28:50.530
651530bf5c607240ccdd89a30c9c9712,70.59203406998216,Average Seller,2,Average Seller,4.0,0.0,199.9,v1.0,2026-05-22 04:28:50.530
651fe66032c9520ee5587f694908040d,76.23753639479693,Average Seller,2,Average Seller,4.0,0.0,464.0,v1.0,2026-05-22 04:28:50.530
6524b847b982cd56bb5d4b02b776ee42,42.79158361470489,Underperformer,1,Underperformer,4.0,100.0,779.8,v1.0,2026-05-22 04:28:50.530
6548c2550b6e2d8f18053216e1c7b6f3,88.72958558677333,Average Seller,2,Average Seller,5.0,0.0,217.7,v1.0,2026-05-22 04:28:50.530
655220df33262c7e0c4949a147366f94,76.65739701485462,Average Seller,2,Average Seller,4.076923076923077,15.384615384615385,2245.0,v1.0,2026-05-22 04:28:50.530
6560211a19b47992c3666cc44a7e94c0,83.88465720164048,Top Performer,0,Top Performer,3.9190938511326863,5.177993527508091,123304.83,v1.0,2026-05-22 04:28:50.530
6561d6bf844e464b4019442692b40e02,86.0904259079419,Average Seller,2,Average Seller,5.0,0.0,41.9,v1.0,2026-05-22 04:28:50.530
6562efe88ce0826a4ca4f189f03b4b84,71.6226123876273,Average Seller,2,Average Seller,3.7777777777777777,11.11111111111111,1135.9,v1.0,2026-05-22 04:28:50.530
656591be56071d4c9ef4e5fee78a578a,75.76940868766268,Average Seller,2,Average Seller,4.571428571428571,28.57142857142857,1702.0,v1.0,2026-05-22 04:28:50.530
6576fd3e23c88f0e5d4d23f39bba0542,42.440929051123064,Underperformer,1,Underperformer,1.0,0.0,14.5,v1.0,2026-05-22 04:28:50.530
657969cca82e884d272385ec0ef06edd,82.01492700086803,Average Seller,2,Average Seller,4.666666666666667,0.0,139.7,v1.0,2026-05-22 04:28:50.530
659e8466eb3ff1b0e8740d74fb7bbedd,84.0180528205759,Average Seller,2,Average Seller,4.363636363636363,0.0,1486.8,v1.0,2026-05-22 04:28:50.530
65a7c0788e4d632ccb5e1b594b87f0bb,80.39048454092327,Average Seller,2,Average Seller,4.333333333333333,0.0,266.7,v1.0,2026-05-22 04:28:50.530
65b081a070633e057c462abdd6fb9dd8,83.06268234987354,Average Seller,2,Average Seller,4.315789473684211,0.0,1885.09,v1.0,2026-05-22 04:28:50.530
65c255b299faf2d12050937cc219c46c,78.27648600419714,Average Seller,2,Average Seller,4.5,0.0,88.2,v1.0,2026-05-22 04:28:50.530
65febd49fd28ec955651299159b1f527,84.93507465574943,Average Seller,2,Average Seller,4.314285714285714,0.0,4319.7,v1.0,2026-05-22 04:28:50.530
6601ee6383e7f452be71929f8de48bbb,70.16757550540295,Average Seller,2,Average Seller,4.0,0.0,153.6,v1.0,2026-05-22 04:28:50.530
6614814a00d344b846ae209f95ee7e3f,42.27601255832635,Underperformer,1,Underperformer,1.0,0.0,13.0,v1.0,2026-05-22 04:28:50.530
661ad5fcc28cdfb8bcadb12bb2272475,88.67097259108559,Average Seller,2,Average Seller,5.0,0.0,209.93,v1.0,2026-05-22 04:28:50.530
6624bc09786f0e41ae48dfc5eeb1a9e2,87.30064552134507,Average Seller,2,Average Seller,5.0,0.0,89.54,v1.0,2026-05-22 04:28:50.530
6650fcccd8cd2f7e55ffa524f30c4c59,64.83262418235766,Average Seller,2,Average Seller,2.6666666666666665,0.0,529.7,v1.0,2026-05-22 04:28:50.530
666658b8da8370f30e1f89893b1de5e6,89.23631632943831,Average Seller,2,Average Seller,5.0,0.0,298.0,v1.0,2026-05-22 04:28:50.530
668bf321538e5072858eaef6087ce027,84.92524562920953,Average Seller,2,Average Seller,5.0,0.0,19.9,v1.0,2026-05-22 04:28:50.530
66922902710d126a0e7d26b0e3805106,85.68220765192211,Average Seller,2,Average Seller,4.450331125827814,7.28476821192053,14362.3,v1.0,2026-05-22 04:28:50.530
669ae81880e08f269a64487cfb287169,84.24348160274073,Average Seller,2,Average Seller,4.2407407407407405,4.320987654320987,13248.87,v1.0,2026-05-22 04:28:50.530
66d5ae34537110d3affc56174dad2b2f,43.7518405968359,Underperformer,1,Underperformer,1.0,0.0,33.81,v1.0,2026-05-22 04:28:50.530
66dc1b1632bd6a3e508510c5b3492107,75.10592467590577,Average Seller,2,Average Seller,3.5675675675675675,2.7027027027027026,3721.39,v1.0,2026-05-22 04:28:50.530
66e0557ecc2b4dbea057e93f215f68d8,75.79855233864741,Average Seller,2,Average Seller,3.935483870967742,19.35483870967742,12480.0,v1.0,2026-05-22 04:28:50.530
66fd84ee7528c0c0de85d0f44a73d5ab,68.69141290584659,Average Seller,2,Average Seller,3.3636363636363638,9.090909090909092,1438.11,v1.0,2026-05-22 04:28:50.530
670a9dda115b5a88b18cfadee8de2332,82.1481310690442,Average Seller,2,Average Seller,4.454545454545454,0.0,918.9,v1.0,2026-05-22 04:28:50.530
670c26e0f1bf8d0576271d5cfaec6d2b,83.2112662944099,Average Seller,2,Average Seller,4.269230769230769,5.128205128205128,6341.6,v1.0,2026-05-22 04:28:50.530
671585f5a2af58b6e276bc01003c0d2b,86.95496806805997,Average Seller,2,Average Seller,4.703703703703703,0.0,1244.0,v1.0,2026-05-22 04:28:50.530
67225bff54a172ff67579aaf583efd78,85.03973320444626,Average Seller,2,Average Seller,4.5,0.0,1238.0,v1.0,2026-05-22 04:28:50.530
674207551483fec113276b67b0d871ff,87.76918523679632,Average Seller,2,Average Seller,5.0,0.0,119.9,v1.0,2026-05-22 04:28:50.530
6750d71153f00fc58829af2a8ef1bcf1,83.2292560405265,Average Seller,2,Average Seller,4.166666666666667,0.0,3514.0,v1.0,2026-05-22 04:28:50.530
67883baaae6134ee81b271a542613728,81.64826145282093,Average Seller,2,Average Seller,4.105263157894737,5.263157894736842,8167.9,v1.0,2026-05-22 04:28:50.530
679769a98cfcc6da877c8486ff1c13f3,88.54282494126029,Average Seller,2,Average Seller,4.571428571428571,0.0,7029.0,v1.0,2026-05-22 04:28:50.530
67bf6941ba2f1fa1d02c375766bc3e53,81.3620440052194,Average Seller,2,Average Seller,4.125,6.25,5610.0,v1.0,2026-05-22 04:28:50.530
67e43d802fde8cfd3f9580124f8167d1,43.850699099364874,Underperformer,1,Underperformer,1.0,0.0,36.0,v1.0,2026-05-22 04:28:50.530
6806dad1da97bfb5a9038eac6881f706,77.62552669852536,Average Seller,2,Average Seller,4.1,0.0,1477.0,v1.0,2026-05-22 04:28:50.530
681fce914360217db47784ae28905a96,76.62028607746541,Average Seller,2,Average Seller,3.869565217391304,13.043478260869565,4127.33,v1.0,2026-05-22 04:28:50.530
6824a69c9ea0313eba299dd4a2dba09a,86.20519397767143,Average Seller,2,Average Seller,4.666666666666667,0.0,666.9,v1.0,2026-05-22 04:28:50.530
685b870da5b52a710782c9c0fefbeb5b,26.438720807689375,Underperformer,1,Underperformer,2.0,100.0,627.0,v1.0,2026-05-22 04:28:50.530
6860153b69cc696d5dcfe1cdaaafcf62,79.44881844551958,Average Seller,2,Average Seller,4.054054054054054,8.108108108108109,3827.63,v1.0,2026-05-22 04:28:50.530
6861de0f40cacb0602e473c51639f980,67.35566052599555,Average Seller,2,Average Seller,3.6,20.0,674.0,v1.0,2026-05-22 04:28:50.530
686886775c8f6b1191c7b953fb52708c,88.50164965141921,Average Seller,2,Average Seller,5.0,0.0,189.0,v1.0,2026-05-22 04:28:50.530
6879c4d287a8dd06b11f54ea8f78e4da,83.15974783823837,Average Seller,2,Average Seller,4.333333333333333,0.0,527.67,v1.0,2026-05-22 04:28:50.530
688756f717c462a206ad854c5027a64a,78.20734463720018,Average Seller,2,Average Seller,3.8433734939759034,3.614457831325301,5966.54,v1.0,2026-05-22 04:28:50.530
68ca56ce86830f3d31b1b7ec6a54da3e,76.32822487196415,Average Seller,2,Average Seller,3.8333333333333335,0.0,719.59,v1.0,2026-05-22 04:28:50.530
68f86ba270525243e68ae74044f992b9,81.34440053445596,Average Seller,2,Average Seller,4.363636363636363,0.0,876.5,v1.0,2026-05-22 04:28:50.530
6902157ee16728322d61a1321fa79e58,67.23128528357215,Average Seller,2,Average Seller,3.0,0.0,159.8,v1.0,2026-05-22 04:28:50.530
693660429f9dc4ff704eb3d88dad54d7,74.82322155133107,Average Seller,2,Average Seller,4.0,0.0,124.0,v1.0,2026-05-22 04:28:50.530
695051e2981c8b19e77cafe450d5bdf3,88.32866041030483,Average Seller,2,Average Seller,5.0,0.0,169.76,v1.0,2026-05-22 04:28:50.530
6973a06f484aacf400ece213dbf3d946,73.94269398129302,Average Seller,2,Average Seller,3.568421052631579,13.684210526315791,11011.05,v1.0,2026-05-22 04:28:50.530
698624c6632eeba1774924dbea24c700,84.92524562920953,Average Seller,2,Average Seller,5.0,0.0,19.9,v1.0,2026-05-22 04:28:50.530
6989574bd97d9773f10d232b6c07da59,90.09231249737113,Average Seller,2,Average Seller,4.857142857142857,0.0,2478.4,v1.0,2026-05-22 04:28:50.530
698f5fa55a5f73d0740e9d9a773e8093,83.27052486505251,Average Seller,2,Average Seller,4.75,0.0,120.0,v1.0,2026-05-22 04:28:50.530
69a43819c758c65a5befb0b471c954d7,71.24631058809783,Average Seller,2,Average Seller,4.0,0.0,299.85,v1.0,2026-05-22 04:28:50.530
69b5eaa096c3f9d1e5c398c597f567d6,91.09051956547988,Average Seller,2,Average Seller,5.0,0.0,938.0,v1.0,2026-05-22 04:28:50.530
6a0cbc8af2e8abd1bdfb777943d174c6,77.90989105601663,Average Seller,2,Average Seller,4.0285714285714285,8.571428571428571,3894.05,v1.0,2026-05-22 04:28:50.530
6a3139c7bf09ece22a4713d956acbe5e,86.71046559245404,Average Seller,2,Average Seller,5.0,0.0,61.9,v1.0,2026-05-22 04:28:50.530
6a38087bc8ad4f89ff453561005f6dea,85.64224517288356,Average Seller,2,Average Seller,4.6,0.0,1833.43,v1.0,2026-05-22 04:28:50.530
6a51fc556dab5f766ced6fbc860bc613,76.5510375383467,Average Seller,2,Average Seller,3.769230769230769,7.6923076923076925,7577.67,v1.0,2026-05-22 04:28:50.530
6a53b90c3ad9e0b56d9fe5c69165fff5,66.01584800716456,Average Seller,2,Average Seller,3.5,0.0,139.78,v1.0,2026-05-22 04:28:50.530
6a8a889bde935bafa76d7848782dfaf9,75.5669342849824,Average Seller,2,Average Seller,4.038461538461538,7.6923076923076925,860.82,v1.0,2026-05-22 04:28:50.530
6a8b085f816a1f75f92dbac6eb545f8f,80.13253216411361,Average Seller,2,Average Seller,4.110236220472441,7.874015748031496,6018.97,v1.0,2026-05-22 04:28:50.530
6aa3928696eab49a19a466e665a649fd,85.37602201704117,Average Seller,2,Average Seller,4.611111111111111,5.555555555555555,2075.0,v1.0,2026-05-22 04:28:50.530
6b15924333bd1a741595fe981ea04822,85.3580517547035,Average Seller,2,Average Seller,4.666666666666667,0.0,614.32,v1.0,2026-05-22 04:28:50.530
6b1c4d4d9ccf0be3d8544eb0e71e5318,92.05226617519307,Average Seller,2,Average Seller,5.0,0.0,1699.0,v1.0,2026-05-22 04:28:50.530
6b243f80ed07b10f0e8aa0f21a205f3c,83.48112605749239,Average Seller,2,Average Seller,4.265822784810126,3.79746835443038,6260.1,v1.0,2026-05-22 04:28:50.530
6b2612338467c08c9b25f0cc55b1578d,69.35968633811193,Average Seller,2,Average Seller,4.0,0.0,92.9,v1.0,2026-05-22 04:28:50.530
6b333a05bf188ef3e1f1662a86bd9855,81.43540476738734,Average Seller,2,Average Seller,4.333333333333333,8.333333333333332,3990.91,v1.0,2026-05-22 04:28:50.530
6b3bd31ad8fcda4b2635ec9f3ff2ecdf,79.12881137620376,Average Seller,2,Average Seller,4.0,8.333333333333332,4198.9,v1.0,2026-05-22 04:28:50.530
6b536a23086fba0d58c08d68814397f6,78.16064947362514,Average Seller,2,Average Seller,3.9473684210526314,5.263157894736842,2068.8,v1.0,2026-05-22 04:28:50.530
6b803197e03abd5056b4313306b4f29d,86.0256519675359,Average Seller,2,Average Seller,4.714285714285714,0.0,407.0,v1.0,2026-05-22 04:28:50.530
6b89abe95848c850399130d149a39b63,83.89939223637923,Average Seller,2,Average Seller,4.375,0.0,1135.2,v1.0,2026-05-22 04:28:50.530
6b90f847357d8981edd79a1eb1bf0acb,84.20494808227471,Average Seller,2,Average Seller,4.355555555555555,0.0,3322.08,v1.0,2026-05-22 04:28:50.530
6b9b80d53ba3676eafe60268a810b5a1,77.19217205096524,Average Seller,2,Average Seller,3.9,0.0,882.7,v1.0,2026-05-22 04:28:50.530
6ba4733aa33f6386e9fb0c0fd3993b38,82.12714465833227,Average Seller,2,Average Seller,4.666666666666667,0.0,149.79,v1.0,2026-05-22 04:28:50.530
6bb0724edf0b62fb91ac404873a97241,82.35091879111917,Average Seller,2,Average Seller,4.294117647058823,5.88235294117647,3653.0,v1.0,2026-05-22 04:28:50.530
6bb62a4912377c7bfe7cb17b406bc7e6,82.20576321247219,Average Seller,2,Average Seller,4.25,0.0,739.52,v1.0,2026-05-22 04:28:50.530
6bb66d9870c2e01c05655c7ed0e7ee13,71.73767938580947,Average Seller,2,Average Seller,3.6666666666666665,0.0,269.0,v1.0,2026-05-22 04:28:50.530
6bbcb8924baf70b7fe2fe2097e8cd407,86.59982652095695,Average Seller,2,Average Seller,4.5,0.0,2382.5,v1.0,2026-05-22 04:28:50.530
6bcb2352a2a0c38b845f598298ab9d26,64.65547250461753,Average Seller,2,Average Seller,3.0,0.0,31.8,v1.0,2026-05-22 04:28:50.530
6bd503a8230299c9316fb0f726933927,77.37286305031274,Average Seller,2,Average Seller,4.75,25.0,324.29,v1.0,2026-05-22 04:28:50.530
6bd69102ab48df500790a8cecfc285c2,66.57609436425285,Average Seller,2,Average Seller,3.0,20.0,8070.0,v1.0,2026-05-22 04:28:50.530
6bef34c5be6f2bbd70aa5165f6df94b1,57.486560909363085,Underperformer,1,Underperformer,2.0,0.0,1198.0,v1.0,2026-05-22 04:28:50.530
6c12e40690c335dbc2f68a4134d30dc1,79.6526651331834,Average Seller,2,Average Seller,3.8125,0.0,9139.2,v1.0,2026-05-22 04:28:50.530
6c177e38df6d3f34182b1f1d427231bf,81.64795977670187,Average Seller,2,Average Seller,4.036363636363636,1.8181818181818181,8341.89,v1.0,2026-05-22 04:28:50.530
6c17baf138731a4aaacc3210adf2037b,90.19350521443391,Average Seller,2,Average Seller,5.0,0.0,538.8,v1.0,2026-05-22 04:28:50.530
6c1b6d0c604b776f844125f911eb7377,69.07716329247376,Average Seller,2,Average Seller,3.4,0.0,443.06,v1.0,2026-05-22 04:28:50.530
6c6cc59a5c00cacc5054ca06d65cc282,91.35867010011492,Average Seller,2,Average Seller,5.0,0.0,1107.0,v1.0,2026-05-22 04:28:50.530
6c6e3d67f969468f3bfd33f827a31222,85.17560069540393,Average Seller,2,Average Seller,4.8,0.0,224.0,v1.0,2026-05-22 04:28:50.530
6c77cd583b36a13aacccf2b3ee23e233,84.84580421493844,Average Seller,2,Average Seller,5.0,0.0,18.9,v1.0,2026-05-22 04:28:50.530
6c7d50c24b3ccd2fd83b44d8bb34e073,85.53985791074442,Average Seller,2,Average Seller,4.359649122807017,1.7543859649122806,8699.34,v1.0,2026-05-22 04:28:50.530
6c9875b2f94ba781186f0c1aed8d1687,85.27902958244962,Average Seller,2,Average Seller,5.0,0.0,25.0,v1.0,2026-05-22 04:28:50.530
6c99c983ce3b6ba0ab813e6790e81691,74.88386082910844,Average Seller,2,Average Seller,3.7777777777777777,0.0,546.75,v1.0,2026-05-22 04:28:50.530
6cd68b3ed6d59aaa9fece558ad360c0a,86.66249453467532,Average Seller,2,Average Seller,4.456375838926174,1.342281879194631,11188.57,v1.0,2026-05-22 04:28:50.530
6cf476a4ca74498db55cbccdaa9dcfb6,63.42717976954341,Underperformer,1,Underperformer,3.0,16.666666666666664,939.93,v1.0,2026-05-22 04:28:50.530
6d04126aba80df143fd038e711b8fd96,15.308678657698497,Underperformer,1,Underperformer,1.0,100.0,89.99,v1.0,2026-05-22 04:28:50.530
6d1b9c9579132c87d2703ec38c30f2c5,82.74544865089837,Average Seller,2,Average Seller,4.5,0.0,299.69,v1.0,2026-05-22 04:28:50.530
6d22a1fcebb6dd08c9cd90b92a93e8d0,81.3374401435239,Average Seller,2,Average Seller,4.25,0.0,723.7,v1.0,2026-05-22 04:28:50.530
6d2f2e3b539480db1e0842b3a4e32e6e,75.2788873671003,Average Seller,2,Average Seller,3.6666666666666665,0.0,305.96,v1.0,2026-05-22 04:28:50.530
6d66611d7c44cc30ce351abc49a68421,80.09557578951512,Average Seller,2,Average Seller,3.927710843373494,5.421686746987952,13593.4,v1.0,2026-05-22 04:28:50.530
6d7f8d9d594e28796b6b3205b00f459c,75.78265645826143,Average Seller,2,Average Seller,3.6666666666666665,0.0,417.9,v1.0,2026-05-22 04:28:50.530
6d803cb79cc31c41c4c789a75933b3c7,82.42413497936944,Average Seller,2,Average Seller,4.241379310344827,6.896551724137931,8711.4,v1.0,2026-05-22 04:28:50.530
6d988d6174a2c27441597174f8905515,75.06712768961467,Average Seller,2,Average Seller,4.105263157894737,10.526315789473683,371.73,v1.0,2026-05-22 04:28:50.530
6da1992f915d77be95d7fa48b36904af,76.7365645257283,Average Seller,2,Average Seller,4.0,0.0,261.0,v1.0,2026-05-22 04:28:50.530
6dc9bec584588412a6a338830946a3e4,52.25592198357501,Underperformer,1,Underperformer,1.5,0.0,560.0,v1.0,2026-05-22 04:28:50.530
6dd7dce75cd55c1ce255dc38d9f0cd46,69.0170018445665,Average Seller,2,Average Seller,4.0,0.0,75.0,v1.0,2026-05-22 04:28:50.530
6ddc28b61be28373b4503a1f61cf98a9,79.17516762820857,Average Seller,2,Average Seller,4.181818181818182,9.090909090909092,1732.9,v1.0,2026-05-22 04:28:50.530
6df688df543f90e9b38f4319e75a9d88,86.12536792742253,Average Seller,2,Average Seller,4.575,0.0,1949.96,v1.0,2026-05-22 04:28:50.530
6e0908ef4d4efadbc3cc2b74ea477cb0,71.58882208910698,Average Seller,2,Average Seller,3.75,12.5,589.45,v1.0,2026-05-22 04:28:50.530
6e13dd869aa7185f601c941423abcc8f,86.54227642948196,Average Seller,2,Average Seller,4.8,0.0,522.0,v1.0,2026-05-22 04:28:50.530
6e1862e15f33d9994bc25922a85e1efc,80.19030788074613,Average Seller,2,Average Seller,4.0,0.0,732.49,v1.0,2026-05-22 04:28:50.530
6e2d3e2dc84fb30f6078f39dd3bddd6f,46.739188370151844,Underperformer,1,Underperformer,1.0,0.0,219.0,v1.0,2026-05-22 04:28:50.530
6e386f64c84e482f0b9abf960797ee1b,86.67418670745597,Average Seller,2,Average Seller,4.5,6.666666666666667,12938.3,v1.0,2026-05-22 04:28:50.530
6e4a902d1054e4e17aa6eab87fac1c75,73.47375675778949,Average Seller,2,Average Seller,4.142857142857143,14.285714285714285,586.57,v1.0,2026-05-22 04:28:50.530
6e4f5ff6b086632ba8dcb558fb10249e,74.10980542455113,Average Seller,2,Average Seller,3.4,0.0,838.9,v1.0,2026-05-22 04:28:50.530
6e85dc5ecd97a61094b89b046a509d8e,46.32998827574062,Underperformer,1,Underperformer,1.0,0.0,169.9,v1.0,2026-05-22 04:28:50.530
6e864f5c4669eff3d98140a07cc50202,81.01579502290664,Average Seller,2,Average Seller,4.461538461538462,7.6923076923076925,740.59,v1.0,2026-05-22 04:28:50.530
6eb94e1466490d327a09abf8f3552a50,80.66339518417863,Average Seller,2,Average Seller,4.1,0.0,1511.95,v1.0,2026-05-22 04:28:50.530
6ebf4eceee4dd9847201c82e77ef8123,86.65810949349019,Average Seller,2,Average Seller,5.0,0.0,59.9,v1.0,2026-05-22 04:28:50.530
6ec1a01e866584bb679eb9b098345919,76.76268612147764,Average Seller,2,Average Seller,4.032258064516129,19.35483870967742,4248.91,v1.0,2026-05-22 04:28:50.530
6edacfd9f9074789dad6d62ba7950b9c,85.7994832415436,Average Seller,2,Average Seller,4.350961538461538,4.326923076923077,13147.1,v1.0,2026-05-22 04:28:50.530
6ee85be3693ed79a8e80718743d80655,54.243946272337936,Underperformer,1,Underperformer,2.3333333333333335,22.22222222222222,484.5,v1.0,2026-05-22 04:28:50.530
6eeed17989b0ae47c9f11ece6f38ea90,76.24723413282153,Average Seller,2,Average Seller,3.6666666666666665,0.0,557.0,v1.0,2026-05-22 04:28:50.530
6f1a1263039c76e68f40a8e536b1da6a,43.49351549961638,Underperformer,1,Underperformer,1.5,25.0,256.39,v1.0,2026-05-22 04:28:50.530
6f229cc508fc6915ed5c499efd93baa4,81.69817877366417,Average Seller,2,Average Seller,4.384615384615385,15.384615384615385,2654.8,v1.0,2026-05-22 04:28:50.530
6f835fd4be26989b1b064399da346143,88.57500820105948,Average Seller,2,Average Seller,5.0,0.0,197.8,v1.0,2026-05-22 04:28:50.530
6f83d9e4da896daae20b9b6b2d3ff8d2,82.942796558257,Average Seller,2,Average Seller,4.363636363636363,0.0,765.19,v1.0,2026-05-22 04:28:50.530
6f892e20a171e98efe17fdb971ff319b,77.48296974527223,Average Seller,2,Average Seller,3.9318181818181817,9.090909090909092,6438.7,v1.0,2026-05-22 04:28:50.530
6fa9202c10491e472dffd59a3e82b2a3,82.34894327735837,Average Seller,2,Average Seller,4.333333333333333,0.0,7014.24,v1.0,2026-05-22 04:28:50.530
6fc26fe110feebd80a433e1f012a84f9,75.38477828089974,Average Seller,2,Average Seller,3.914285714285714,11.428571428571429,4150.87,v1.0,2026-05-22 04:28:50.530
6fd52c528dcb38be2eea044946b811f8,71.52401068433531,Average Seller,2,Average Seller,3.3582089552238807,13.432835820895523,7743.02,v1.0,2026-05-22 04:28:50.530
7008613ea464bad5cb9b83456e1e6a8f,82.81539198784364,Average Seller,2,Average Seller,4.2362204724409445,4.724409448818897,7777.0,v1.0,2026-05-22 04:28:50.530
700f03c207639c22d933381ff60b35c2,65.97552333183839,Average Seller,2,Average Seller,4.0,50.0,1189.86,v1.0,2026-05-22 04:28:50.530
70125af26c2d6d4ef401a1d02ae7701f,82.39113789683181,Average Seller,2,Average Seller,4.6,0.0,371.2,v1.0,2026-05-22 04:28:50.530
70126eecc6aa1274392a1743866e9678,87.43553233520913,Average Seller,2,Average Seller,5.0,0.0,97.4,v1.0,2026-05-22 04:28:50.530
701938c450705b8ae65fc923b70f35c7,80.94995430787577,Average Seller,2,Average Seller,4.0,4.0,11983.28,v1.0,2026-05-22 04:28:50.530
702835e4b785b67a084280efca355756,83.4864578728234,Average Seller,2,Average Seller,5.0,0.0,7.6,v1.0,2026-05-22 04:28:50.530
7040e82f899a04d1b434b795a43b4617,75.38994915986783,Average Seller,2,Average Seller,3.589622641509434,7.547169811320755,9738.2,v1.0,2026-05-22 04:28:50.530
70849ca4f400aaabb62cb7462a6f1428,78.04072232477914,Average Seller,2,Average Seller,4.416666666666667,16.666666666666664,909.58,v1.0,2026-05-22 04:28:50.530
709e16e2b25c7474d980076c6bfc4806,85.64904587774042,Average Seller,2,Average Seller,4.516666666666667,3.3333333333333335,5151.9,v1.0,2026-05-22 04:28:50.530
70a12e78e608ac31179aea7f8422044b,78.93963898889386,Average Seller,2,Average Seller,3.7777777777777777,9.206349206349207,30858.53,v1.0,2026-05-22 04:28:50.530
70b52a4cfc823994561b00bad161b4ed,80.32656439579289,Average Seller,2,Average Seller,4.375,0.0,585.0,v1.0,2026-05-22 04:28:50.530
70bf57d811208f8923b41bbd499a67a4,79.65080029816893,Average Seller,2,Average Seller,4.142857142857143,0.0,780.8,v1.0,2026-05-22 04:28:50.530
70c0fda4c313d87115644d39e62eec60,85.33957927680834,Average Seller,2,Average Seller,5.0,0.0,25.99,v1.0,2026-05-22 04:28:50.530
70c27847eca8195c983ed7e798c56743,84.55398775612431,Average Seller,2,Average Seller,4.233766233766234,6.493506493506493,12077.52,v1.0,2026-05-22 04:28:50.530
70c4eedec9cb4a85cda2f3f9673557b4,73.00596211823733,Average Seller,2,Average Seller,3.5,0.0,479.8,v1.0,2026-05-22 04:28:50.530
70ee69419916dc13e3aed619061f996c,60.20347216750393,Average Seller,2,Average Seller,3.0,0.0,45.0,v1.0,2026-05-22 04:28:50.530
70eea00b476a314817cefde4aad4f89a,85.91885407268012,Average Seller,2,Average Seller,4.333333333333333,6.481481481481481,31994.65,v1.0,2026-05-22 04:28:50.530
70f7e8018e3d46c748c92f026aa2585a,88.88556314140736,Average Seller,2,Average Seller,5.0,0.0,239.8,v1.0,2026-05-22 04:28:50.530
70f84699be677ec988d1fa824aef7d90,86.7431652774039,Average Seller,2,Average Seller,4.6,0.0,1588.3,v1.0,2026-05-22 04:28:50.530
71039d19d4303bf9054d69e9a9236699,72.7827723559998,Average Seller,2,Average Seller,3.8,20.0,3537.2,v1.0,2026-05-22 04:28:50.530
710e3548e02bc1d2831dfc4f1b5b14d4,75.89931780886175,Average Seller,2,Average Seller,3.3455882352941178,3.6764705882352944,23979.11,v1.0,2026-05-22 04:28:50.530
71271995e85f5b8530be99ed54a91b89,59.533678778025234,Underperformer,1,Underperformer,2.5,12.5,776.0,v1.0,2026-05-22 04:28:50.530
712e6ed8aa4aa1fa65dab41fed5737e4,72.0987567061243,Average Seller,2,Average Seller,3.3544303797468356,20.253164556962027,39815.0,v1.0,2026-05-22 04:28:50.530
712efd3b68f9686dc856b84abd0f21ae,70.00684578569432,Average Seller,2,Average Seller,4.0,0.0,139.0,v1.0,2026-05-22 04:28:50.530
7139dc5186aa238b006e066d8fbab2e4,77.15551850990663,Average Seller,2,Average Seller,4.045454545454546,13.636363636363635,1712.0,v1.0,2026-05-22 04:28:50.530
713e3a23ca5e47786eb6f0d99f94cfac,86.88621915338379,Average Seller,2,Average Seller,4.75,0.0,1126.0,v1.0,2026-05-22 04:28:50.530
7142540dd4c91e2237acb7e911c4eba2,82.08773197192973,Average Seller,2,Average Seller,4.021943573667712,7.210031347962382,37373.56,v1.0,2026-05-22 04:28:50.530
714b9a1332840f257b49f476bea4e341,63.51714852673075,Average Seller,2,Average Seller,3.3333333333333335,33.33333333333333,1499.94,v1.0,2026-05-22 04:28:50.530
71592660bbcb6a4664e97b6f8b68babc,82.00492946763522,Average Seller,2,Average Seller,4.333333333333333,0.0,2027.18,v1.0,2026-05-22 04:28:50.530
71593c7413973a1e160057b80d4958f6,68.24442450457482,Average Seller,2,Average Seller,3.0,0.0,299.5,v1.0,2026-05-22 04:28:50.530
715bbd5ba4e6b74cb0d2f29eb45058b0,83.87588590485201,Average Seller,2,Average Seller,4.467741935483871,8.064516129032258,4043.3,v1.0,2026-05-22 04:28:50.530
7178e1eaa97257d8b6d4b80efd77a025,88.31091471488958,Average Seller,2,Average Seller,5.0,0.0,167.9,v1.0,2026-05-22 04:28:50.530
7178f9f4dd81dcef02f62acdf8151e01,83.76553429419215,Average Seller,2,Average Seller,4.029556650246305,3.4482758620689653,37070.4,v1.0,2026-05-22 04:28:50.530
717b78b0950b51ed00b1471d858b0edc,70.00220978744271,Average Seller,2,Average Seller,4.0,20.0,138.6,v1.0,2026-05-22 04:28:50.530
718539d38d07dd351c76db862760e2e2,84.12870464433142,Average Seller,2,Average Seller,4.4324324324324325,0.0,1318.9,v1.0,2026-05-22 04:28:50.530
71dc18fd8cbf5fd77f45dd8b427abb34,91.31869770504369,Average Seller,2,Average Seller,5.0,0.0,1080.0,v1.0,2026-05-22 04:28:50.530
7202e2ba20579a9bd1acb29e61fe71f6,79.84546630942756,Average Seller,2,Average Seller,3.8679245283018866,3.7735849056603774,12750.5,v1.0,2026-05-22 04:28:50.530
720e6cf846ea7572cbb66b743fb91e6c,86.4930029496366,Average Seller,2,Average Seller,5.0,0.0,54.0,v1.0,2026-05-22 04:28:50.530
7210cd29727d674c00741e5e387b3ccd,80.6827798154896,Average Seller,2,Average Seller,4.444444444444445,11.11111111111111,729.09,v1.0,2026-05-22 04:28:50.530
72146da5774cabf2632faedcae097a76,70.60040014702827,Average Seller,2,Average Seller,4.0,25.0,200.94,v1.0,2026-05-22 04:28:50.530
7238a95bb63ef7e498389fb863b834a1,88.3850822592594,Average Seller,2,Average Seller,4.733333333333333,0.0,2265.7,v1.0,2026-05-22 04:28:50.530
7238f877570096ae403c51898fa64566,91.48926137712743,Average Seller,2,Average Seller,5.0,0.0,1200.0,v1.0,2026-05-22 04:28:50.530
723a46b89fd5c3ed78ccdf039e33ac63,68.82818439972046,Average Seller,2,Average Seller,4.0,0.0,66.64,v1.0,2026-05-22 04:28:50.530
723cd880edaacdb998898b67c8f9da30,78.78698351345025,Average Seller,2,Average Seller,4.090909090909091,9.090909090909092,2136.53,v1.0,2026-05-22 04:28:50.530
72431a818f97fe6ab9c81eee3e297e54,88.81754053928408,Average Seller,2,Average Seller,5.0,0.0,229.9,v1.0,2026-05-22 04:28:50.530
725af026f869236a8dd0ceb98564d156,73.17319288540679,Average Seller,2,Average Seller,3.4285714285714284,0.0,1177.71,v1.0,2026-05-22 04:28:50.530
725c32fa80c2faacc4fc88450d27314e,85.98969312144105,Average Seller,2,Average Seller,4.438202247191011,1.1235955056179776,7838.88,v1.0,2026-05-22 04:28:50.530
7299e27ed73d2ad986de7f7c77d919fa,87.83393684351431,Average Seller,2,Average Seller,4.420118343195266,4.142011834319527,34725.43,v1.0,2026-05-22 04:28:50.530
729b2d09b2a0bdab221076327f13d050,84.00228370957679,Average Seller,2,Average Seller,4.489795918367347,4.081632653061225,1822.11,v1.0,2026-05-22 04:28:50.530
729f06993dac8e860d4f02d7088ca48a,82.50200065619022,Average Seller,2,Average Seller,4.135416666666667,9.375,20485.08,v1.0,2026-05-22 04:28:50.530
72bc2cce903c872fe376a8faaa81d237,87.84468755703178,Average Seller,2,Average Seller,4.647058823529412,0.0,2149.2,v1.0,2026-05-22 04:28:50.530
72c38a04bd6a1c3dbc5298425a0db86d,75.49026740931264,Average Seller,2,Average Seller,3.75,0.0,647.3,v1.0,2026-05-22 04:28:50.530
72c5da29406b4234927b81855e7b64f6,83.0624378654704,Average Seller,2,Average Seller,4.129032258064516,3.225806451612903,11798.69,v1.0,2026-05-22 04:28:50.530
72c73be2b085b9d57650dd53eb2004c9,85.53235403771374,Average Seller,2,Average Seller,5.0,0.0,29.4,v1.0,2026-05-22 04:28:50.530
730937bf88cb151eb2eb849f642fc213,83.6008402989232,Average Seller,2,Average Seller,4.409090909090909,4.545454545454546,2821.2,v1.0,2026-05-22 04:28:50.530
7315baebc0572ff220d226283dc66728,73.36588699889852,Average Seller,2,Average Seller,4.0,0.0,49.85,v1.0,2026-05-22 04:28:50.530
731ef20c231d9a7103a425e83fd91271,70.04558065908562,Average Seller,2,Average Seller,3.5,0.0,1692.0,v1.0,2026-05-22 04:28:50.530
734def04b237117a09321dd6d8f3f2a2,91.55849473895368,Average Seller,2,Average Seller,5.0,0.0,1252.43,v1.0,2026-05-22 04:28:50.530
7354220fb240bde543b3c40c060d41e7,82.83656685481826,Average Seller,2,Average Seller,4.571428571428571,0.0,672.0,v1.0,2026-05-22 04:28:50.530
7357b52d27cbaa90f81a96cbc1279396,79.65337516868205,Average Seller,2,Average Seller,4.333333333333333,8.333333333333332,1328.02,v1.0,2026-05-22 04:28:50.530
739c7d7be81f63812dea0d1b1451c651,74.06944267691654,Average Seller,2,Average Seller,4.0,0.0,77.5,v1.0,2026-05-22 04:28:50.530
73a63f72308aa20a46f4b1632018f196,82.6516092280923,Average Seller,2,Average Seller,4.0344827586206895,0.0,9606.8,v1.0,2026-05-22 04:28:50.530
73b8eb4a9a729d4019b24ed1be748cbf,83.09926026570204,Average Seller,2,Average Seller,4.375,0.0,692.41,v1.0,2026-05-22 04:28:50.530
73da1880b39c71de2b262bc7720c1494,89.70379610271159,Average Seller,2,Average Seller,5.0,0.0,398.0,v1.0,2026-05-22 04:28:50.530
740205fedfe4e90ca6857bc77db0f2b4,88.81754053928408,Average Seller,2,Average Seller,5.0,0.0,229.9,v1.0,2026-05-22 04:28:50.530
7402d13c03a7e91366337cd1de471144,70.66192240309637,Average Seller,2,Average Seller,3.5,0.0,528.38,v1.0,2026-05-22 04:28:50.530
741f8c587cb4248ebc5b779a0e8e0e51,69.30796621170107,Average Seller,2,Average Seller,4.0,20.0,89.95,v1.0,2026-05-22 04:28:50.530
744dac408745240a2c2528fb1b6028f3,89.8822317528102,Average Seller,2,Average Seller,4.569620253164557,1.2658227848101267,22490.6,v1.0,2026-05-22 04:28:50.530
74636e24f01da9268b0ed88dacd8513e,72.78367877802523,Average Seller,2,Average Seller,4.0,25.0,776.0,v1.0,2026-05-22 04:28:50.530
747c1cdcd1737dcfbd1547f6eb6f2cf3,58.536241692493284,Underperformer,1,Underperformer,2.5,0.0,193.1,v1.0,2026-05-22 04:28:50.530
747e73c01a4593d4cf60dcf970fd2689,80.48394754530173,Average Seller,2,Average Seller,4.333333333333333,0.0,2217.99,v1.0,2026-05-22 04:28:50.530
74871d19219c7d518d0090283e03c137,90.22689708668275,Average Seller,2,Average Seller,5.0,0.0,550.04,v1.0,2026-05-22 04:28:50.530
7494d0dcba8551df6cf37f1b905dc2f7,60.23486717027642,Average Seller,2,Average Seller,3.0,0.0,45.9,v1.0,2026-05-22 04:28:50.530
749e7cdabbaf72f16677859e27874ba5,44.09042590794191,Underperformer,1,Underperformer,1.0,0.0,41.9,v1.0,2026-05-22 04:28:50.530
74a9b9bddf14ece02beb81f52c41a88d,70.39552338187971,Average Seller,2,Average Seller,3.5,0.0,95.0,v1.0,2026-05-22 04:28:50.530
74bafed391319577bce6f4d2acc0589a,66.85418690862612,Average Seller,2,Average Seller,2.6666666666666665,0.0,1847.0,v1.0,2026-05-22 04:28:50.530
74c7dec0a384d8a05950e629bd23bde9,73.29035368312462,Average Seller,2,Average Seller,3.6,0.0,187.68,v1.0,2026-05-22 04:28:50.530
750303a20e9c56b2a6bc45cdce0b897d,83.69021398080876,Average Seller,2,Average Seller,4.2407407407407405,3.7037037037037033,8085.0,v1.0,2026-05-22 04:28:50.530
751bdc4d83a466c7206cd42e8f426b03,79.44747814611179,Average Seller,2,Average Seller,3.7962962962962963,1.8518518518518516,6648.93,v1.0,2026-05-22 04:28:50.530
751e274377499a8503fd6243ad9c56f6,88.73180667044332,Average Seller,2,Average Seller,5.0,0.0,218.0,v1.0,2026-05-22 04:28:50.530
75745ef7bc7d4f3ea3380f6f5303f514,88.8069803436352,Average Seller,2,Average Seller,5.0,0.0,228.4,v1.0,2026-05-22 04:28:50.530
7586919161935337bf6b6d7ff5779648,73.47379551526141,Average Seller,2,Average Seller,3.8181818181818183,18.181818181818183,1664.71,v1.0,2026-05-22 04:28:50.530
75a4764c108403a7a0575140cb22287c,83.45549829658303,Average Seller,2,Average Seller,4.6,0.0,716.9,v1.0,2026-05-22 04:28:50.530
75d34ebb1bd0bd7dde40dd507b8169c3,76.65013059458879,Average Seller,2,Average Seller,3.7419354838709675,11.29032258064516,15048.28,v1.0,2026-05-22 04:28:50.530
75fbb52eda0cbc24f479d3b2fbfa8d3e,80.59337740708602,Average Seller,2,Average Seller,4.275,5.0,1130.99,v1.0,2026-05-22 04:28:50.530
75fdd0a732287f9497b179f6bd445d32,86.65810949349019,Average Seller,2,Average Seller,5.0,0.0,59.9,v1.0,2026-05-22 04:28:50.530
761681a821d8275bc79f552116d06869,89.51867028155911,Average Seller,2,Average Seller,5.0,0.0,354.92,v1.0,2026-05-22 04:28:50.530
762ed976527cddf02787edba70fffa2a,57.08789755567002,Underperformer,1,Underperformer,2.3333333333333335,0.0,179.8,v1.0,2026-05-22 04:28:50.530
762fafdaa57a532ee0119731697579dd,88.64596908358835,Average Seller,2,Average Seller,5.0,0.0,206.7,v1.0,2026-05-22 04:28:50.530
76623fde66e6b63b59440fd34160512d,72.13153854968881,Average Seller,2,Average Seller,4.0,0.0,65.4,v1.0,2026-05-22 04:28:50.530
7681ef142fd2c19048da7430856b5588,82.97455642343994,Average Seller,2,Average Seller,4.11864406779661,8.47457627118644,31941.81,v1.0,2026-05-22 04:28:50.530
76833248bbc0e65a0293ec62023e4396,92.61166589550665,Average Seller,2,Average Seller,5.0,0.0,2399.98,v1.0,2026-05-22 04:28:50.530
768a86e36ad6aae3d03ee3c6433d61df,81.03923437083542,Average Seller,2,Average Seller,4.647058823529412,11.76470588235294,587.46,v1.0,2026-05-22 04:28:50.530
768de2a4fc06aacecb9a586ccc30746a,82.56317464444761,Average Seller,2,Average Seller,4.428571428571429,0.0,475.6,v1.0,2026-05-22 04:28:50.530
76c47a299e4a8fe992316a85865acbe9,76.89990228915946,Average Seller,2,Average Seller,4.666666666666667,33.33333333333333,1024.46,v1.0,2026-05-22 04:28:50.530
76d336555bb25f3165d2f0d6da719c40,55.40105800643042,Underperformer,1,Underperformer,2.0,0.0,330.0,v1.0,2026-05-22 04:28:50.530
76d5af76d0271110f9af36c92573f765,83.13991958572437,Average Seller,2,Average Seller,4.122137404580153,9.16030534351145,33461.6,v1.0,2026-05-22 04:28:50.530
76d64c4aca3a7baf218bf93ef7fa768d,85.43101692915236,Average Seller,2,Average Seller,4.234375,3.125,16911.8,v1.0,2026-05-22 04:28:50.530
76de363de16dacc923eec8daf91df504,59.5416328481025,Underperformer,1,Underperformer,2.5,0.0,360.0,v1.0,2026-05-22 04:28:50.530
76ea5315acb3f5f7ade3cd261faf922a,80.12924533323124,Average Seller,2,Average Seller,4.266666666666667,6.666666666666667,1087.06,v1.0,2026-05-22 04:28:50.530
77128dec4bec4878c37ab7d6169d6f26,83.26470763744433,Average Seller,2,Average Seller,5.0,0.0,6.5,v1.0,2026-05-22 04:28:50.530
7722b1df1b0e383e000397b2c11e3e19,82.97922202177736,Average Seller,2,Average Seller,4.201492537313433,2.9850746268656714,7094.09,v1.0,2026-05-22 04:28:50.530
77530e9772f57a62c906e1c21538ab82,83.30486562526778,Average Seller,2,Average Seller,4.0875,9.0625,46610.4,v1.0,2026-05-22 04:28:50.530
77714512e8d4dda9c234da8e3faf16e4,77.90960731313668,Average Seller,2,Average Seller,4.25,0.0,243.4,v1.0,2026-05-22 04:28:50.530
777a0c55737f34ffeb78010f7542ab41,81.24458016314516,Average Seller,2,Average Seller,4.333333333333333,0.0,452.5,v1.0,2026-05-22 04:28:50.530
778323240ce2830d68aab11794e00bfb,76.50998540752246,Average Seller,2,Average Seller,4.333333333333333,0.0,189.98,v1.0,2026-05-22 04:28:50.530
77a515caa36327151d1cc6c32a9f00e1,81.32966321930171,Average Seller,2,Average Seller,4.423076923076923,11.538461538461538,2217.39,v1.0,2026-05-22 04:28:50.530
77dcbb67ccb3659bd58eaf5661560a30,49.16801135274761,Underperformer,1,Underperformer,1.0,0.0,984.0,v1.0,2026-05-22 04:28:50.530
77e4abfd739aed9c46480f90f81c0eb4,89.88447261973943,Average Seller,2,Average Seller,4.777777777777778,0.0,3736.99,v1.0,2026-05-22 04:28:50.530
77fccaae319668a8ab6cd0fd16aec48c,84.93056698372706,Average Seller,2,Average Seller,4.454545454545454,0.0,1667.0,v1.0,2026-05-22 04:28:50.530
7813ea3ebd9411dc600b4dd01f7a97b9,76.3988867596564,Average Seller,2,Average Seller,3.888888888888889,11.11111111111111,1599.4,v1.0,2026-05-22 04:28:50.530
7816cd9c5b1238e320545f5bf7eb80e8,72.03667292350544,Average Seller,2,Average Seller,4.0,0.0,489.0,v1.0,2026-05-22 04:28:50.530
781a66c0d89e30814d49fe8b5e14cd07,15.702148462713051,Underperformer,1,Underperformer,1.0,100.0,115.0,v1.0,2026-05-22 04:28:50.530
782f78b632a43875dd5b53e3e49c9564,67.08600974612871,Average Seller,2,Average Seller,3.0,0.0,146.01,v1.0,2026-05-22 04:28:50.530
784ba75dd9d20200c4caed3d7a77141a,77.00162349237314,Average Seller,2,Average Seller,3.8095238095238093,9.523809523809524,8295.13,v1.0,2026-05-22 04:28:50.530
78744a20ee2f80ba64f6804c25def2b8,77.81141926997996,Average Seller,2,Average Seller,4.166666666666667,16.666666666666664,2715.0,v1.0,2026-05-22 04:28:50.530
78813699ffac347fe27dba345a5f1551,88.15516111615678,Average Seller,2,Average Seller,5.0,0.0,152.42,v1.0,2026-05-22 04:28:50.530
788e857f317e53de488d393e65a80f45,89.86633297763942,Average Seller,2,Average Seller,4.909090909090909,0.0,1210.0,v1.0,2026-05-22 04:28:50.530
788f22bafdd7ab0e1e79f19db72f16a4,78.84638719224567,Average Seller,2,Average Seller,4.5,0.0,125.8,v1.0,2026-05-22 04:28:50.530
78a4d36f65a019172c6154468831a69f,79.04178981428534,Average Seller,2,Average Seller,4.285714285714286,14.285714285714285,1545.5,v1.0,2026-05-22 04:28:50.530
78ba5933c21686d1c2f64669c8c459e7,79.52535323399998,Average Seller,2,Average Seller,4.5,0.0,191.8,v1.0,2026-05-22 04:28:50.530
78c99c6dff4eeae5be99bf635ed21e3f,83.17992565578368,Average Seller,2,Average Seller,4.419354838709677,6.451612903225806,2030.88,v1.0,2026-05-22 04:28:50.530
78ef7e885d17f35e2382a47aae8b8cce,83.66267002983436,Average Seller,2,Average Seller,4.666666666666667,0.0,388.0,v1.0,2026-05-22 04:28:50.530
7901646fdd36a55f564ffaf2dbccaaf7,86.19946820263206,Average Seller,2,Average Seller,4.5,9.090909090909092,11857.08,v1.0,2026-05-22 04:28:50.530
791cfcfe22fe4a771ece27f90017da92,37.35740276898828,Underperformer,1,Underperformer,1.5,50.0,596.26,v1.0,2026-05-22 04:28:50.530
79565f7d5603b24ddf07ade262547f2f,70.40012586175754,Average Seller,2,Average Seller,4.0,25.0,385.0,v1.0,2026-05-22 04:28:50.530
7957cac1a02f45d0a4a7e45626382ec2,71.46347652070662,Average Seller,2,Average Seller,4.0,0.0,343.0,v1.0,2026-05-22 04:28:50.530
7963e546f34e098b578f9ad102494601,86.68685311503097,Average Seller,2,Average Seller,5.0,0.0,60.99,v1.0,2026-05-22 04:28:50.530
7994081388d55b9cf976c050653dd359,70.2261732205834,Average Seller,2,Average Seller,3.0,0.0,1020.0,v1.0,2026-05-22 04:28:50.530
7994b065a7ffb14e71c6312cf87b9de2,89.91303226281181,Average Seller,2,Average Seller,5.0,0.0,453.0,v1.0,2026-05-22 04:28:50.530
79a679c36c08d606b3fd47ead9de109b,47.085334664148085,Underperformer,1,Underperformer,2.0,33.33333333333333,935.0,v1.0,2026-05-22 04:28:50.530
79b93a308a97792cf53ac75f46da00b5,87.4761837470258,Average Seller,2,Average Seller,5.0,0.0,99.9,v1.0,2026-05-22 04:28:50.530
79ebd9a61bac3eaf882805ed4ecfa12a,81.84039956062729,Average Seller,2,Average Seller,4.044117647058823,4.411764705882353,15092.79,v1.0,2026-05-22 04:28:50.530
79ed755314cfe6df0daef2c6cd3022cd,89.57510373838657,Average Seller,2,Average Seller,4.739130434782608,0.0,3907.5,v1.0,2026-05-22 04:28:50.530
79ee721b6f766066a80264402548d359,48.19110212866372,Underperformer,1,Underperformer,1.0,0.0,538.0,v1.0,2026-05-22 04:28:50.530
7a073a40a9d3f1fee8bc45670ea1e909,45.39552338187969,Underperformer,1,Underperformer,1.0,0.0,95.0,v1.0,2026-05-22 04:28:50.530
7a188843479798ca813108fa7b959286,46.12617729470594,Underperformer,1,Underperformer,1.0,0.0,149.7,v1.0,2026-05-22 04:28:50.530
7a241947449cc45dbfda4f9d0798d9d0,78.2127273301222,Average Seller,2,Average Seller,3.8225806451612905,6.451612903225806,8027.63,v1.0,2026-05-22 04:28:50.530
7a2d2949aea47fab95fd98d6c9f618b1,80.72130909658063,Average Seller,2,Average Seller,4.2727272727272725,0.0,1638.99,v1.0,2026-05-22 04:28:50.530
7a425d299613df3e613bcf9d2eaf5c49,78.84776149973536,Average Seller,2,Average Seller,4.111111111111111,5.555555555555555,1218.8,v1.0,2026-05-22 04:28:50.530
7a67c85e85bb2ce8582c35f2203ad736,87.61081307787907,Top Performer,0,Top Performer,4.2267241379310345,5.172413793103448,141745.53,v1.0,2026-05-22 04:28:50.530
7a704e63bb29c446869efde5d57524c8,87.38689269726483,Average Seller,2,Average Seller,5.0,0.0,94.49,v1.0,2026-05-22 04:28:50.530
7a91bf945c6fae0779f1c61ce97fe45c,71.2319569443568,Average Seller,2,Average Seller,3.8,20.0,799.5,v1.0,2026-05-22 04:28:50.530
7a9c12e235c36247c3c81f50d6ea9cea,85.96784684893674,Average Seller,2,Average Seller,4.6,0.0,983.9,v1.0,2026-05-22 04:28:50.530
7aa4334be125fcdd2ba64b3180029f14,80.75005080855291,Average Seller,2,Average Seller,4.092165898617512,11.52073732718894,16234.81,v1.0,2026-05-22 04:28:50.530
7aa538dd6e114e503a2e6154ea352253,82.42089594774338,Average Seller,2,Average Seller,4.4,0.0,1016.68,v1.0,2026-05-22 04:28:50.530
7ab0dd5487bab2dc835337b244f689fb,84.21708678151721,Average Seller,2,Average Seller,5.0,0.0,12.5,v1.0,2026-05-22 04:28:50.530
7ad32824caee82087b3e2e5f33b1bf32,77.73439510831417,Average Seller,2,Average Seller,3.7880794701986753,12.582781456953644,22505.1,v1.0,2026-05-22 04:28:50.530
7ad41305e96a6cab8294cd65891e9a86,88.4230222438387,Average Seller,2,Average Seller,5.0,0.0,180.0,v1.0,2026-05-22 04:28:50.530
7adbd3210a7b3cc2235e225eef33574d,81.92251755804708,Average Seller,2,Average Seller,4.666666666666667,0.0,131.9,v1.0,2026-05-22 04:28:50.530
7ade73f1b9b4e965f9009a4c3a7e2c15,87.4016421002487,Average Seller,2,Average Seller,4.62962962962963,0.0,1880.3,v1.0,2026-05-22 04:28:50.530
7b07b3c7487f0ea825fc6df75abd658b,85.5246197137124,Average Seller,2,Average Seller,4.354838709677419,4.301075268817205,9731.85,v1.0,2026-05-22 04:28:50.530
7b0df942f46435babab05d49b744b2c4,83.93206929704348,Average Seller,2,Average Seller,4.28125,9.375,22600.63,v1.0,2026-05-22 04:28:50.530
7b1222c3624aa89b9558b50a2594188c,83.7583620058775,Average Seller,2,Average Seller,4.454545454545454,13.636363636363635,10103.52,v1.0,2026-05-22 04:28:50.530
7b3447b497e55af8c15fc7bd89d7b81a,86.36747941208174,Average Seller,2,Average Seller,5.0,0.0,49.9,v1.0,2026-05-22 04:28:50.530
7b3f6ce5c6c22e9b96e7581ebf0df6e1,59.55353447374225,Average Seller,2,Average Seller,3.0,0.0,29.8,v1.0,2026-05-22 04:28:50.530
7b7ed56ae755e2880f2b69632e839c1e,78.95890602737812,Average Seller,2,Average Seller,4.2,0.0,321.5,v1.0,2026-05-22 04:28:50.530
7b7f91e98f8c6def45a1407923304402,77.78099238961038,Average Seller,2,Average Seller,4.181818181818182,9.090909090909092,417.47,v1.0,2026-05-22 04:28:50.530
7b8e8ec35bad4b0ef7e3963650b0a87b,82.90303136464479,Average Seller,2,Average Seller,4.8,20.0,2244.28,v1.0,2026-05-22 04:28:50.530
7b98de631987e26dd6d803490c43a13c,83.70719158726277,Average Seller,2,Average Seller,4.625,0.0,634.2,v1.0,2026-05-22 04:28:50.530
7bac63f6603d382cc8d0832eb6c100a8,77.56358423641456,Average Seller,2,Average Seller,4.0,10.526315789473683,7751.95,v1.0,2026-05-22 04:28:50.530
7bb8fac2913a6064ec412e583c6d8b4d,87.61609565989423,Average Seller,2,Average Seller,5.0,0.0,109.0,v1.0,2026-05-22 04:28:50.530
7bcd7c5f8631701474db233ccf1c094b,74.17270613580776,Average Seller,2,Average Seller,3.6363636363636362,0.0,666.0,v1.0,2026-05-22 04:28:50.530
7c1fea10b5b006671d608b1d7c446ec4,73.94741220977296,Average Seller,2,Average Seller,4.0,7.142857142857142,423.6,v1.0,2026-05-22 04:28:50.530
7c4402417d51474d4d0cda9557340e40,87.76918523679632,Average Seller,2,Average Seller,5.0,0.0,119.9,v1.0,2026-05-22 04:28:50.530
7c4618c82226628831613e95e9c22f44,75.11249015758679,Average Seller,2,Average Seller,4.076923076923077,7.6923076923076925,333.93,v1.0,2026-05-22 04:28:50.530
7c462184585ae80bd6e5774c62ce50f2,30.660767870269545,Underperformer,1,Underperformer,3.0,100.0,60.0,v1.0,2026-05-22 04:28:50.530
7c4adcc13272c0e26fa23aac642adb7b,51.95987785123,Underperformer,1,Underperformer,3.0,50.0,135.0,v1.0,2026-05-22 04:28:50.530
7c51de0ab286204ce75ff42bf7c10d92,81.74783507193446,Average Seller,2,Average Seller,4.5,0.0,759.0,v1.0,2026-05-22 04:28:50.530
7c5b05cbdb5542049f38d90d7815b97d,82.5287131833892,Average Seller,2,Average Seller,4.363636363636363,4.545454545454546,1038.96,v1.0,2026-05-22 04:28:50.530
7c67e1448b00f6e969d365cea6b010ab,78.31994040600733,Top Performer,0,Top Performer,3.483706720977597,9.063136456211812,187923.89,v1.0,2026-05-22 04:28:50.530
7c9130f5f3729edd32aa059141d92484,67.84894082600285,Average Seller,2,Average Seller,3.3333333333333335,0.0,126.0,v1.0,2026-05-22 04:28:50.530
7caa63f175b1cecbfaadd8b5ab9998c7,52.009104454453635,Underperformer,1,Underperformer,2.0,0.0,39.8,v1.0,2026-05-22 04:28:50.530
7cb946b1ad19faebe28c3e86c2794ec3,85.27902958244962,Average Seller,2,Average Seller,5.0,0.0,25.0,v1.0,2026-05-22 04:28:50.530
7cf4ea70955b00d6b3c22542598e2715,88.50930654282892,Average Seller,2,Average Seller,5.0,0.0,189.9,v1.0,2026-05-22 04:28:50.530
7d13fca15225358621be4086e1eb0964,83.1762451100497,Top Performer,0,Top Performer,4.010619469026548,11.327433628318584,113628.97,v1.0,2026-05-22 04:28:50.530
7d294cf9a6a69dc6a0c3e540fff0e039,80.19892020963067,Average Seller,2,Average Seller,4.4,0.0,257.25,v1.0,2026-05-22 04:28:50.530
7d456afc660226829370f3173d14520c,85.02192801939302,Average Seller,2,Average Seller,4.357142857142857,3.571428571428571,8338.25,v1.0,2026-05-22 04:28:50.530
7d484ca289afaac6bf5fc6a1e96d2226,75.45141780577356,Average Seller,2,Average Seller,4.0,0.0,183.2,v1.0,2026-05-22 04:28:50.530
7d76b645482be4a332374e8223836592,77.06780271734071,Average Seller,2,Average Seller,3.9488636363636362,9.090909090909092,3843.93,v1.0,2026-05-22 04:28:50.530
7d7866a99a8656a42c7ff6352a433410,79.30659891761682,Average Seller,2,Average Seller,4.4,0.0,147.89,v1.0,2026-05-22 04:28:50.530
7d7d2b7a51328016102d4528c411d630,77.05704583199334,Average Seller,2,Average Seller,4.142857142857143,14.285714285714285,918.8,v1.0,2026-05-22 04:28:50.530
7d81e74a4755b552267cd5e081563028,67.68968783931804,Average Seller,2,Average Seller,4.0,0.0,32.5,v1.0,2026-05-22 04:28:50.530
7d948535954aaf8c5d39db007f74372e,73.54373721989398,Average Seller,2,Average Seller,3.75,0.0,194.0,v1.0,2026-05-22 04:28:50.530
7daca0837f033a41a6f3428c18657533,67.24218002722287,Average Seller,2,Average Seller,3.5714285714285716,28.57142857142857,1228.98,v1.0,2026-05-22 04:28:50.530
7dc8c42cc750eeafea6c85712ffee9bf,82.15414381768784,Average Seller,2,Average Seller,4.195121951219512,4.878048780487805,6409.68,v1.0,2026-05-22 04:28:50.530
7dc9a3355bae96dd82008b313d3a456c,91.02178611591916,Average Seller,2,Average Seller,5.0,0.0,899.0,v1.0,2026-05-22 04:28:50.530
7ddcbb64b5bc1ef36ca8c151f6ec77df,82.01985249325338,Average Seller,2,Average Seller,3.934131736526946,8.08383233532934,55578.57,v1.0,2026-05-22 04:28:50.530
7dea6f73af847b42cc3985bd620f994d,76.37141790641273,Average Seller,2,Average Seller,4.0,0.0,324.0,v1.0,2026-05-22 04:28:50.530
7df1fc11cc5cbc518b39faa60cf5d67c,82.85386561439904,Average Seller,2,Average Seller,4.2,0.0,1037.6,v1.0,2026-05-22 04:28:50.530
7e1fb0a3ebfb01ffb3a7dae98bf3238d,81.88691256918906,Average Seller,2,Average Seller,4.1257861635220126,11.320754716981133,27349.53,v1.0,2026-05-22 04:28:50.530
7e26c750b4cb9f6766f58265ff9ebe95,83.23831980942859,Average Seller,2,Average Seller,4.434782608695652,0.0,1344.3,v1.0,2026-05-22 04:28:50.530
7e3dde9ffba72d5340f9aaf09b4424be,46.74653659264914,Underperformer,1,Underperformer,1.0,0.0,220.0,v1.0,2026-05-22 04:28:50.530
7e3f87d16fb353f408d467e74fbd8014,80.56699874406559,Average Seller,2,Average Seller,4.130434782608695,6.521739130434782,4754.99,v1.0,2026-05-22 04:28:50.530
7e79d65b5c6f1f544b7daea036acf720,81.1292120907238,Average Seller,2,Average Seller,4.5,0.0,517.8,v1.0,2026-05-22 04:28:50.530
7e93a43ef30c4f03f38b393420bc753a,88.15744645735354,Top Performer,0,Top Performer,4.205357142857143,4.464285714285714,176431.87,v1.0,2026-05-22 04:28:50.530
7e959205cebc10adefcb331f934238a4,48.116985868243404,Underperformer,1,Underperformer,1.0,0.0,513.9,v1.0,2026-05-22 04:28:50.530
7ea5bfa6c340f58f8e71fc1f0412b0d6,81.36404928908081,Average Seller,2,Average Seller,4.1020408163265305,6.122448979591836,11002.89,v1.0,2026-05-22 04:28:50.530
7ecd59e5e20407131822c1a68ac59c1f,80.06420667589269,Average Seller,2,Average Seller,4.416666666666667,12.5,1466.71,v1.0,2026-05-22 04:28:50.530
7ecef8194babfec876ca720714327841,78.32152557611181,Average Seller,2,Average Seller,4.285714285714286,0.0,990.5,v1.0,2026-05-22 04:28:50.530
7f02656561b680def9986c0795a8a080,66.19834023756749,Average Seller,2,Average Seller,3.0,0.0,84.0,v1.0,2026-05-22 04:28:50.530
7f152321c60a266edc53af1925ef96c1,70.80628168998673,Average Seller,2,Average Seller,3.8,30.0,3919.8,v1.0,2026-05-22 04:28:50.530
7f2617c58d5d06806987308b45654351,75.20287031577814,Average Seller,2,Average Seller,3.8181818181818183,9.090909090909092,3656.8,v1.0,2026-05-22 04:28:50.530
7f35f9daf223da737b78738fbae4d977,76.96564188977257,Average Seller,2,Average Seller,4.0,0.0,252.0,v1.0,2026-05-22 04:28:50.530
7f40d06aa0b5f1aa4f41af8c0480e2ef,88.63118155548818,Average Seller,2,Average Seller,4.833333333333333,0.0,1309.94,v1.0,2026-05-22 04:28:50.530
7f5e4d5efad7e44b91115dd1decb65f3,88.42212681398252,Average Seller,2,Average Seller,5.0,0.0,179.9,v1.0,2026-05-22 04:28:50.530
7f7b8245c336066a1f9933c359f11d77,85.65422001933243,Average Seller,2,Average Seller,4.552631578947368,2.631578947368421,2094.36,v1.0,2026-05-22 04:28:50.530
7fc87cc3e89b3d1d5cabdca32f8485aa,69.57931780746416,Average Seller,2,Average Seller,3.5714285714285716,21.428571428571427,2153.9,v1.0,2026-05-22 04:28:50.530
7fdb0720c8d7c9075538b365dc8c3a22,58.371595587435074,Underperformer,1,Underperformer,2.4444444444444446,11.11111111111111,1804.0,v1.0,2026-05-22 04:28:50.530
7fe21dd00d2f4943ae09525efa2fd674,68.24496360964835,Average Seller,2,Average Seller,3.0,0.0,299.6,v1.0,2026-05-22 04:28:50.530
7ff588a03c2aeae4fbd23f9ae64b760d,86.46506749665146,Average Seller,2,Average Seller,4.642857142857143,0.0,1182.2,v1.0,2026-05-22 04:28:50.530
800214c63934acd05d47e84214db8ba8,89.01359761043445,Average Seller,2,Average Seller,5.0,0.0,259.6,v1.0,2026-05-22 04:28:50.530
80146bc52c4f6af5239b23de2a20262b,59.40488167499984,Average Seller,2,Average Seller,3.0,0.0,27.1,v1.0,2026-05-22 04:28:50.530
804287717b9156fb7a787acd9af4fac1,84.83764157659913,Average Seller,2,Average Seller,5.0,0.0,18.8,v1.0,2026-05-22 04:28:50.530
8060d731897e33b5c5ae575ce1e209e1,84.98880481074971,Average Seller,2,Average Seller,4.8,0.0,199.5,v1.0,2026-05-22 04:28:50.530
808d4348b916efa08e766ebad39f61eb,81.8300915988809,Average Seller,2,Average Seller,4.428571428571429,4.761904761904762,731.1,v1.0,2026-05-22 04:28:50.530
8090490573c6c0aa343a7231ebcb8c86,81.15526940009129,Average Seller,2,Average Seller,4.1923076923076925,7.6923076923076925,3871.12,v1.0,2026-05-22 04:28:50.530
809413606dbfe5deefd2db646693ef67,76.56585405081418,Average Seller,2,Average Seller,4.333333333333333,0.0,196.68,v1.0,2026-05-22 04:28:50.530
80ceebb4ee9b31afb6c6a916a574a1e2,22.28168579647194,Underperformer,1,Underperformer,1.0,100.0,6729.0,v1.0,2026-05-22 04:28:50.530
80cfd480be3eb6d6267139f5cb793555,69.47618374702583,Average Seller,2,Average Seller,4.0,0.0,99.9,v1.0,2026-05-22 04:28:50.530
80e6699fe29150b372a0c8a1ebf7dcc8,84.63146912086738,Average Seller,2,Average Seller,4.285714285714286,3.061224489795918,11441.56,v1.0,2026-05-22 04:28:50.530
80f2cf9abf6b5a0e5c612b5eea6646e6,80.47714510269805,Average Seller,2,Average Seller,4.428571428571429,14.285714285714285,766.08,v1.0,2026-05-22 04:28:50.530
8132b9bd16876e1b0f8808d43825dd48,69.68013670763418,Average Seller,2,Average Seller,3.0,0.0,727.9,v1.0,2026-05-22 04:28:50.530
813348c996469b40f2e028d5429d3495,81.32023542711137,Average Seller,2,Average Seller,3.988826815642458,4.4692737430167595,11205.83,v1.0,2026-05-22 04:28:50.530
81336a0f57a33776419727a300249e90,74.58448530220244,Average Seller,2,Average Seller,3.875,12.5,1374.85,v1.0,2026-05-22 04:28:50.530
8160255418d5aaa7dbdc9f4c64ebda44,79.81068290101409,Average Seller,2,Average Seller,3.9272727272727272,13.506493506493506,47017.69,v1.0,2026-05-22 04:28:50.530
817245bcc3badd82bbd222e0366951a6,78.53022699880411,Average Seller,2,Average Seller,3.9310344827586206,3.4482758620689653,5580.5,v1.0,2026-05-22 04:28:50.530
81783131d2a97c8d44d406a4be81b5d9,73.97614794882995,Average Seller,2,Average Seller,3.3076923076923075,0.0,1782.54,v1.0,2026-05-22 04:28:50.530
817f85dbb65aa3e70831d90fe75cdf89,84.63328290120003,Average Seller,2,Average Seller,4.545454545454546,0.0,1552.27,v1.0,2026-05-22 04:28:50.530
8185694b58b2ba6de20fd41ae608bbea,83.95647948883614,Average Seller,2,Average Seller,4.5,0.0,1372.3,v1.0,2026-05-22 04:28:50.530
818d28f936e791926d33bcb6ee94ef79,70.8126221921102,Average Seller,2,Average Seller,3.6,0.0,139.5,v1.0,2026-05-22 04:28:50.530
81a1104df0f08b59c68aa5b03cfe398e,83.84054312130407,Average Seller,2,Average Seller,4.260273972602739,4.10958904109589,9420.88,v1.0,2026-05-22 04:28:50.530
81ed90f07c0bacb7594940ba2ef676aa,79.77488041075836,Average Seller,2,Average Seller,4.5,0.0,223.9,v1.0,2026-05-22 04:28:50.530
81f89e42267213cb94da7ddc301651da,76.07293718073879,Average Seller,2,Average Seller,3.6739130434782608,0.0,3955.0,v1.0,2026-05-22 04:28:50.530
820c7c9eaf76d2b226b6c242bcf3f34d,72.25303120620956,Average Seller,2,Average Seller,4.0,0.0,559.0,v1.0,2026-05-22 04:28:50.530
820cc752a266cdc6c1a1e61dd4583330,78.59630251766941,Average Seller,2,Average Seller,4.133333333333334,6.666666666666667,2802.8,v1.0,2026-05-22 04:28:50.530
821fb029fc6e495ca4f08a35d51e53a5,68.26501930622658,Average Seller,2,Average Seller,3.3214285714285716,28.57142857142857,19187.42,v1.0,2026-05-22 04:28:50.530
822166ed1e47908f7cfb49946d03c726,80.36276120003618,Average Seller,2,Average Seller,3.9420289855072466,1.4492753623188406,3714.83,v1.0,2026-05-22 04:28:50.530
822b63912576852aea9a8436d72317b7,81.01971682068726,Average Seller,2,Average Seller,3.875,0.0,4905.69,v1.0,2026-05-22 04:28:50.530
822bad9bc42b51213ba522fe87b7ab5d,73.9627019569034,Average Seller,2,Average Seller,4.111111111111111,27.77777777777778,5160.0,v1.0,2026-05-22 04:28:50.530
827f8f69dfa529c561901c4f2e0f332f,81.35565172631134,Average Seller,2,Average Seller,4.208791208791209,6.593406593406594,3408.39,v1.0,2026-05-22 04:28:50.530
82921991ff5b557b045605b8bbf08d49,84.84580421493844,Average Seller,2,Average Seller,5.0,0.0,18.9,v1.0,2026-05-22 04:28:50.530
82bd0703a4aefd6b599e5bfdaed378fb,78.32161774591506,Average Seller,2,Average Seller,3.9047619047619047,4.761904761904762,2692.28,v1.0,2026-05-22 04:28:50.530
82cb9f452fe8334df74b22d37824b431,85.76559732431896,Average Seller,2,Average Seller,4.714285714285714,0.0,838.2,v1.0,2026-05-22 04:28:50.530
82e0a475a88cc9595229d8029273f045,76.35328377797377,Average Seller,2,Average Seller,3.642857142857143,9.523809523809524,10930.02,v1.0,2026-05-22 04:28:50.530
830379336fad8c6f3b15a4a3ddb5c66e,80.06500054050608,Average Seller,2,Average Seller,4.5,0.0,268.0,v1.0,2026-05-22 04:28:50.530
83353a83fd769dfafa4f21a72b15e3e5,70.71128517145098,Average Seller,2,Average Seller,3.8,20.0,579.5,v1.0,2026-05-22 04:28:50.530
834f3294fba9f932f56edc879193f925,88.83247435984441,Average Seller,2,Average Seller,4.545454545454546,6.0606060606060606,39907.5,v1.0,2026-05-22 04:28:50.530
834f8533b2ecb6598dd004ff3de7203a,74.85291440409493,Average Seller,2,Average Seller,3.813953488372093,13.953488372093023,4538.29,v1.0,2026-05-22 04:28:50.530
835f0f7810c76831d6c7d24c7a646d4d,67.16032677470571,Average Seller,2,Average Seller,3.340909090909091,25.0,5130.0,v1.0,2026-05-22 04:28:50.530
83645b1645cdee8953ee54c29ceed564,83.01674314774708,Average Seller,2,Average Seller,4.428571428571429,0.0,978.9,v1.0,2026-05-22 04:28:50.530
8378eb36b6b70c5734e83ad7b8cdc3b7,74.35296998667778,Average Seller,2,Average Seller,3.857142857142857,14.285714285714285,1714.8,v1.0,2026-05-22 04:28:50.530
83a75eea11694e36e56dd0cb2240229a,90.03004600104238,Average Seller,2,Average Seller,5.0,0.0,487.0,v1.0,2026-05-22 04:28:50.530
83b08de96980757220871b31bf6cffca,73.62403427773947,Average Seller,2,Average Seller,4.0,20.0,1304.17,v1.0,2026-05-22 04:28:50.530
83c465a786b06574376909b35ef6752a,89.1437674301134,Average Seller,2,Average Seller,5.0,0.0,281.4,v1.0,2026-05-22 04:28:50.530
83c8aafbefb034674a70de0eac5b8954,87.95868603044543,Average Seller,2,Average Seller,5.0,0.0,134.9,v1.0,2026-05-22 04:28:50.530
83d458c0d6d4f94295d63f091460bd60,87.30707521344735,Average Seller,2,Average Seller,5.0,0.0,89.9,v1.0,2026-05-22 04:28:50.530
83d7070a0b9a8b4625fa8682b819fabb,48.60476547762249,Underperformer,1,Underperformer,1.0,0.0,694.77,v1.0,2026-05-22 04:28:50.530
83deb69e889cf80f82be1dc6d5f2d486,84.26410364180471,Average Seller,2,Average Seller,4.325,5.0,5363.01,v1.0,2026-05-22 04:28:50.530
83e197e95a1bbabc8c75e883ed016c47,91.03911980940666,Average Seller,2,Average Seller,4.808510638297872,2.127659574468085,6693.69,v1.0,2026-05-22 04:28:50.530
83f2b4881141ce3fcd4e985125d3279e,86.67925537643913,Average Seller,2,Average Seller,5.0,0.0,60.7,v1.0,2026-05-22 04:28:50.530
8444e55c1f13cd5c179851e5ca5ebd00,74.18318521319713,Average Seller,2,Average Seller,3.2626262626262625,6.0606060606060606,22873.21,v1.0,2026-05-22 04:28:50.530
845e8036c3f7bf62099352f5ed910240,78.7965316126008,Average Seller,2,Average Seller,3.9523809523809526,0.0,1584.6,v1.0,2026-05-22 04:28:50.530
8476243f92442881ddd5b578975cf115,81.36217041628421,Average Seller,2,Average Seller,4.083333333333333,8.333333333333332,7838.0,v1.0,2026-05-22 04:28:50.530
84c945f15571830c1a91a33978e94009,77.4323741655408,Average Seller,2,Average Seller,4.5,0.0,51.98,v1.0,2026-05-22 04:28:50.530
84deb808079d1be601c209c1e771b1cc,85.80315146969642,Average Seller,2,Average Seller,5.0,0.0,34.93,v1.0,2026-05-22 04:28:50.530
8501d82f68d23148b6d78bb7c4a42037,42.90966589106157,Underperformer,1,Underperformer,1.0,0.0,19.7,v1.0,2026-05-22 04:28:50.530
85044848b1b767db2a4a58526adef4b4,64.89093721029268,Average Seller,2,Average Seller,3.25,0.0,240.6,v1.0,2026-05-22 04:28:50.530
850857dfac77488c307e2b1cbd84ab5a,91.9540372957664,Average Seller,2,Average Seller,5.0,0.0,1599.0,v1.0,2026-05-22 04:28:50.530
850913d59ce317156b00f3705f1c3edb,69.98393599062153,Average Seller,2,Average Seller,3.4375,15.625,2690.0,v1.0,2026-05-22 04:28:50.530
850f4f8af5ea87287ac68de36e29107f,86.39987846878132,Average Seller,2,Average Seller,4.283422459893048,4.81283422459893,45355.36,v1.0,2026-05-22 04:28:50.530
851773c885feb5e2da3b4f82bc2b17ce,73.92739367856296,Average Seller,2,Average Seller,4.2,20.0,585.3,v1.0,2026-05-22 04:28:50.530
855668e0971d4dfd7bef1b6a4133b41b,77.98518599588098,Average Seller,2,Average Seller,3.7435897435897436,12.179487179487179,32208.16,v1.0,2026-05-22 04:28:50.530
8581055ce74af1daba164fdbd55a40de,85.87681950068378,Average Seller,2,Average Seller,4.255813953488372,8.010335917312661,64925.3,v1.0,2026-05-22 04:28:50.530
85cc55e048b6bcc90c75afe7f0e72f72,75.95775404680597,Average Seller,2,Average Seller,4.444444444444445,22.22222222222222,308.28,v1.0,2026-05-22 04:28:50.530
85d9eb9ddc5d00ca9336a2219c97bb13,83.92327395892055,Average Seller,2,Average Seller,4.170923379174853,2.161100196463654,15415.24,v1.0,2026-05-22 04:28:50.530
85e7c62c1d6ea078c3897424f867a7c8,77.66076787026954,Average Seller,2,Average Seller,4.5,0.0,60.0,v1.0,2026-05-22 04:28:50.530
85ecf03781da592876b7844acc1b729f,64.9592249297672,Average Seller,2,Average Seller,4.5,50.0,251.0,v1.0,2026-05-22 04:28:50.530
8602a61d680a10a82cceeeda0d99ea3d,83.23960614669474,Average Seller,2,Average Seller,4.411764705882353,0.0,826.99,v1.0,2026-05-22 04:28:50.530
8603f0038fe0e52fedd3382d266723de,84.78102360594717,Average Seller,2,Average Seller,4.4,0.0,2355.0,v1.0,2026-05-22 04:28:50.530
8629a7efec1aab257e58cda559f03ba7,14.2112028623337,Underperformer,1,Underperformer,1.0,100.0,45.22,v1.0,2026-05-22 04:28:50.530
8629c241b3622ac12cd4118afdc8d394,77.1373406839459,Average Seller,2,Average Seller,4.076923076923077,7.6923076923076925,1167.66,v1.0,2026-05-22 04:28:50.530
863d2ebcd347ce4922de7a0f9a5581d6,73.94052768307718,Average Seller,2,Average Seller,3.888888888888889,11.11111111111111,1382.36,v1.0,2026-05-22 04:28:50.530
8648b1e89e9b349e32d3741b30ec737e,80.78180798859658,Average Seller,2,Average Seller,4.094736842105263,9.473684210526317,7442.55,v1.0,2026-05-22 04:28:50.530
86649b1632b1c0e6c0bcb2c90a8b75d8,44.66050222877644,Underperformer,1,Underperformer,1.0,0.0,59.99,v1.0,2026-05-22 04:28:50.530
866558b3bccef2dbc6d29a2b5995016f,88.27135411564633,Average Seller,2,Average Seller,4.8,0.0,1519.4,v1.0,2026-05-22 04:28:50.530
86bb7c4b535e49a541baf3266b1c95b1,65.96953859562173,Average Seller,2,Average Seller,3.0625,18.75,8162.4,v1.0,2026-05-22 04:28:50.530
86bf77bdb52e615674772d5817c6212f,84.64606082084809,Average Seller,2,Average Seller,4.75,0.0,281.8,v1.0,2026-05-22 04:28:50.530
86ccac0b835037332a596a33b6949ee1,84.65767222189467,Average Seller,2,Average Seller,4.183333333333334,2.2222222222222223,16619.93,v1.0,2026-05-22 04:28:50.530
86ff3eaef0267069cc891a2ed9d10a17,86.03653633403518,Average Seller,2,Average Seller,4.714285714285714,0.0,409.75,v1.0,2026-05-22 04:28:50.530
870d0118f7a9d85960f29ad89d5d989a,78.96693675690521,Average Seller,2,Average Seller,4.044444444444444,4.444444444444445,3157.2,v1.0,2026-05-22 04:28:50.530
87142160b41353c4e5fca2360caf6f92,87.27305780506589,Average Seller,2,Average Seller,4.4,3.934426229508197,31095.98,v1.0,2026-05-22 04:28:50.530
8759e7aedd644f487315e5860962f162,66.43872080768938,Average Seller,2,Average Seller,3.6666666666666665,33.33333333333333,627.0,v1.0,2026-05-22 04:28:50.530
876182d1918783bbe15233febfbd4926,73.10746967201177,Average Seller,2,Average Seller,4.0,0.0,120.27,v1.0,2026-05-22 04:28:50.530
87b4428a334b8f676fd9a7f3bf544fb5,85.56349900600154,Average Seller,2,Average Seller,5.0,0.0,29.99,v1.0,2026-05-22 04:28:50.530
87b740daf17b5d1be335a64164ec6842,72.00920033430513,Average Seller,2,Average Seller,3.3076923076923075,7.6923076923076925,14699.87,v1.0,2026-05-22 04:28:50.530
87d30a6a0cbf89356e49324971ab1d24,82.53917395002124,Average Seller,2,Average Seller,4.352941176470588,5.88235294117647,2134.13,v1.0,2026-05-22 04:28:50.530
87d3c3aeb3ead335511b3ce315eb341e,69.39379671327029,Average Seller,2,Average Seller,3.3333333333333335,6.666666666666667,749.35,v1.0,2026-05-22 04:28:50.530
87d73636a3acf123e842bb890a4db036,89.07640467181774,Average Seller,2,Average Seller,5.0,0.0,269.9,v1.0,2026-05-22 04:28:50.530
87e24fc7052259b1f7f607d61c10d8be,72.45168681233655,Average Seller,2,Average Seller,3.5,12.5,7473.49,v1.0,2026-05-22 04:28:50.530
87f3e35268860433e13d577825aada95,46.25031816108478,Underperformer,1,Underperformer,1.0,0.0,161.7,v1.0,2026-05-22 04:28:50.530
880ce4951cf857ab1d9e0b75c1d856f4,88.41314519295982,Average Seller,2,Average Seller,5.0,0.0,178.9,v1.0,2026-05-22 04:28:50.530
880eda903e719a5f179f7e9fceb3a69d,46.946314261588675,Underperformer,1,Underperformer,1.0,0.0,249.0,v1.0,2026-05-22 04:28:50.530
883dd81e82754ac2c65e9790a7db8c9a,82.54882649077577,Average Seller,2,Average Seller,4.4,0.0,319.5,v1.0,2026-05-22 04:28:50.530
88460e8ebdecbfecb5f9601833981930,72.96230984342307,Average Seller,2,Average Seller,3.403225806451613,16.93548387096774,31546.55,v1.0,2026-05-22 04:28:50.530
888faa8bfb0b159c37de6d898b961c31,82.09766626929252,Average Seller,2,Average Seller,4.2105263157894735,0.0,2418.3,v1.0,2026-05-22 04:28:50.530
889009a0ed0bb52c87819941192931b8,69.30707521344736,Average Seller,2,Average Seller,4.0,0.0,89.9,v1.0,2026-05-22 04:28:50.530
88ae906ea2acf6971f26c3e8b7cb4357,55.59341996290994,Underperformer,1,Underperformer,3.3333333333333335,33.33333333333333,246.0,v1.0,2026-05-22 04:28:50.530
88af55b4a7ca402b27df16f7c7c9b5d2,45.89918610118495,Underperformer,1,Underperformer,1.0,0.0,130.0,v1.0,2026-05-22 04:28:50.530
88cd3681e0a2ba85e190f7d817629c4c,70.42302224383872,Average Seller,2,Average Seller,4.0,0.0,180.0,v1.0,2026-05-22 04:28:50.530
88cf19ec1fc2c58f161aee259d57142c,83.42155550608553,Average Seller,2,Average Seller,4.5,0.0,1372.97,v1.0,2026-05-22 04:28:50.530
88ef59b51bdaa941d10a853429f2b6ce,54.971395505032085,Underperformer,1,Underperformer,2.0,0.0,252.9,v1.0,2026-05-22 04:28:50.530
891071be6ba827b591264c90c2ae8a63,75.0962944605301,Average Seller,2,Average Seller,3.7717391304347827,13.043478260869565,4177.28,v1.0,2026-05-22 04:28:50.530
8931a84a914b3fe9b1ddaa4d704947ca,80.6548836943686,Average Seller,2,Average Seller,4.103448275862069,6.896551724137931,4668.3,v1.0,2026-05-22 04:28:50.530
8936ba0de1073ee888cb3185ae5dc661,89.6709377377801,Average Seller,2,Average Seller,5.0,0.0,389.99,v1.0,2026-05-22 04:28:50.530
897060da8b9a21f655304d50fd935913,76.41343498928612,Average Seller,2,Average Seller,3.6056782334384856,10.094637223974763,23023.92,v1.0,2026-05-22 04:28:50.530
89757206b887aed36f3e18d858460fea,87.77720644270045,Average Seller,2,Average Seller,5.0,0.0,120.5,v1.0,2026-05-22 04:28:50.530
89a51f50b8095ea78d5768f34c13a76f,85.16322813810869,Average Seller,2,Average Seller,4.7,0.0,677.16,v1.0,2026-05-22 04:28:50.530
89ad3263c0931c47f976d7c5778e60f6,80.27943380708122,Average Seller,2,Average Seller,4.166666666666667,0.0,568.2,v1.0,2026-05-22 04:28:50.530
89bc797e2e29667aa035d4368f9b7f92,68.7999521560011,Average Seller,2,Average Seller,3.7058823529411766,17.647058823529413,407.3,v1.0,2026-05-22 04:28:50.530
89c127985a8b130cfa45c1d36764017a,71.18988378973687,Average Seller,2,Average Seller,3.142857142857143,0.0,1419.57,v1.0,2026-05-22 04:28:50.530
89d9a386b0b6e5fc8403071b03f7206a,75.3022578094332,Average Seller,2,Average Seller,4.0,0.0,167.0,v1.0,2026-05-22 04:28:50.530
89dda63a3c907c468ec88c310ed91213,69.69582099370709,Average Seller,2,Average Seller,3.0,0.0,734.99,v1.0,2026-05-22 04:28:50.530
89de2d6f23e9746ff309705b23581faa,63.199284193906934,Underperformer,1,Underperformer,2.5,0.0,340.0,v1.0,2026-05-22 04:28:50.530
89f69225956f951295ca4c7fb1266553,81.80508213146878,Average Seller,2,Average Seller,4.2727272727272725,0.0,1041.3,v1.0,2026-05-22 04:28:50.530
8a130737016f838139d31878787a39c9,83.38374196792527,Average Seller,2,Average Seller,4.446428571428571,7.142857142857142,4222.03,v1.0,2026-05-22 04:28:50.530
8a1ff5c35f6595a73fef4c7b96e4908a,91.95302430399627,Average Seller,2,Average Seller,5.0,0.0,1598.0,v1.0,2026-05-22 04:28:50.530
8a207b6080964f3c1fc9d35bd6096ba4,75.23762338309116,Average Seller,2,Average Seller,5.0,50.0,553.7,v1.0,2026-05-22 04:28:50.530
8a2d12a90e92f012ce5226fc6592b653,84.28295949296985,Average Seller,2,Average Seller,4.388888888888889,0.0,1594.65,v1.0,2026-05-22 04:28:50.530
8a32e327fe2c1b3511609d81aaf9f042,79.02598437266887,Average Seller,2,Average Seller,3.840909090909091,3.0303030303030303,6429.01,v1.0,2026-05-22 04:28:50.530
8a40ae794fa3f9892cee24bd5af0488b,59.37315176833926,Underperformer,1,Underperformer,3.1666666666666665,33.33333333333333,739.85,v1.0,2026-05-22 04:28:50.530
8a43128d7f9a3db592b866e6861a6cce,63.17883184208779,Underperformer,1,Underperformer,2.3333333333333335,0.0,990.6,v1.0,2026-05-22 04:28:50.530
8a432f4e5b471f8da497d7dc517666e2,83.20610257495798,Average Seller,2,Average Seller,4.157894736842105,2.1052631578947367,7555.0,v1.0,2026-05-22 04:28:50.530
8a87611c08849ffeeccab52aa798b6c7,67.82193933183423,Underperformer,1,Underperformer,2.769230769230769,0.0,2369.8,v1.0,2026-05-22 04:28:50.530
8a8835a43bda99fd37310ad76c457510,79.77804727088503,Average Seller,2,Average Seller,4.5,0.0,224.34,v1.0,2026-05-22 04:28:50.530
8a9260f2b0340411d6d2a56bcf4f7378,87.0631030367445,Average Seller,2,Average Seller,4.75,0.0,1256.0,v1.0,2026-05-22 04:28:50.530
8ab42aa58097fd4668d60cc648225d5f,81.85171997891375,Average Seller,2,Average Seller,4.2,0.0,2616.75,v1.0,2026-05-22 04:28:50.530
8ae520247981aa06bc94abddf5f46d34,88.36330773475555,Average Seller,2,Average Seller,4.446153846153846,0.0,16320.99,v1.0,2026-05-22 04:28:50.530
8b11118053756a9a2932f447e11fc1b5,61.12003927541472,Average Seller,2,Average Seller,3.0,0.0,79.99,v1.0,2026-05-22 04:28:50.530
8b181ee5518df84f18f4e1a43fe07923,85.4503662135463,Average Seller,2,Average Seller,5.0,0.0,27.9,v1.0,2026-05-22 04:28:50.530
8b2492b7ff4468839593fafeed55bad9,81.50212823517663,Average Seller,2,Average Seller,4.172413793103448,6.896551724137931,3660.08,v1.0,2026-05-22 04:28:50.530
8b28d096634035667e8263d57ba3368c,78.58129396257026,Average Seller,2,Average Seller,3.958041958041958,10.48951048951049,9375.7,v1.0,2026-05-22 04:28:50.530
8b2d4ab22f42c5cfc338b846decfda60,86.930779212232,Average Seller,2,Average Seller,4.833333333333333,0.0,458.0,v1.0,2026-05-22 04:28:50.530
8b321bb669392f5163d04c59e235e066,81.48987650887388,Top Performer,0,Top Performer,4.06998939554613,8.589607635206786,17535.69,v1.0,2026-05-22 04:28:50.530
8b655f0855926bcb49f5835d38dfddf6,87.7328747816237,Average Seller,2,Average Seller,4.8,0.0,1089.5,v1.0,2026-05-22 04:28:50.530
8b87cd0d43d49b9bdf40f56229364d59,66.70666721978745,Underperformer,1,Underperformer,2.6,0.0,1552.9,v1.0,2026-05-22 04:28:50.530
8b8cfc8305aa441e4239358c9f6f2485,81.47089930344404,Average Seller,2,Average Seller,4.2,13.333333333333334,11892.0,v1.0,2026-05-22 04:28:50.530
8b9d6eec4a7eb7d0f9d579ce0b38324d,76.55103471177905,Average Seller,2,Average Seller,4.0,14.285714285714285,4232.54,v1.0,2026-05-22 04:28:50.530
8bb48dc19fccaa8613b6229bf7f452a2,84.80722435085968,Average Seller,2,Average Seller,4.414634146341464,2.4390243902439024,4190.72,v1.0,2026-05-22 04:28:50.530
8bd0e3abda539b9479c4b44a691be1ec,51.50104644910483,Underperformer,1,Underperformer,2.2857142857142856,28.57142857142857,596.55,v1.0,2026-05-22 04:28:50.530
8bd0f31cf0a614c658f6763bd02dea69,82.5228204648462,Average Seller,2,Average Seller,4.181818181818182,3.0303030303030303,4455.34,v1.0,2026-05-22 04:28:50.530
8bdd8e3fd58bafa48af76b2c5fd71974,84.37831579731743,Average Seller,2,Average Seller,4.545454545454546,9.090909090909092,2324.82,v1.0,2026-05-22 04:28:50.530
8c0de775f52fe41590b376a3b7c50f68,76.10809253291768,Average Seller,2,Average Seller,3.888888888888889,0.0,672.7,v1.0,2026-05-22 04:28:50.530
8c16d1f32a54d92897cc437244442e1b,84.95939358076245,Average Seller,2,Average Seller,4.333333333333333,0.9259259259259258,5642.6,v1.0,2026-05-22 04:28:50.530
8c351ed7c326c62123318f4f3246e906,87.70075106695282,Average Seller,2,Average Seller,5.0,0.0,114.9,v1.0,2026-05-22 04:28:50.530
8c3b533c63cca56240f94f1e3a6b18ef,42.3334373495753,Underperformer,1,Underperformer,1.4,40.0,3312.16,v1.0,2026-05-22 04:28:50.530
8c5e007d7bd5693fa1386ffefbc99f6c,82.5738995903171,Average Seller,2,Average Seller,4.333333333333333,0.0,1029.11,v1.0,2026-05-22 04:28:50.530
8c91bfea4263b8fba54081460693e2a1,90.70462503699045,Average Seller,2,Average Seller,5.0,0.0,739.0,v1.0,2026-05-22 04:28:50.530
8c9348f33ae3dada25c99c99ade2af78,89.31557649532714,Average Seller,2,Average Seller,5.0,0.0,312.99,v1.0,2026-05-22 04:28:50.530
8ca1551acf9832a4cf467bbbac15851f,76.45329081679539,Average Seller,2,Average Seller,3.909090909090909,9.090909090909092,2176.4,v1.0,2026-05-22 04:28:50.530
8ca5b19e0263150d2c57afdde2b3d011,82.42838445595908,Average Seller,2,Average Seller,4.666666666666667,0.0,180.6,v1.0,2026-05-22 04:28:50.530
8cb7c5ddf41f4d506eba76e9a4702a25,66.99523082352931,Average Seller,2,Average Seller,3.0,0.0,138.0,v1.0,2026-05-22 04:28:50.530
8cbac7e12637ed9cffa18c7875207478,80.10255052143607,Average Seller,2,Average Seller,4.119402985074627,5.970149253731343,2990.98,v1.0,2026-05-22 04:28:50.530
8cc6a0e5738e61a87b03c78b2ba9db4b,84.22036770121478,Average Seller,2,Average Seller,4.333333333333333,8.333333333333332,13312.4,v1.0,2026-05-22 04:28:50.530
8ccf3cf69651cc1d8a02c8bfaf3b8568,51.952782454943204,Underperformer,1,Underperformer,3.5,50.0,250.0,v1.0,2026-05-22 04:28:50.530
8cf21434553b02cbd37c0bbd07e041b0,57.39518578832007,Underperformer,1,Underperformer,2.5,0.0,94.98,v1.0,2026-05-22 04:28:50.530
8d46553a36e68f95350a200c12f8f2e2,69.64425780477444,Average Seller,2,Average Seller,3.230769230769231,0.0,746.6,v1.0,2026-05-22 04:28:50.530
8d79c8a04e42d722a75097ce5cbcf2ef,83.95952167213375,Average Seller,2,Average Seller,4.444444444444445,7.4074074074074066,2777.72,v1.0,2026-05-22 04:28:50.530
8d899e15a5925f097cca50faa49b15e3,67.984508854766,Average Seller,2,Average Seller,3.75,25.0,645.0,v1.0,2026-05-22 04:28:50.530
8d92f3ea807b89465643c219455e7369,25.78651460287904,Underperformer,1,Underperformer,1.0,66.66666666666666,121.2,v1.0,2026-05-22 04:28:50.530
8d956fec2e4337affcb520f56fd8cbfd,82.46403137529032,Average Seller,2,Average Seller,4.199052132701421,6.161137440758294,11015.19,v1.0,2026-05-22 04:28:50.530
8daab2245ebdc277c51098d01c5ad8ef,85.83468828417479,Average Seller,2,Average Seller,4.625,0.0,1604.59,v1.0,2026-05-22 04:28:50.530
8dd386be0767c330276ea6a3f96532d3,87.30850057556569,Average Seller,2,Average Seller,5.0,0.0,89.98,v1.0,2026-05-22 04:28:50.530
8de8fe3af4449ed695d2434c933ed73e,92.38768715226139,Average Seller,2,Average Seller,5.0,0.0,2090.0,v1.0,2026-05-22 04:28:50.530
8def3db7f272735afb2ecd03aeca09a7,88.56027083563725,Average Seller,2,Average Seller,5.0,0.0,196.0,v1.0,2026-05-22 04:28:50.530
8dfbc5ff27df12f6cef751d3b9554222,82.28993955255422,Average Seller,2,Average Seller,4.5,0.0,226.0,v1.0,2026-05-22 04:28:50.530
8e29d051f810eb22959ede205b462b9f,62.36697793032637,Average Seller,2,Average Seller,4.0,50.0,599.8,v1.0,2026-05-22 04:28:50.530
8e2b3afb420011ef0c88c9d5f11ea526,79.53899184806316,Average Seller,2,Average Seller,4.2727272727272725,9.090909090909092,1384.5,v1.0,2026-05-22 04:28:50.530
8e34331b7eedd03be4e5d965c1956225,78.47483955010932,Average Seller,2,Average Seller,4.8,20.0,145.0,v1.0,2026-05-22 04:28:50.530
8e4f041ff58e7845456d3482524014b3,51.945517813806866,Underperformer,1,Underperformer,3.0,50.0,133.8,v1.0,2026-05-22 04:28:50.530
8e670472e453ba34a379331513d6aab1,19.153138711300006,Underperformer,1,Underperformer,1.0,100.0,975.0,v1.0,2026-05-22 04:28:50.530
8e6cc767478edae941d9bd9eb778d77a,79.0040721564596,Average Seller,2,Average Seller,3.8773584905660377,5.660377358490567,6830.58,v1.0,2026-05-22 04:28:50.530
8e6d7754bc7e0f22c96d255ebda59eba,74.72517668631153,Average Seller,2,Average Seller,3.5764705882352943,12.941176470588237,14497.27,v1.0,2026-05-22 04:28:50.530
8e8a7ce9f2f970dc00e2acf6f6e199f6,79.0170330875806,Average Seller,2,Average Seller,3.953846153846154,6.153846153846154,9101.0,v1.0,2026-05-22 04:28:50.530
8ea394aed8138685abe1eb9f25e1021d,78.66791520063555,Average Seller,2,Average Seller,4.0,0.0,1340.0,v1.0,2026-05-22 04:28:50.530
8eb88b0acb3f90a717ad659221471fa7,78.76784450003507,Average Seller,2,Average Seller,4.5,0.0,119.8,v1.0,2026-05-22 04:28:50.530
8ec76bb0965af3f007692b26fa9d6623,92.31559239236151,Average Seller,2,Average Seller,5.0,0.0,1999.0,v1.0,2026-05-22 04:28:50.530
8ed8ea9a57c862f2c18c2fe41f601d56,85.4748065839233,Average Seller,2,Average Seller,4.473684210526316,0.0,3831.9,v1.0,2026-05-22 04:28:50.530
8f0fbe2cd4d472157dc1cdef6edecaa9,65.9490811738539,Average Seller,2,Average Seller,3.0,0.0,71.88,v1.0,2026-05-22 04:28:50.530
8f119a0aee85c0c8fc534629734e94fd,82.2365725751937,Average Seller,2,Average Seller,4.246753246753247,3.896103896103896,3733.68,v1.0,2026-05-22 04:28:50.530
8f2b51a30523cdecddc2f179f351c7d6,80.09580476264821,Average Seller,2,Average Seller,4.142857142857143,0.0,1027.9,v1.0,2026-05-22 04:28:50.530
8f2ce03f928b567e3d56181ae20ae952,80.49337109750522,Average Seller,2,Average Seller,4.084967320261438,12.418300653594772,21712.9,v1.0,2026-05-22 04:28:50.530
8f54d64f28a993550aa7943f12572959,76.03540192855958,Average Seller,2,Average Seller,3.7333333333333334,6.666666666666667,2755.5,v1.0,2026-05-22 04:28:50.530
8f580d36c1e9d6fbce95283403c7d447,81.2389002073988,Average Seller,2,Average Seller,4.375,12.5,4813.25,v1.0,2026-05-22 04:28:50.530
8f78f0903005064036736c7173a5c2ed,77.9444101212606,Average Seller,2,Average Seller,3.769230769230769,0.0,2113.7,v1.0,2026-05-22 04:28:50.530
8fb67a334bacec338885b4e9e1708073,86.65810949349019,Average Seller,2,Average Seller,5.0,0.0,59.9,v1.0,2026-05-22 04:28:50.530
8fb791022c1fc8909664f48ab7dc636d,84.18609109187305,Average Seller,2,Average Seller,4.2,0.0,8119.95,v1.0,2026-05-22 04:28:50.530
8fbd63429be6d3e5e6d1a709b6464802,88.29057605738595,Average Seller,2,Average Seller,4.833333333333333,0.0,1061.4,v1.0,2026-05-22 04:28:50.530
8fbe2ee446b97e128471be4ce983dc0d,55.44655695251405,Average Seller,2,Average Seller,3.0,33.33333333333333,148.5,v1.0,2026-05-22 04:28:50.530
8fd3b4468f6425810648177996c14cbd,89.5185792315586,Average Seller,2,Average Seller,5.0,0.0,354.9,v1.0,2026-05-22 04:28:50.530
8fdca8e349553f99bc738833a62c8802,76.7222262308955,Average Seller,2,Average Seller,4.045454545454546,4.545454545454546,989.34,v1.0,2026-05-22 04:28:50.530
8fe8786ee000001ab51d030dfd4a7bf1,87.31074891941945,Average Seller,2,Average Seller,4.6,0.0,2255.0,v1.0,2026-05-22 04:28:50.530
8fec2e460530482132c436cfb5439925,71.30062213962619,Average Seller,2,Average Seller,4.333333333333333,33.33333333333333,468.46,v1.0,2026-05-22 04:28:50.530
8ff1a9df749e454105c55cda13e79143,72.04722201231336,Average Seller,2,Average Seller,3.3076923076923075,0.0,1400.6,v1.0,2026-05-22 04:28:50.530
8ff38bc3969e67c36c48343a07090f66,63.20977905387649,Underperformer,1,Underperformer,2.5,0.0,3472.0,v1.0,2026-05-22 04:28:50.530
8fff28c4263ddec387f28d237fb42773,68.44643074975846,Average Seller,2,Average Seller,3.0,0.0,339.4,v1.0,2026-05-22 04:28:50.530
900ba814c251a692506d7834c1218441,81.49498779619418,Average Seller,2,Average Seller,4.170454545454546,13.636363636363635,29099.69,v1.0,2026-05-22 04:28:50.530
901b460cdce0c64e471230d7f2f9f3a3,85.43674117370483,Average Seller,2,Average Seller,4.4,0.0,1904.0,v1.0,2026-05-22 04:28:50.530
902c99f1ac505c0d18778b61bcd636f7,77.71263786908438,Average Seller,2,Average Seller,4.0,0.0,157.96,v1.0,2026-05-22 04:28:50.530
903037660cf848a717166eb7a06d616e,77.67137122598909,Average Seller,2,Average Seller,3.888888888888889,11.11111111111111,7991.51,v1.0,2026-05-22 04:28:50.530
90b36c5aeb728d5504a39f435bef0c5f,80.25499313768513,Average Seller,2,Average Seller,4.2,0.0,207.86,v1.0,2026-05-22 04:28:50.530
90b57083da5d803237da74daec6dcb2b,88.64752854500185,Average Seller,2,Average Seller,5.0,0.0,206.9,v1.0,2026-05-22 04:28:50.530
90d4125885ab6c86e8820a722be71974,49.61828868515543,Underperformer,1,Underperformer,1.0,0.0,1299.55,v1.0,2026-05-22 04:28:50.530
910a922b426b7ff95eaee129ad6c0e1f,87.76784450003505,Average Seller,2,Average Seller,5.0,0.0,119.8,v1.0,2026-05-22 04:28:50.530
913fd0ebba70bb919f7254a02239173c,46.23229260737428,Underperformer,1,Underperformer,1.0,0.0,159.9,v1.0,2026-05-22 04:28:50.530
9140bd1d9de28b197dce077bdd687438,78.23346493314439,Average Seller,2,Average Seller,4.166666666666667,0.0,1258.87,v1.0,2026-05-22 04:28:50.530
9140ef75cc8211c4035935e80e567204,86.36747941208174,Average Seller,2,Average Seller,5.0,0.0,49.9,v1.0,2026-05-22 04:28:50.530
91543f9849d68d023e17194926598543,81.90032498268583,Average Seller,2,Average Seller,4.5,0.0,834.0,v1.0,2026-05-22 04:28:50.530
916748bc99315c2d202898ae58b1617e,79.42328303493511,Average Seller,2,Average Seller,4.28,0.0,369.4,v1.0,2026-05-22 04:28:50.530
916c9de0b5ad957346eeeb12f332687e,87.86217976302679,Average Seller,2,Average Seller,4.565217391304348,0.0,5480.25,v1.0,2026-05-22 04:28:50.530
918717417d88a9f9ae9735567e6c7682,89.4761441884326,Average Seller,2,Average Seller,5.0,0.0,345.7,v1.0,2026-05-22 04:28:50.530
918f6fbcf3ab724d805867303e593a1b,74.11422714372972,Average Seller,2,Average Seller,4.0,0.0,79.7,v1.0,2026-05-22 04:28:50.530
9198786624eaeb375793215cad26cfa6,75.70510976522765,Average Seller,2,Average Seller,3.7777777777777777,0.0,908.3,v1.0,2026-05-22 04:28:50.530
91f0eec23d4a61d7d7caeefa3f0ad1ca,66.2821529062229,Average Seller,2,Average Seller,3.5454545454545454,27.27272727272727,2190.8,v1.0,2026-05-22 04:28:50.530
91f5779a8731baca4809fdeade81803f,77.95979276160871,Average Seller,2,Average Seller,3.8333333333333335,0.0,1971.46,v1.0,2026-05-22 04:28:50.530
91f848e9f4be368f4318775aac733370,83.12524021186029,Average Seller,2,Average Seller,4.2063492063492065,1.5873015873015872,5932.6,v1.0,2026-05-22 04:28:50.530
9200e6ce317b67196b6b0bad4d4bd567,59.889639618574805,Average Seller,2,Average Seller,3.0,0.0,36.9,v1.0,2026-05-22 04:28:50.530
921323538c9f1c4e816f2720eac02bea,71.87429587137748,Average Seller,2,Average Seller,3.933333333333333,20.0,1401.84,v1.0,2026-05-22 04:28:50.530
9261d76c62caaf0b24677c2ceb7f8f20,75.1426460336421,Average Seller,2,Average Seller,3.8333333333333335,0.0,968.7,v1.0,2026-05-22 04:28:50.530
92992bec39dde5766f590d3b1f46d465,45.61609565989422,Underperformer,1,Underperformer,1.0,0.0,109.0,v1.0,2026-05-22 04:28:50.530
929f342384a6607afe143d789ade1316,88.66689621863058,Average Seller,2,Average Seller,5.0,0.0,209.4,v1.0,2026-05-22 04:28:50.530
92c8bc6e8f925792247656fed09aad65,51.01421924108991,Underperformer,1,Underperformer,2.3333333333333335,33.33333333333333,259.7,v1.0,2026-05-22 04:28:50.530
92d14edfb62ee5ae7fdff70b0f4e7233,70.1114161445084,Average Seller,2,Average Seller,3.375,0.0,322.0,v1.0,2026-05-22 04:28:50.530
92eb0f42c21942b6552362b9b114707d,79.77432520729046,Average Seller,2,Average Seller,3.9765395894428153,4.69208211143695,6548.63,v1.0,2026-05-22 04:28:50.530
9315e491484b1b0081ca166fc164108d,59.56349900600155,Average Seller,2,Average Seller,3.0,0.0,29.99,v1.0,2026-05-22 04:28:50.530
933446e9a59dece7ae9175103820ca8f,68.63490115852169,Average Seller,2,Average Seller,3.0,0.0,381.39,v1.0,2026-05-22 04:28:50.530
934ed5cd1b9c1c7382d0a94a94b9e639,87.84702597809408,Average Seller,2,Average Seller,5.0,0.0,125.85,v1.0,2026-05-22 04:28:50.530
939e6227d6964a11a70aa91243e418f2,78.80988870069274,Average Seller,2,Average Seller,4.25,0.0,425.0,v1.0,2026-05-22 04:28:50.530
939f6e231201f26803cb5c3a3d2940b3,81.90659028901337,Average Seller,2,Average Seller,4.666666666666667,0.0,130.6,v1.0,2026-05-22 04:28:50.530
93b9a99027bd8bd6af682aff18dd19bf,76.97789069490648,Average Seller,2,Average Seller,3.9,0.0,1953.0,v1.0,2026-05-22 04:28:50.530
93bef6edaa84956e8e575016449b6351,87.70214846271304,Average Seller,2,Average Seller,5.0,0.0,115.0,v1.0,2026-05-22 04:28:50.530
93dc87703c046b603023e75222018b45,77.06350082125547,Average Seller,2,Average Seller,3.8,8.571428571428571,8517.35,v1.0,2026-05-22 04:28:50.530
94144541854e298c2d976cb893b81343,84.54554557266613,Average Seller,2,Average Seller,4.235294117647059,4.411764705882353,17286.28,v1.0,2026-05-22 04:28:50.530
941554c5757b73ba0e50aa7732310afc,81.59668377494489,Average Seller,2,Average Seller,4.666666666666667,0.0,107.69,v1.0,2026-05-22 04:28:50.530
94165aea8a35c3c21499cbcae239b16c,54.423022243838716,Underperformer,1,Underperformer,2.0,0.0,180.0,v1.0,2026-05-22 04:28:50.530
94231344608e603693b0a8891143f65d,76.00030149452004,Average Seller,2,Average Seller,4.0,0.0,722.0,v1.0,2026-05-22 04:28:50.530
9449f25aeaf531019b76999ea49a6949,73.3535846205295,Average Seller,2,Average Seller,4.0,20.0,2046.45,v1.0,2026-05-22 04:28:50.530
9485a23c0430ba1d58d359391606fce6,62.99181647779151,Average Seller,2,Average Seller,3.2,20.0,1129.9,v1.0,2026-05-22 04:28:50.530
94b9108d4b637ba65bb4f1e53cfcf8d8,78.56695001353417,Average Seller,2,Average Seller,4.428571428571429,14.285714285714285,234.96,v1.0,2026-05-22 04:28:50.530
94c49f20a123aeb9360dbf80ff912bf6,75.12268890764499,Average Seller,2,Average Seller,3.6666666666666665,0.0,277.75,v1.0,2026-05-22 04:28:50.530
94ca168e8bcb407ab85c5da308863027,88.77775963014511,Average Seller,2,Average Seller,5.0,0.0,224.3,v1.0,2026-05-22 04:28:50.530
94d76e96eedd976258cd3278ce56d5f2,89.65268438721886,Average Seller,2,Average Seller,5.0,0.0,385.61,v1.0,2026-05-22 04:28:50.530
94e93ce877be27a515118dbfd2c2be41,80.2722499870774,Average Seller,2,Average Seller,3.8666666666666667,0.0,5674.57,v1.0,2026-05-22 04:28:50.530
951e8cef368f09bb3f3d03c00ca4702c,79.88229015668877,Average Seller,2,Average Seller,4.0625,6.25,4092.29,v1.0,2026-05-22 04:28:50.530
9523fb39dd240aa958e040f8183d64f3,46.09677503778381,Underperformer,1,Underperformer,1.0,0.0,146.99,v1.0,2026-05-22 04:28:50.530
9535a841eecebed61a9fb1ac1cbb5597,69.80213248638997,Average Seller,2,Average Seller,3.0,0.0,784.9,v1.0,2026-05-22 04:28:50.530
9539213aa8e023c01937bef95dc006da,78.58969477897936,Average Seller,2,Average Seller,4.555555555555555,11.11111111111111,229.1,v1.0,2026-05-22 04:28:50.530
954e95f20808d7e5d11f0de292d078e0,82.22097464993186,Average Seller,2,Average Seller,4.666666666666667,0.0,158.78,v1.0,2026-05-22 04:28:50.530
9558aa23f77a9e0a0eca83540999f43b,66.8451088645395,Average Seller,2,Average Seller,3.0,0.0,125.7,v1.0,2026-05-22 04:28:50.530
955fee9216a65b617aa5c0531780ce60,86.08577006815518,Top Performer,0,Top Performer,4.142968142968143,5.982905982905983,135171.7,v1.0,2026-05-22 04:28:50.530
9591fc341b1bfb7ef561e2968ec6e011,45.11823774053866,Underperformer,1,Underperformer,1.0,0.0,79.9,v1.0,2026-05-22 04:28:50.530
9596c870880d900012f2e8e6e30d06d7,81.40759564072636,Average Seller,2,Average Seller,4.136363636363637,4.545454545454546,8606.25,v1.0,2026-05-22 04:28:50.530
9599519be538b98748162a2b48248960,48.28454958840594,Underperformer,1,Underperformer,1.0,0.0,570.0,v1.0,2026-05-22 04:28:50.530
95b293867b5862941c9cd74f756a3c68,61.15893226372574,Underperformer,1,Underperformer,3.5555555555555554,44.44444444444444,648.1,v1.0,2026-05-22 04:28:50.530
95cca791657aabeff15a07eb152d7841,83.88378878050693,Average Seller,2,Average Seller,5.0,0.0,9.99,v1.0,2026-05-22 04:28:50.530
95e03ca3d4146e4011985981aeb959b9,81.25080427068887,Average Seller,2,Average Seller,3.9714285714285715,3.428571428571429,11009.96,v1.0,2026-05-22 04:28:50.530
95ec4458365c4d11f452ccf538377619,85.53808667980898,Average Seller,2,Average Seller,4.62962962962963,3.7037037037037033,1866.76,v1.0,2026-05-22 04:28:50.530
95f83f51203c626648c875dd41874c7f,76.31721937168724,Average Seller,2,Average Seller,3.673076923076923,3.8461538461538463,3217.46,v1.0,2026-05-22 04:28:50.530
960945e1a9535cbc0cd6ddd35fbe7ae8,87.45282212742104,Average Seller,2,Average Seller,4.642857142857143,0.0,3381.73,v1.0,2026-05-22 04:28:50.530
9616352088dcf83a7c06637f4ebf1c80,84.62237500157376,Average Seller,2,Average Seller,4.315217391304348,0.0,5703.0,v1.0,2026-05-22 04:28:50.530
961dff0a659b4561334372337dd897d9,79.91472258640403,Average Seller,2,Average Seller,3.75,0.0,9946.0,v1.0,2026-05-22 04:28:50.530
9646c3513289980f17226a2fc4720dbd,83.3040395355708,Average Seller,2,Average Seller,4.352112676056338,2.8169014084507045,3039.3,v1.0,2026-05-22 04:28:50.530
96493fab2fbb13a14d0c0e8772eef5c3,82.08773987398094,Average Seller,2,Average Seller,4.079365079365079,6.349206349206349,18969.0,v1.0,2026-05-22 04:28:50.530
964ff64dc05b13811c6d0f41e0aa5f6b,88.4230222438387,Average Seller,2,Average Seller,5.0,0.0,180.0,v1.0,2026-05-22 04:28:50.530
966cb4760537b1404caedd472cc610a5,82.71891996747217,Average Seller,2,Average Seller,3.8266666666666667,2.666666666666667,51286.05,v1.0,2026-05-22 04:28:50.530
9674754b5a0cb32b638cec001178f799,81.54399102358619,Average Seller,2,Average Seller,4.046511627906977,2.3255813953488373,5069.92,v1.0,2026-05-22 04:28:50.530
96804ea39d96eb908e7c3afdb671bb9e,80.43112364558809,Average Seller,2,Average Seller,4.052631578947368,2.631578947368421,3610.7,v1.0,2026-05-22 04:28:50.530
968268a686aa05d1f529fb07dff08130,75.85914971425203,Average Seller,2,Average Seller,3.5,0.0,4677.29,v1.0,2026-05-22 04:28:50.530
968ee78631915a63fef426d6733d7422,63.90229003373891,Average Seller,2,Average Seller,3.0,0.0,450.0,v1.0,2026-05-22 04:28:50.530
96e5dc09087bad639b4ee193104ec2e5,78.50798614742985,Average Seller,2,Average Seller,4.5,0.0,101.9,v1.0,2026-05-22 04:28:50.530
96f7c797de9ca20efbe14545bed63eec,46.00220978744271,Underperformer,1,Underperformer,1.0,0.0,138.6,v1.0,2026-05-22 04:28:50.530
972d0f9cf61b499a4812cf0bfa3ad3c4,68.26670926392609,Average Seller,2,Average Seller,2.9759036144578315,10.843373493975903,8089.29,v1.0,2026-05-22 04:28:50.530
973f21788dfab357250f69a8dcb7ddee,44.039689947628716,Underperformer,1,Underperformer,2.0,50.0,909.0,v1.0,2026-05-22 04:28:50.530
974cf2cb8f4b7add98709c30df02fe10,79.69098842247178,Average Seller,2,Average Seller,4.0606060606060606,3.0303030303030303,2982.67,v1.0,2026-05-22 04:28:50.530
97512d3fc193b2d1dfcdba0f9d1f0f8a,78.30552849952178,Average Seller,2,Average Seller,4.25,8.333333333333332,1458.87,v1.0,2026-05-22 04:28:50.530
977f9f63dd360c2a32ece2f93ad6d306,75.81171825823283,Average Seller,2,Average Seller,3.75,8.333333333333332,2858.87,v1.0,2026-05-22 04:28:50.530
979e9f8b5b39dd243a2550c8b05aecf0,90.15154402548332,Average Seller,2,Average Seller,5.0,0.0,525.0,v1.0,2026-05-22 04:28:50.530
97e4a63591ca439a2b8b7efd20e6e19e,80.6958855383687,Average Seller,2,Average Seller,4.4,0.0,349.95,v1.0,2026-05-22 04:28:50.530
97e50a621f8e801f4baf69e08687c192,87.30707521344735,Average Seller,2,Average Seller,5.0,0.0,89.9,v1.0,2026-05-22 04:28:50.530
97e995629983723d11830a829bc2b246,86.47102644252938,Average Seller,2,Average Seller,4.8,0.0,499.5,v1.0,2026-05-22 04:28:50.530
9803a40e82e45418ab7fb84091af5231,78.82094370417585,Average Seller,2,Average Seller,3.727272727272727,0.0,4278.75,v1.0,2026-05-22 04:28:50.530
980640c45d7a4635885491d077167e4d,83.34390551625562,Average Seller,2,Average Seller,4.642857142857143,7.142857142857142,1004.29,v1.0,2026-05-22 04:28:50.530
98115075dd26cb8835946fc6086f5d30,85.34733524096556,Average Seller,2,Average Seller,4.75,0.0,434.96,v1.0,2026-05-22 04:28:50.530
984c273121e743dd14767befe6cb17f5,17.01359761043446,Underperformer,1,Underperformer,1.0,100.0,259.6,v1.0,2026-05-22 04:28:50.530
9853a239ab7b7ebbdc3a21248d5b8e1f,68.03324778952049,Average Seller,2,Average Seller,3.8,20.0,381.0,v1.0,2026-05-22 04:28:50.530
985c92cc412091f8529c12d7f23d3fef,88.03532319914419,Average Seller,2,Average Seller,4.75,0.0,1368.5,v1.0,2026-05-22 04:28:50.530
989becdce12ebc39863c2bceab6f3ca1,87.08498781011276,Average Seller,2,Average Seller,4.555555555555555,5.555555555555555,7840.88,v1.0,2026-05-22 04:28:50.530
98dac6635aee4995d501a3972e047414,82.36705770742792,Average Seller,2,Average Seller,4.153846153846154,4.395604395604396,4235.85,v1.0,2026-05-22 04:28:50.530
98dddbc4601dd4443ca174359b237166,88.21304553804703,Average Seller,2,Average Seller,5.0,0.0,158.0,v1.0,2026-05-22 04:28:50.530
98e164d549402270247f3c96a1a158ef,58.26024638016024,Underperformer,1,Underperformer,2.5,0.0,162.7,v1.0,2026-05-22 04:28:50.530
98f52e1020fe788c10c0418de4393fec,67.0519527582305,Average Seller,2,Average Seller,4.0,0.0,21.6,v1.0,2026-05-22 04:28:50.530
99002261c568a84cce14d43fcffb43ea,75.75211889836459,Average Seller,2,Average Seller,3.7222222222222223,5.555555555555555,4088.0,v1.0,2026-05-22 04:28:50.530
9906e7aa42a3c067b7c9a564d01c4320,80.41977870547721,Average Seller,2,Average Seller,4.5,16.666666666666664,2619.0,v1.0,2026-05-22 04:28:50.530
994f04b3718c2bab35c2adfa8afecd2a,81.03419715118147,Average Seller,2,Average Seller,4.244897959183674,6.122448979591836,3445.7,v1.0,2026-05-22 04:28:50.530
9996ae921c50e8dff411ac69c0b4bb8b,51.54826526492431,Underperformer,1,Underperformer,2.0,0.0,29.7,v1.0,2026-05-22 04:28:50.530
999f6d9a1c7c81f43be44c6b7d076210,76.45596304219782,Average Seller,2,Average Seller,4.5,0.0,28.0,v1.0,2026-05-22 04:28:50.530
99a25c39b28a74d1151c35c18d178292,88.3678452623662,Average Seller,2,Average Seller,5.0,0.0,173.94,v1.0,2026-05-22 04:28:50.530
99a54764c341d5dc80b4a8fac4eba3fb,72.20552285241537,Average Seller,2,Average Seller,3.5555555555555554,11.11111111111111,3708.76,v1.0,2026-05-22 04:28:50.530
99cd94252748d2bdde08e17858233602,79.23128528357215,Average Seller,2,Average Seller,4.5,0.0,159.8,v1.0,2026-05-22 04:28:50.530
99eaacc9e6046db1c82b163c5f84869f,77.91126794650978,Average Seller,2,Average Seller,3.878787878787879,10.606060606060606,13139.17,v1.0,2026-05-22 04:28:50.530
9a03a4e9eb0b947652fae4f6121a3f5e,76.990162130053,Average Seller,2,Average Seller,3.857142857142857,0.0,1497.0,v1.0,2026-05-22 04:28:50.530
9a1aea68d3efa00862ec88c0768037d0,81.34455239499293,Average Seller,2,Average Seller,4.428571428571429,0.0,1309.2,v1.0,2026-05-22 04:28:50.530
9a208dee8f95cfdf00760c4d627828ec,47.07640467181775,Underperformer,1,Underperformer,1.0,0.0,269.9,v1.0,2026-05-22 04:28:50.530
9a84ba99f5367fdbd4598363496f1ea2,75.28213902170117,Average Seller,2,Average Seller,3.625,0.0,2284.98,v1.0,2026-05-22 04:28:50.530
9aa388272ee334b6ae07bc73706e254a,83.56523384946473,Average Seller,2,Average Seller,4.333333333333333,0.0,678.0,v1.0,2026-05-22 04:28:50.530
9ac4f14370b1e24ddc58be041b7f99df,80.52340121595432,Average Seller,2,Average Seller,4.4,0.0,314.51,v1.0,2026-05-22 04:28:50.530
9ac75591b69c3402684b6ce0310f22ee,86.67399472154663,Average Seller,2,Average Seller,5.0,0.0,60.5,v1.0,2026-05-22 04:28:50.530
9add47bf45ce8e8c7db6b9cf670b1e09,81.32566822093318,Average Seller,2,Average Seller,4.116279069767442,2.3255813953488373,4829.24,v1.0,2026-05-22 04:28:50.530
9b00cad94ef3078faf6fba2e792c158f,89.5185792315586,Average Seller,2,Average Seller,5.0,0.0,354.9,v1.0,2026-05-22 04:28:50.530
9b00ed88b7fdb95d6ff76e27c1b52d16,83.47238424508954,Average Seller,2,Average Seller,4.468085106382978,6.382978723404255,1627.88,v1.0,2026-05-22 04:28:50.530
9b013e03b2ab786505a1d3b5c0756754,82.86117245353454,Average Seller,2,Average Seller,4.137931034482759,4.022988505747127,9027.4,v1.0,2026-05-22 04:28:50.530
9b1050e85becf3ae99c1cf4934c9bc5d,57.21992662115931,Underperformer,1,Underperformer,2.5,0.0,85.14,v1.0,2026-05-22 04:28:50.530
9b1585752613ec342d03bbab9997ec48,79.53690635717948,Average Seller,2,Average Seller,3.6666666666666665,0.0,4248.98,v1.0,2026-05-22 04:28:50.530
9b1ab052f5fca308ba743ac789ebb2e1,76.21498829030482,Average Seller,2,Average Seller,4.0,0.0,294.09,v1.0,2026-05-22 04:28:50.530
9b1f656ca3060f8af17a50d8a024b533,71.05607238891797,Average Seller,2,Average Seller,5.0,50.0,41.0,v1.0,2026-05-22 04:28:50.530
9b522ba7eae9e1d04082f267144583cc,73.35872988054119,Average Seller,2,Average Seller,4.25,25.0,1507.6,v1.0,2026-05-22 04:28:50.530
9b76ad3d04236f76bc71c59470305e13,89.69033956396999,Average Seller,2,Average Seller,5.0,0.0,394.7,v1.0,2026-05-22 04:28:50.530
9bade61a92bed55a25d2b67b9f4ed739,66.73915664355098,Average Seller,2,Average Seller,3.0,0.0,117.68,v1.0,2026-05-22 04:28:50.530
9baf5cb77970f539089d09a38bcec5c3,84.88056047025489,Average Seller,2,Average Seller,4.3125,0.0,6129.67,v1.0,2026-05-22 04:28:50.530
9bc484c87d79cd4874e05ca182658045,75.5997921720594,Average Seller,2,Average Seller,4.0,11.11111111111111,1120.0,v1.0,2026-05-22 04:28:50.530
9bcdfa7b615b3abb9461d9e3ad9886ae,81.41539884715827,Average Seller,2,Average Seller,4.428571428571429,7.142857142857142,2126.07,v1.0,2026-05-22 04:28:50.530
9bf11dfc0bec77e5a23028043c3c5a8f,15.702148462713051,Underperformer,1,Underperformer,1.0,100.0,115.0,v1.0,2026-05-22 04:28:50.530
9c068d10aca38e85c50202e17b4a7e88,75.48348364874913,Average Seller,2,Average Seller,3.9411764705882355,17.647058823529413,2658.9,v1.0,2026-05-22 04:28:50.530
9c0e69c7bf2619675bbadf47b43f655a,82.89201380584086,Average Seller,2,Average Seller,4.101910828025478,8.280254777070063,33702.78,v1.0,2026-05-22 04:28:50.530
9c1c0c36cd23c20897e473901a8fb149,90.21192023227489,Average Seller,2,Average Seller,5.0,0.0,544.97,v1.0,2026-05-22 04:28:50.530
9c351405b754cc5ce3e2ecf277bb034a,44.20347216750393,Underperformer,1,Underperformer,1.0,0.0,45.0,v1.0,2026-05-22 04:28:50.530
9c3a1c416c765687bc79a04113269929,45.014868492996214,Underperformer,1,Underperformer,1.0,0.0,74.9,v1.0,2026-05-22 04:28:50.530
9c3c24eca51c52b91c1de727d2a2ae06,80.28699589354949,Average Seller,2,Average Seller,4.5,0.0,307.5,v1.0,2026-05-22 04:28:50.530
9c4d31c7e46ab03a43fc06e3142afd4e,82.51456099259251,Average Seller,2,Average Seller,4.5,0.0,1218.9,v1.0,2026-05-22 04:28:50.530
9c54608f0996c32ae4743089d915f845,73.88370425863914,Average Seller,2,Average Seller,4.0,0.0,194.8,v1.0,2026-05-22 04:28:50.530
9c57bc60cfad5ee62d35d3f1ce4593a1,16.423022243838716,Underperformer,1,Underperformer,1.0,100.0,180.0,v1.0,2026-05-22 04:28:50.530
9c690ceacd5c66731bf443ea810195cb,82.37206242182067,Average Seller,2,Average Seller,4.3,0.0,871.8,v1.0,2026-05-22 04:28:50.530
9c7fd21e0aa159b20da593371f08ff7c,65.68666907677793,Average Seller,2,Average Seller,3.2857142857142856,14.285714285714285,798.3,v1.0,2026-05-22 04:28:50.530
9cad4b68bb993ee401a3c5aaa2bc26dd,58.895258265818505,Underperformer,1,Underperformer,2.8,20.0,649.3,v1.0,2026-05-22 04:28:50.530
9cea4682e16655f7da87f406902e989e,76.76847381294645,Average Seller,2,Average Seller,4.0,0.0,87.76,v1.0,2026-05-22 04:28:50.530
9cf787a239c1aa29dbd76f153dc13f9a,84.8310349990984,Average Seller,2,Average Seller,4.75,0.0,316.0,v1.0,2026-05-22 04:28:50.530
9d213f303afae4983637247556438ede,86.2958891206453,Average Seller,2,Average Seller,5.0,0.0,47.7,v1.0,2026-05-22 04:28:50.530
9d39404483343dd55c7ae254494d8388,69.21009409373337,Average Seller,2,Average Seller,3.5,10.0,293.2,v1.0,2026-05-22 04:28:50.530
9d489893ff6af05029671b785f54b998,77.24010519436337,Average Seller,2,Average Seller,4.0,0.0,298.7,v1.0,2026-05-22 04:28:50.530
9d4db00d65d7760644ac0c14edb5fd86,86.47122315510849,Average Seller,2,Average Seller,4.479591836734694,4.081632653061225,9979.7,v1.0,2026-05-22 04:28:50.530
9d5604a1f112324ad6b2aa552122e0fb,71.95036770508291,Average Seller,2,Average Seller,3.5384615384615383,0.0,421.5,v1.0,2026-05-22 04:28:50.530
9d5a9018aee56acb367ba9c3f05d1d6a,87.32838267161131,Average Seller,2,Average Seller,4.417910447761194,1.4925373134328357,10292.31,v1.0,2026-05-22 04:28:50.530
9d681c7e12db302cb261e721040dde65,89.41895964075506,Average Seller,2,Average Seller,4.923076923076923,0.0,785.6,v1.0,2026-05-22 04:28:50.530
9d69ba0a7a626a64dc5db08e529559cf,84.87804966289858,Average Seller,2,Average Seller,5.0,0.0,19.3,v1.0,2026-05-22 04:28:50.530
9d7a1d34a5052409006425275ba1c2b4,80.97281729903331,Average Seller,2,Average Seller,4.384615384615385,7.6923076923076925,1054.82,v1.0,2026-05-22 04:28:50.530
9da15f4a4ea758d9eeb49000dbe57e22,24.56765627387465,Underperformer,1,Underperformer,2.0,100.0,196.9,v1.0,2026-05-22 04:28:50.530
9da1ca0bef29ee170e541927a5aeabdc,64.16695215510927,Underperformer,1,Underperformer,3.0,16.666666666666664,1484.4,v1.0,2026-05-22 04:28:50.530
9dc79dd988ac42f4d56c340d7048420a,86.2276697981938,Average Seller,2,Average Seller,4.75,0.0,749.6,v1.0,2026-05-22 04:28:50.530
9dd459b29a14bf89d47183cf2cd0e4c7,73.42302224383872,Average Seller,2,Average Seller,5.0,50.0,180.0,v1.0,2026-05-22 04:28:50.530
9dd59e43f0c9f0553244e8f9c2fb247e,83.92494040741553,Average Seller,2,Average Seller,4.8,10.0,356.3,v1.0,2026-05-22 04:28:50.530
9dda5bbacd45e18d6485fee649205d09,79.29667094256342,Average Seller,2,Average Seller,4.105263157894737,5.263157894736842,1912.6,v1.0,2026-05-22 04:28:50.530
9de4643a8dbde634fe55621059d92273,88.44684783179349,Average Seller,2,Average Seller,4.527777777777778,2.7777777777777777,17560.34,v1.0,2026-05-22 04:28:50.530
9df5750209b83567ec144eb299d7d634,78.50072002253007,Average Seller,2,Average Seller,4.0,9.090909090909092,4917.0,v1.0,2026-05-22 04:28:50.530
9e17b9d64683aebcbb9ee362d06463b4,45.45679830800861,Underperformer,1,Underperformer,1.0,0.0,98.7,v1.0,2026-05-22 04:28:50.530
9e25199f6ef7e7c347120ff175652c3b,66.21708678151722,Average Seller,2,Average Seller,4.0,0.0,12.5,v1.0,2026-05-22 04:28:50.530
9e6229250fedbe05838fef417b74e7fb,80.14873750419346,Average Seller,2,Average Seller,3.891891891891892,2.7027027027027026,13132.2,v1.0,2026-05-22 04:28:50.530
9e6967d3cf386d284251784b18ccb485,73.46213936617022,Average Seller,2,Average Seller,3.888888888888889,11.11111111111111,517.67,v1.0,2026-05-22 04:28:50.530
9e7c5f4d7770eab65738cca38f9efccf,66.4654311280074,Average Seller,2,Average Seller,3.5,0.0,184.8,v1.0,2026-05-22 04:28:50.530
9e94fa26a70ede4d26226e918e8706a2,86.73348495761371,Average Seller,2,Average Seller,5.0,0.0,62.8,v1.0,2026-05-22 04:28:50.530
9e9b539eb2806acee3f5c28085c1db9f,67.13980299582536,Average Seller,2,Average Seller,3.6666666666666665,33.33333333333333,967.0,v1.0,2026-05-22 04:28:50.530
9ed65337433adfbedefd23dd76eaa494,88.57158821829735,Average Seller,2,Average Seller,4.833333333333333,0.0,1262.6,v1.0,2026-05-22 04:28:50.530
9ef932e837d8b7f392c0bfee9d359dc2,30.658109493490198,Underperformer,1,Underperformer,3.0,100.0,59.9,v1.0,2026-05-22 04:28:50.530
9f50216bfd01913736a55a11b55ea842,79.33180201219989,Average Seller,2,Average Seller,4.411764705882353,11.76470588235294,1354.0,v1.0,2026-05-22 04:28:50.530
9f505651f4a6abe901a56cdc21508025,86.79121256469313,Average Seller,2,Average Seller,4.335012594458438,4.030226700251889,26361.82,v1.0,2026-05-22 04:28:50.530
9f56a7a649097b166d8ed286ad86a15c,43.454845222019955,Underperformer,1,Underperformer,1.0,0.0,27.98,v1.0,2026-05-22 04:28:50.530
9fbd5666d8618fa571c4230fafa09bd6,87.11823774053865,Average Seller,2,Average Seller,5.0,0.0,79.9,v1.0,2026-05-22 04:28:50.530
9fc70243fb26800cba56e8f014797004,82.62752317345814,Average Seller,2,Average Seller,4.5,0.0,466.6,v1.0,2026-05-22 04:28:50.530
9fe7c6641c79970ab48185498f547c09,87.89918610118494,Average Seller,2,Average Seller,5.0,0.0,130.0,v1.0,2026-05-22 04:28:50.530
a00824eb9093d40e589b940ec45c4eb0,88.8232446033004,Average Seller,2,Average Seller,4.666666666666667,0.0,9399.97,v1.0,2026-05-22 04:28:50.530
a0415d9b25ede3c4b1e477e9916ffc03,79.65685154089476,Average Seller,2,Average Seller,3.9,0.0,4044.1,v1.0,2026-05-22 04:28:50.530
a066df7361163e7ddc5d7452dd17448b,78.516147617509,Average Seller,2,Average Seller,4.4,20.0,1078.3,v1.0,2026-05-22 04:28:50.530
a06c8ff043abea0528ee44171e2140a2,85.61887284083657,Average Seller,2,Average Seller,4.75,0.0,514.5,v1.0,2026-05-22 04:28:50.530
a080fc8a850289b27500f6b49cca2553,85.14170880239493,Average Seller,2,Average Seller,4.75,0.0,383.0,v1.0,2026-05-22 04:28:50.530
a08692680c77d30a0b4280da5df01c5a,92.63379731560366,Average Seller,2,Average Seller,5.0,0.0,2433.0,v1.0,2026-05-22 04:28:50.530
a09a13f18ed27932d08438aa6f12756e,59.55878660243683,Average Seller,2,Average Seller,3.0,0.0,29.9,v1.0,2026-05-22 04:28:50.530
a0a14e50070f3225b3eabba5b85da517,81.88864314797071,Average Seller,2,Average Seller,4.5,0.0,176.2,v1.0,2026-05-22 04:28:50.530
a0d7fbb07bb5ebc3b05980e750db56f3,62.929154402702345,Underperformer,1,Underperformer,2.3333333333333335,0.0,848.99,v1.0,2026-05-22 04:28:50.530
a0e19590a0923cdd0614ea9427713ced,47.00549463386752,Underperformer,1,Underperformer,1.0,0.0,258.3,v1.0,2026-05-22 04:28:50.530
a1040efe9ff4a6f93c28b0499eada8f5,92.01352030976085,Average Seller,2,Average Seller,5.0,0.0,1658.83,v1.0,2026-05-22 04:28:50.530
a1043bafd471dff536d0c462352beb48,86.87411204104617,Top Performer,0,Top Performer,4.213091922005571,4.874651810584958,101901.16,v1.0,2026-05-22 04:28:50.530
a11a0e0ca67423425691db355cff69b0,89.89833330336346,Average Seller,2,Average Seller,5.0,0.0,448.9,v1.0,2026-05-22 04:28:50.530
a13580f0e8f782b7a543885a0ef99f08,75.82494027002447,Average Seller,2,Average Seller,4.4,20.0,1304.9,v1.0,2026-05-22 04:28:50.530
a13aaf2d2886ab9fb30fb9a920160b8f,74.71265965154991,Average Seller,2,Average Seller,4.5,25.0,1011.52,v1.0,2026-05-22 04:28:50.530
a1474fd46fd3430168f7ec202da39408,78.33363755784055,Average Seller,2,Average Seller,4.333333333333333,16.666666666666664,2752.5,v1.0,2026-05-22 04:28:50.530
a150c540f572d0fb53992264bc5c10b5,69.76918523679633,Average Seller,2,Average Seller,4.0,0.0,119.9,v1.0,2026-05-22 04:28:50.530
a1544b9ea0b2390e020537d4daa89049,75.66423637036245,Average Seller,2,Average Seller,3.875,0.0,841.2,v1.0,2026-05-22 04:28:50.530
a154d7316f158bb42e6fa18bbe3afd3a,52.0160781769616,Underperformer,1,Underperformer,3.0,50.0,139.8,v1.0,2026-05-22 04:28:50.530
a17f621c590ea0fab3d5d883e1630ec6,78.60275810596137,Average Seller,2,Average Seller,3.9692307692307693,6.153846153846154,2778.58,v1.0,2026-05-22 04:28:50.530
a1bea7061f61f6fdd9a85a6325ba1033,79.74385742564536,Average Seller,2,Average Seller,4.444444444444445,11.11111111111111,810.95,v1.0,2026-05-22 04:28:50.530
a1bea9970d8f65b240555f99c2214f7f,61.01700184456649,Average Seller,2,Average Seller,3.0,0.0,75.0,v1.0,2026-05-22 04:28:50.530
a1ed30492b3b798bc121845bc4aa7366,60.086644622016784,Average Seller,2,Average Seller,3.0,0.0,41.8,v1.0,2026-05-22 04:28:50.530
a20d8058c866dbaeca014d2cd20ac62e,91.48114643386988,Average Seller,2,Average Seller,5.0,0.0,1194.0,v1.0,2026-05-22 04:28:50.530
a213f1bd6458f4a158f3746cb2514559,86.07600983279725,Average Seller,2,Average Seller,5.0,0.0,41.52,v1.0,2026-05-22 04:28:50.530
a218df5c097b0ca409cfaac1488cc7f6,59.90769800469722,Underperformer,1,Underperformer,2.75,0.0,130.69,v1.0,2026-05-22 04:28:50.530
a21c11ec5c3f03e7cc9f9203bff9e1c6,75.65012586175754,Average Seller,2,Average Seller,3.6666666666666665,0.0,385.0,v1.0,2026-05-22 04:28:50.530
a23266650e7c84bb93fbbba502137478,76.95478612691116,Average Seller,2,Average Seller,3.8181818181818183,0.0,1512.4,v1.0,2026-05-22 04:28:50.530
a247197e2e9c19a6a53a6888cb8b660f,48.828917968254515,Underperformer,1,Underperformer,1.0,0.0,798.0,v1.0,2026-05-22 04:28:50.530
a254c682cc01e119f83530446f1df9a9,72.28284612203188,Average Seller,2,Average Seller,4.0,16.666666666666664,569.4,v1.0,2026-05-22 04:28:50.530
a2a41aedb70551d4a85aa04dc2fced48,73.45695882806378,Average Seller,2,Average Seller,4.0,0.0,52.79,v1.0,2026-05-22 04:28:50.530
a2b5b6105ea5942300631d2e76f4ffe0,86.74593328005817,Average Seller,2,Average Seller,4.75,6.25,3286.69,v1.0,2026-05-22 04:28:50.530
a2b911e9ad40dc7d61c142a4683e2d85,87.2341594104983,Average Seller,2,Average Seller,5.0,0.0,85.9,v1.0,2026-05-22 04:28:50.530
a2deecd5398f5df4987110c80a1972a3,74.26252577043367,Average Seller,2,Average Seller,3.625,0.0,827.43,v1.0,2026-05-22 04:28:50.530
a2e85714b56b1cb6bb24a9a6e6cad36f,47.44785809997575,Underperformer,1,Underperformer,1.0,0.0,339.7,v1.0,2026-05-22 04:28:50.530
a2e874074c877c5a05abae80ad6e488f,80.0764918071359,Average Seller,2,Average Seller,3.9545454545454546,4.545454545454546,8071.98,v1.0,2026-05-22 04:28:50.530
a2fa0bdc798ee84cdb08281337cf4fb6,78.68233512295744,Average Seller,2,Average Seller,4.0,0.0,392.75,v1.0,2026-05-22 04:28:50.530
a3082f442524a1be452e3189e003b361,77.2557082132367,Average Seller,2,Average Seller,4.333333333333333,0.0,301.6,v1.0,2026-05-22 04:28:50.530
a35124e2d763d7ca3fbe3b97d143200f,85.25771058708096,Average Seller,2,Average Seller,4.75,0.0,411.5,v1.0,2026-05-22 04:28:50.530
a353b1083c9863d756d9404695016d64,87.77052486505251,Average Seller,2,Average Seller,5.0,0.0,120.0,v1.0,2026-05-22 04:28:50.530
a35ef466c6fd6d052f5d241240d3c5e2,84.2842658016842,Average Seller,2,Average Seller,4.666666666666667,0.0,569.9,v1.0,2026-05-22 04:28:50.530
a369d693961cb93b61ca2cc518872a85,79.46672191539056,Average Seller,2,Average Seller,3.909090909090909,0.0,2597.0,v1.0,2026-05-22 04:28:50.530
a36ac007a4d18f865c8d32c3b2402c2d,64.35830675728015,Underperformer,1,Underperformer,2.5555555555555554,0.0,1359.78,v1.0,2026-05-22 04:28:50.530
a36b125ac6d5fdbc7f50de85c9157bdc,75.517904929741,Average Seller,2,Average Seller,3.9583333333333335,8.333333333333332,1843.64,v1.0,2026-05-22 04:28:50.530
a37c340b91cb0169e8b029db6440fba2,85.87286947619192,Average Seller,2,Average Seller,4.8,0.0,345.0,v1.0,2026-05-22 04:28:50.530
a3a38f4affed601eb87a97788c949667,86.77220627290745,Average Seller,2,Average Seller,4.354330708661418,4.330708661417323,26533.32,v1.0,2026-05-22 04:28:50.530
a3b0df0065e264a91b7bbf5f844af5cd,88.48182972435936,Average Seller,2,Average Seller,5.0,0.0,186.69,v1.0,2026-05-22 04:28:50.530
a3b42d266fa8afc874b909422ce88582,90.91076970493638,Average Seller,2,Average Seller,5.0,0.0,839.4,v1.0,2026-05-22 04:28:50.530
a3dd39f583bc80bd8c5901c95878921e,86.55059178454219,Average Seller,2,Average Seller,4.588235294117647,2.941176470588235,4607.81,v1.0,2026-05-22 04:28:50.530
a3e9a2c700480d9bb01fba070ba80a0e,79.35643230871379,Average Seller,2,Average Seller,3.9461538461538463,9.230769230769232,13440.8,v1.0,2026-05-22 04:28:50.530
a3f0b55de503387383c7b1de3ad7f678,84.32437311491779,Average Seller,2,Average Seller,4.416666666666667,4.166666666666666,4348.4,v1.0,2026-05-22 04:28:50.530
a3fa18b3f688ec0fca3eb8bfcbd2d5b3,86.29921277367441,Average Seller,2,Average Seller,5.0,0.0,47.8,v1.0,2026-05-22 04:28:50.530
a414555ce331b8c8aea4a9cb8395194d,70.93957146328022,Average Seller,2,Average Seller,3.2857142857142856,0.0,1450.95,v1.0,2026-05-22 04:28:50.530
a416b6a846a11724393025641d4edd5e,83.00649666209598,Average Seller,2,Average Seller,4.12962962962963,10.493827160493826,25670.72,v1.0,2026-05-22 04:28:50.530
a420f60ff1aa9acc80d0e42959f2b313,78.38542763937986,Average Seller,2,Average Seller,3.925373134328358,7.462686567164178,7443.3,v1.0,2026-05-22 04:28:50.530
a425f92c199eb576938df686728acd20,84.03068744775,Average Seller,2,Average Seller,4.294117647058823,0.0,1165.8,v1.0,2026-05-22 04:28:50.530
a435b009cd956ea60748b5cfbddf2e24,70.88025375142216,Average Seller,2,Average Seller,4.333333333333333,33.33333333333333,361.18,v1.0,2026-05-22 04:28:50.530
a44fb5a447105f8469bdf16bf9159f25,75.7365243928422,Average Seller,2,Average Seller,4.052631578947368,21.052631578947366,3706.1,v1.0,2026-05-22 04:28:50.530
a45314082d50d578a4721c9787ce09ab,89.8095083085596,Average Seller,2,Average Seller,5.0,0.0,424.9,v1.0,2026-05-22 04:28:50.530
a45765f8afb1e594b22bf9e974b46765,69.12003927541473,Average Seller,2,Average Seller,4.0,0.0,79.99,v1.0,2026-05-22 04:28:50.530
a478c7961d6a992065b24e63b366f90b,89.34564372267883,Average Seller,2,Average Seller,4.875,0.0,1281.5,v1.0,2026-05-22 04:28:50.530
a49928bcdf77c55c6d6e05e09a9b4ca5,65.33170761573572,Underperformer,1,Underperformer,3.010204081632653,21.428571428571427,8816.7,v1.0,2026-05-22 04:28:50.530
a4b6b9b992b46e9ef863637af96e04bc,67.8078911891139,Average Seller,2,Average Seller,3.2857142857142856,14.285714285714285,7147.0,v1.0,2026-05-22 04:28:50.530
a4b8d97cd5d3674eeff96abc99d8ed67,46.702541689894645,Underperformer,1,Underperformer,1.0,0.0,214.08,v1.0,2026-05-22 04:28:50.530
a4bd6e9adf39b63f43dc545d3ca1f53d,85.68891371490244,Average Seller,2,Average Seller,4.5,0.0,1848.59,v1.0,2026-05-22 04:28:50.530
a4e634166243bbb3a13fa584463fa468,54.18788460338719,Underperformer,1,Underperformer,2.0,0.0,155.55,v1.0,2026-05-22 04:28:50.530
a4fc6eadaff1576af888509a53420f6a,61.491526819578155,Average Seller,2,Average Seller,3.0,0.0,100.86,v1.0,2026-05-22 04:28:50.530
a513150f33f99a06569e9cd5c4bb889b,81.56284581619009,Average Seller,2,Average Seller,4.5,0.0,677.0,v1.0,2026-05-22 04:28:50.530
a5259c149128e82c9d6d46e0c1c812bb,77.46514965888285,Average Seller,2,Average Seller,3.875,0.0,1182.26,v1.0,2026-05-22 04:28:50.530
a53f60f05f822b5c621a50ff6a5cb362,79.2729576367509,Average Seller,2,Average Seller,4.0,0.0,415.4,v1.0,2026-05-22 04:28:50.530
a56a8043ebf66e42119618fb8cf232c6,87.17916509917558,Average Seller,2,Average Seller,5.0,0.0,83.0,v1.0,2026-05-22 04:28:50.530
a56e351445e5863fc8960640ba9190c7,78.75192324975565,Average Seller,2,Average Seller,4.333333333333333,0.0,760.92,v1.0,2026-05-22 04:28:50.530
a5a1bfcf728ab0e19182959cf0771ee4,81.58596795016312,Average Seller,2,Average Seller,4.333333333333333,4.761904761904762,1812.96,v1.0,2026-05-22 04:28:50.530
a5bff0f43eb51f0cad7c37fac7244c8a,85.38422652130748,Average Seller,2,Average Seller,4.75,0.0,445.0,v1.0,2026-05-22 04:28:50.530
a5cba26a62b8b4d0145b68b841e62e7f,88.5518414028286,Average Seller,2,Average Seller,4.518518518518518,1.8518518518518516,14737.84,v1.0,2026-05-22 04:28:50.530
a5dd1946fb63ada8bcaa0c9cd8f11e22,74.41041485906355,Average Seller,2,Average Seller,3.8333333333333335,0.0,219.62,v1.0,2026-05-22 04:28:50.530
a5ff20ff766e7f50bd5066f33da14413,65.82698623336879,Average Seller,2,Average Seller,3.0,0.0,66.59,v1.0,2026-05-22 04:28:50.530
a61cc04793308395a840807104365121,84.45446182730828,Average Seller,2,Average Seller,5.0,0.0,14.63,v1.0,2026-05-22 04:28:50.530
a63bfbaa882c8f4542891b4e2246cc7f,88.29200532364463,Average Seller,2,Average Seller,4.428571428571429,0.0,6772.0,v1.0,2026-05-22 04:28:50.530
a64e44665225d19dfc0277eeeaaccc57,89.42535051969081,Average Seller,2,Average Seller,5.0,0.0,335.0,v1.0,2026-05-22 04:28:50.530
a663d9c3797e90eac99ff60939416a56,88.85293894630114,Average Seller,2,Average Seller,5.0,0.0,235.0,v1.0,2026-05-22 04:28:50.530
a673821011d0cec28146ea42f5ab767f,79.34424893153941,Average Seller,2,Average Seller,3.9069767441860463,10.077519379844961,13863.69,v1.0,2026-05-22 04:28:50.530
a67780aba9dd436e7ac0aa1f889e73ec,68.62230970972959,Average Seller,2,Average Seller,3.6666666666666665,16.666666666666664,863.0,v1.0,2026-05-22 04:28:50.530
a69aa24cec11168e7e39a3fbc727e925,87.57083808098125,Average Seller,2,Average Seller,5.0,0.0,105.97,v1.0,2026-05-22 04:28:50.530
a6bd7d1ccdac48c6b33b28596b7eb122,76.76073387710034,Average Seller,2,Average Seller,3.4375,6.25,14368.61,v1.0,2026-05-22 04:28:50.530
a6fe7de3d16f6149ffe280349a8535a0,76.05812172321534,Average Seller,2,Average Seller,3.9215686274509802,11.76470588235294,2904.8,v1.0,2026-05-22 04:28:50.530
a70e9066dbfd10b6b97a3f54a1356762,92.06838850008923,Average Seller,2,Average Seller,5.0,0.0,1716.0,v1.0,2026-05-22 04:28:50.530
a72c2f59332659e361d647515c698798,87.2388242607502,Average Seller,2,Average Seller,4.8,0.0,802.9,v1.0,2026-05-22 04:28:50.530
a72f15980dc3e9bfd1a49ac9b2f3af65,69.30707521344736,Average Seller,2,Average Seller,4.0,0.0,89.9,v1.0,2026-05-22 04:28:50.530
a7a9b880c49781da66651ccf4ba9ac38,68.62085435418722,Average Seller,2,Average Seller,3.6666666666666665,0.0,307.6,v1.0,2026-05-22 04:28:50.530
a7b7354cc588f7566a848bcbb1ce3d96,74.116233683037,Average Seller,2,Average Seller,4.0,0.0,79.8,v1.0,2026-05-22 04:28:50.530
a7c53f6b3b61adbdaa99dda97e8cbd56,69.46166645473595,Average Seller,2,Average Seller,4.0,0.0,99.0,v1.0,2026-05-22 04:28:50.530
a7c88262832dfc683781d6a421edefae,79.47199340556725,Average Seller,2,Average Seller,4.2,0.0,1520.0,v1.0,2026-05-22 04:28:50.530
a7d0f8dd44f57ef6de7f7f02e3d82630,77.99099771663859,Average Seller,2,Average Seller,4.5,0.0,73.79,v1.0,2026-05-22 04:28:50.530
a7dc4098e4da6e41b426269d12ae7e91,69.12983659652593,Average Seller,2,Average Seller,3.0,0.0,518.0,v1.0,2026-05-22 04:28:50.530
a7ecf689b40a44361e259b28939023e4,89.66682993015158,Average Seller,2,Average Seller,5.0,0.0,389.0,v1.0,2026-05-22 04:28:50.530
a7f13822ceb966b076af67121f87b063,74.00211690281296,Average Seller,2,Average Seller,3.3066666666666666,4.0,12477.64,v1.0,2026-05-22 04:28:50.530
a806a4bb063ea7ca6d374eafa50a6058,75.21668954497143,Average Seller,2,Average Seller,4.0,0.0,294.4,v1.0,2026-05-22 04:28:50.530
a81466620e46a6970b22ef40379fdfc9,89.36041256424492,Average Seller,2,Average Seller,5.0,0.0,321.8,v1.0,2026-05-22 04:28:50.530
a8739afb32aaa45e01815ca76f76f54b,74.77926940471843,Average Seller,2,Average Seller,3.769230769230769,0.0,298.83,v1.0,2026-05-22 04:28:50.530
a888faf2d1baececa6baf9c3d603ee1f,81.29902770164973,Average Seller,2,Average Seller,4.037037037037037,9.25925925925926,17765.8,v1.0,2026-05-22 04:28:50.530
a89e143d5211473ae18db9577ee34b64,67.01837807838899,Average Seller,2,Average Seller,3.0,0.0,140.0,v1.0,2026-05-22 04:28:50.530
a90a5da8b09e44264a177c0374a5ac87,78.34392667798244,Average Seller,2,Average Seller,4.333333333333333,0.0,74.7,v1.0,2026-05-22 04:28:50.530
a938325a4b357fd23a6a4d5bb126408e,76.67658566425352,Average Seller,2,Average Seller,3.8333333333333335,4.166666666666666,3231.0,v1.0,2026-05-22 04:28:50.530
a9415cf907dfa12f9ed18693244f5329,88.67151021401303,Average Seller,2,Average Seller,5.0,0.0,210.0,v1.0,2026-05-22 04:28:50.530
a99504ac23ed125aaf5302af6cc30af9,91.15811144241616,Average Seller,2,Average Seller,5.0,0.0,978.0,v1.0,2026-05-22 04:28:50.530
a9ae440659f48b7849df83e82734150b,89.16429201497587,Average Seller,2,Average Seller,5.0,0.0,285.0,v1.0,2026-05-22 04:28:50.530
a9b533a26e898b12e8b8d4c07279bf4d,87.76515969364851,Average Seller,2,Average Seller,5.0,0.0,119.6,v1.0,2026-05-22 04:28:50.530
aa17b35ce4de7b565be3249ba838944f,78.11623368303698,Average Seller,2,Average Seller,4.5,0.0,79.8,v1.0,2026-05-22 04:28:50.530
aa1eb17b9fdf6dfd546e25c45c7b9235,81.74338340479761,Average Seller,2,Average Seller,4.666666666666667,0.0,117.99,v1.0,2026-05-22 04:28:50.530
aa2640d851ec322526f1295bbeb20092,62.23309801575848,Average Seller,2,Average Seller,3.0,0.0,159.98,v1.0,2026-05-22 04:28:50.530
aa762680c40618316a896838866140ea,59.022278811442575,Underperformer,1,Underperformer,3.3333333333333335,33.33333333333333,261.0,v1.0,2026-05-22 04:28:50.530
aa8af66c623d7d544dfe4bb85b5ebe3b,87.46166645473593,Average Seller,2,Average Seller,5.0,0.0,99.0,v1.0,2026-05-22 04:28:50.530
aac29b1b99776be73c3049939652091d,78.98202914288822,Average Seller,2,Average Seller,4.030612244897959,9.183673469387756,6755.91,v1.0,2026-05-22 04:28:50.530
aac51c486b672a9850d59f3e84b1cf88,87.08098119394133,Average Seller,2,Average Seller,4.8,0.0,728.28,v1.0,2026-05-22 04:28:50.530
aadfe0417e61315688b6bd7043361e25,71.19181693894774,Average Seller,2,Average Seller,4.0,0.0,289.9,v1.0,2026-05-22 04:28:50.530
aae3bfea055532c57fb453ed3ec80b30,74.67074002136226,Average Seller,2,Average Seller,3.5416666666666665,0.0,3057.92,v1.0,2026-05-22 04:28:50.530
aae5953b9edddf14749c0d65d60eb4b9,88.35911558304704,Average Seller,2,Average Seller,5.0,0.0,173.0,v1.0,2026-05-22 04:28:50.530
aae5e7b457a3c72ee230a47d98fceda5,77.98040648625184,Average Seller,2,Average Seller,4.2,0.0,604.8,v1.0,2026-05-22 04:28:50.530
aaed1309374718fdd995ee4c58c9dfcd,82.01927218413996,Average Seller,2,Average Seller,4.066666666666666,2.857142857142857,9376.95,v1.0,2026-05-22 04:28:50.530
aafe36600ce604f205b86b5084d3d767,85.83619339339403,Average Seller,2,Average Seller,4.403100775193798,3.875968992248062,9251.4,v1.0,2026-05-22 04:28:50.530
ab27bbbad5239bc31a34709275a70db4,89.64128679945372,Average Seller,2,Average Seller,5.0,0.0,382.9,v1.0,2026-05-22 04:28:50.530
ab3e0c171fe84a7ba7de130f19cfb485,66.67071620222023,Average Seller,2,Average Seller,3.5714285714285716,28.57142857142857,863.42,v1.0,2026-05-22 04:28:50.530
ab75b89cc49c9ab3160d0c91565a442a,47.93516557669023,Underperformer,1,Underperformer,1.5,0.0,37.98,v1.0,2026-05-22 04:28:50.530
ab91571efab27993ff2f6b36e38055c3,71.51333101786703,Average Seller,2,Average Seller,4.666666666666667,33.33333333333333,102.24,v1.0,2026-05-22 04:28:50.530
ab9db4cf53b08b828b64dccaafc2d9f0,80.72222382772833,Average Seller,2,Average Seller,4.2,0.0,277.67,v1.0,2026-05-22 04:28:50.530
aba1721a889e04decc910aa13b768ef4,86.22752653763143,Average Seller,2,Average Seller,4.445783132530121,7.228915662650602,14103.3,v1.0,2026-05-22 04:28:50.530
abbf6046bbdf1028606a5bc7f00c99e7,81.34047692824524,Average Seller,2,Average Seller,4.142857142857143,0.0,2217.15,v1.0,2026-05-22 04:28:50.530
abc015ebac1d283a323ca9db35ede4b9,83.35837760435032,Average Seller,2,Average Seller,4.416666666666667,0.0,1106.8,v1.0,2026-05-22 04:28:50.530
abcd2cb37d46c2c8fb1bf071c859fc5b,82.16128424785593,Average Seller,2,Average Seller,4.2444444444444445,4.444444444444445,4880.22,v1.0,2026-05-22 04:28:50.530
abe021b01ba992245271b9aa422032df,77.27951755251566,Average Seller,2,Average Seller,3.5,0.0,6720.0,v1.0,2026-05-22 04:28:50.530
abe42c5d03695b4257b5c6cbf4e6784e,77.23827778319307,Average Seller,2,Average Seller,3.88,16.0,17159.0,v1.0,2026-05-22 04:28:50.530
ac137bac82ffa8548e62bd9d01d2a14f,44.35790137266222,Underperformer,1,Underperformer,1.0,0.0,49.6,v1.0,2026-05-22 04:28:50.530
ac1ed5fc15901fbc92920361eb4ab350,45.63440410648502,Underperformer,1,Underperformer,1.0,0.0,110.25,v1.0,2026-05-22 04:28:50.530
ac3508719a1d8f5b7614b798f70af136,88.48542962011938,Average Seller,2,Average Seller,4.533980582524272,1.9417475728155338,12775.84,v1.0,2026-05-22 04:28:50.530
ac51cac5e20d69ff485a54746488ef48,73.74975268969422,Average Seller,2,Average Seller,3.5,0.0,759.9,v1.0,2026-05-22 04:28:50.530
ac6417315ae5da8f9a38ee11de6f7780,73.31035832095587,Average Seller,2,Average Seller,3.75,12.5,788.9,v1.0,2026-05-22 04:28:50.530
ac9b01377919cdbd2a1bbb8d5837c70b,60.54803116122783,Average Seller,2,Average Seller,3.0,0.0,55.9,v1.0,2026-05-22 04:28:50.530
acadd4d36859671cb635527c6c977533,79.93213984778285,Average Seller,2,Average Seller,4.25,8.333333333333332,2381.0,v1.0,2026-05-22 04:28:50.530
acb6c2ca5c82411c1fdb88d5fd5eb95e,75.96703224753003,Average Seller,2,Average Seller,3.9,0.0,413.88,v1.0,2026-05-22 04:28:50.530
acce39e832338debb07b02385cde5967,85.8986418378954,Average Seller,2,Average Seller,4.4772727272727275,0.0,4748.1,v1.0,2026-05-22 04:28:50.530
ace601496e211a664100321f038f50af,54.28285302320821,Underperformer,1,Underperformer,2.0,0.0,165.0,v1.0,2026-05-22 04:28:50.530
aced59e9b31ef866a94f9e7f29d8d418,85.55417043237401,Average Seller,2,Average Seller,4.426229508196721,3.278688524590164,7268.5,v1.0,2026-05-22 04:28:50.530
acf974e4d5950ad143a247471b831eb9,79.40531809037404,Average Seller,2,Average Seller,4.2,0.0,423.8,v1.0,2026-05-22 04:28:50.530
ad14615bdd492b01b0d97922e87cb87f,83.60451367884963,Average Seller,2,Average Seller,5.0,0.0,8.25,v1.0,2026-05-22 04:28:50.530
ad273c9eb54ecb4532de4bf75bae9e4e,79.28450885476602,Average Seller,2,Average Seller,4.1,0.0,645.0,v1.0,2026-05-22 04:28:50.530
ad420dd0c4f92f8af951ac24b86d0cf5,80.32119928953591,Average Seller,2,Average Seller,4.071428571428571,7.142857142857142,4705.29,v1.0,2026-05-22 04:28:50.530
ad738d3fcf42655ed15c4960b7b6c601,44.78841497337548,Underperformer,1,Underperformer,1.0,0.0,65.0,v1.0,2026-05-22 04:28:50.530
ad75519a07f039025e83795a4418470f,71.92504993463604,Average Seller,2,Average Seller,3.6666666666666665,0.0,302.1,v1.0,2026-05-22 04:28:50.530
ad781527c93d00d89a11eecd9dcad7c1,63.64042140446825,Underperformer,1,Underperformer,3.0681818181818183,27.27272727272727,6899.57,v1.0,2026-05-22 04:28:50.530
ad87df7699e83b8a91822a4a0b765c3a,73.49565467988236,Average Seller,2,Average Seller,3.8333333333333335,0.0,349.9,v1.0,2026-05-22 04:28:50.530
ad8ada0ffa993cb1197d102d9ab21a3e,48.36697793032636,Underperformer,1,Underperformer,1.0,0.0,599.8,v1.0,2026-05-22 04:28:50.530
ad8b531ae67582f096925cff5630d0d1,62.658789975169846,Underperformer,1,Underperformer,3.0,0.0,208.35,v1.0,2026-05-22 04:28:50.530
ad97a199236354e53fcd91a5a913e9a2,85.138726764127,Average Seller,2,Average Seller,4.529411764705882,11.76470588235294,13205.9,v1.0,2026-05-22 04:28:50.530
adbc26658d6c7b4b6219f9d934598091,80.46525575300419,Average Seller,2,Average Seller,4.125,13.636363636363635,11806.4,v1.0,2026-05-22 04:28:50.530
adbe70ab2c97442046d393988c8d1d27,80.78958745076173,Average Seller,2,Average Seller,4.2,0.0,289.5,v1.0,2026-05-22 04:28:50.530
adcf50477d6a1f5d91bb9d54c4903cb5,66.29396878435075,Average Seller,2,Average Seller,3.263157894736842,15.789473684210526,1425.14,v1.0,2026-05-22 04:28:50.530
ade45994b717ccee333492330fbf037b,85.39038898921879,Average Seller,2,Average Seller,4.5,0.0,7196.0,v1.0,2026-05-22 04:28:50.530
aded58c8142dedc5494a81f948431fab,74.18958745076172,Average Seller,2,Average Seller,3.75,0.0,289.5,v1.0,2026-05-22 04:28:50.530
ae45ad30c2d2e5913094769690a239d2,88.9643605292601,Average Seller,2,Average Seller,5.0,0.0,251.8,v1.0,2026-05-22 04:28:50.530
ae45df84722b1d15c5f32b23a095746c,87.02687300372199,Average Seller,2,Average Seller,4.777777777777778,0.0,901.83,v1.0,2026-05-22 04:28:50.530
ae7ab174effdead6c241e547e4ca13f0,85.84892361052732,Average Seller,2,Average Seller,4.333333333333333,0.0,2778.6,v1.0,2026-05-22 04:28:50.530
ae8bfdbf1c2a2a2dee92d799db0a31c6,76.1989040249039,Average Seller,2,Average Seller,4.125,0.0,339.92,v1.0,2026-05-22 04:28:50.530
ae9690c6e8fee182c28c9ff8e11ca52c,86.28587705819977,Average Seller,2,Average Seller,5.0,0.0,47.4,v1.0,2026-05-22 04:28:50.530
aeb36d67f1414f234d42a29e27cf1f17,79.10961289145528,Average Seller,2,Average Seller,4.5,25.0,3263.8,v1.0,2026-05-22 04:28:50.530
aec99834ab5d38ead22766ada8497e87,89.9343053948719,Average Seller,2,Average Seller,5.0,0.0,459.0,v1.0,2026-05-22 04:28:50.530
af3ef48d0e13835e529c29ac573c63e5,75.17390551427386,Average Seller,2,Average Seller,3.761904761904762,4.761904761904762,1405.63,v1.0,2026-05-22 04:28:50.530
af4a0e4cfe1d9c26b6712b1be25a72e5,76.42292235885486,Average Seller,2,Average Seller,3.4285714285714284,4.761904761904762,8757.98,v1.0,2026-05-22 04:28:50.530
af7cdac9d9897cddead9c6b08976c642,67.87433750712759,Average Seller,2,Average Seller,3.6666666666666665,16.666666666666664,543.54,v1.0,2026-05-22 04:28:50.530
afa6714acee029b2dfdf357e5579cc03,80.21311062003323,Average Seller,2,Average Seller,4.25,12.5,3220.76,v1.0,2026-05-22 04:28:50.530
afac9f6b0c4e5f0a7ee87e922cd0f873,43.007618484310825,Underperformer,1,Underperformer,1.0,0.0,20.99,v1.0,2026-05-22 04:28:50.530
afe0067131b73e40875c9b6c10bd2e21,82.14661909070911,Average Seller,2,Average Seller,4.217391304347826,4.3478260869565215,5130.4,v1.0,2026-05-22 04:28:50.530
b00af24704019bd2e1b335e70ad11f7c,88.50164965141921,Average Seller,2,Average Seller,5.0,0.0,189.0,v1.0,2026-05-22 04:28:50.530
b01c2b7b8599b325103ebcddc67413e1,83.82571625845642,Average Seller,2,Average Seller,4.75,0.0,169.45,v1.0,2026-05-22 04:28:50.530
b026643914f651e8371425e5b8a1e780,85.4503662135463,Average Seller,2,Average Seller,5.0,0.0,27.9,v1.0,2026-05-22 04:28:50.530
b0398568231ba5e6734af1881671a317,80.01376434774726,Average Seller,2,Average Seller,4.0,0.0,656.77,v1.0,2026-05-22 04:28:50.530
b05b432bf68945d4d9783f9e3ca29ee8,79.78135147440823,Average Seller,2,Average Seller,4.5,0.0,224.8,v1.0,2026-05-22 04:28:50.530
b080809eaacb49e5ca07290981472431,86.53335348195057,Average Seller,2,Average Seller,4.818181818181818,0.0,424.0,v1.0,2026-05-22 04:28:50.530
b0b346d3a89f5eb4c2968af3f083cd43,62.041191585278256,Underperformer,1,Underperformer,3.272727272727273,27.27272727272727,614.0,v1.0,2026-05-22 04:28:50.530
b0f2a6122a90a93eb03e68653dd960e3,88.97546496349469,Average Seller,2,Average Seller,4.833333333333333,0.0,1620.3,v1.0,2026-05-22 04:28:50.530
b1204cfda1d4948679db3cfc0d3cb95c,82.06311048563887,Average Seller,2,Average Seller,4.0,0.0,2903.7,v1.0,2026-05-22 04:28:50.530
b127efdabeffb5d559349c7b172eb75d,83.69223952363909,Average Seller,2,Average Seller,4.8,10.0,308.5,v1.0,2026-05-22 04:28:50.530
b12cfd255810394b60caef18ae163547,81.255921983575,Average Seller,2,Average Seller,4.5,0.0,560.0,v1.0,2026-05-22 04:28:50.530
b14db04aa7881970e83ffa9426897925,74.35746675379325,Average Seller,2,Average Seller,3.6506024096385543,9.63855421686747,5898.6,v1.0,2026-05-22 04:28:50.530
b16d3dadc47d4eb18be3d88bad0775ce,82.06719225084663,Average Seller,2,Average Seller,4.3,0.0,722.1,v1.0,2026-05-22 04:28:50.530
b17b679f4f5ce2e03ce6968c62648246,74.05487096668854,Average Seller,2,Average Seller,3.709090909090909,14.545454545454545,4084.75,v1.0,2026-05-22 04:28:50.530
b18871c324516afa228a13e8f1ef0ae9,71.073226862246,Average Seller,2,Average Seller,3.4444444444444446,11.11111111111111,1064.6,v1.0,2026-05-22 04:28:50.530
b18dc380845b24038cfc48006478f099,79.67744693657227,Average Seller,2,Average Seller,4.068181818181818,11.363636363636363,8353.3,v1.0,2026-05-22 04:28:50.530
b19c48688808720822399ffa9f2dbe2f,91.12802666231687,Average Seller,2,Average Seller,5.0,0.0,959.99,v1.0,2026-05-22 04:28:50.530
b19f3ca2ea475913750f25a5c37c8d8f,62.31646909289352,Underperformer,1,Underperformer,2.7916666666666665,25.0,6202.91,v1.0,2026-05-22 04:28:50.530
b1a81260566c1bac3114a6d124413f27,85.75384558102303,Average Seller,2,Average Seller,4.2745098039215685,0.0,8684.69,v1.0,2026-05-22 04:28:50.530
b1aaae6b66ad3c40f54b389d7ea4bee0,83.32390969128517,Average Seller,2,Average Seller,4.4,0.0,1176.5,v1.0,2026-05-22 04:28:50.530
b1ac6ea7895bc3dd6f0f6f4abbdd2821,84.34646132479972,Average Seller,2,Average Seller,4.35,0.0,3139.0,v1.0,2026-05-22 04:28:50.530
b1b3948701c5c72445495bd161b83a4c,46.27732110351464,Underperformer,1,Underperformer,1.7222222222222223,50.0,24699.19,v1.0,2026-05-22 04:28:50.530
b1fc4f64df5a0e8b6913ab38803c57a9,76.54222319503883,Average Seller,2,Average Seller,3.822429906542056,12.149532710280374,7994.74,v1.0,2026-05-22 04:28:50.530
b1fecf4da1fa2689bccffa0121953643,92.3520887069857,Average Seller,2,Average Seller,4.947368421052632,0.0,3669.64,v1.0,2026-05-22 04:28:50.530
b2479f944e1b90cf8a5de1bbfde284d6,71.99017220553202,Average Seller,2,Average Seller,3.436893203883495,11.650485436893204,4752.51,v1.0,2026-05-22 04:28:50.530
b248792ac0b60ec3f93d80af1b4fae47,70.77551964470223,Average Seller,2,Average Seller,3.857142857142857,14.285714285714285,454.5,v1.0,2026-05-22 04:28:50.530
b26741d31a563d769b4af0465ab20c56,72.49201595831218,Average Seller,2,Average Seller,4.0,0.0,648.0,v1.0,2026-05-22 04:28:50.530
b274baf5bbd142410eb2958cf685d684,81.75762240044307,Average Seller,2,Average Seller,4.285714285714286,0.0,585.9,v1.0,2026-05-22 04:28:50.530
b29d3380981c51df13fc6fbe87e1763d,73.84859838572585,Average Seller,2,Average Seller,3.8333333333333335,0.0,435.3,v1.0,2026-05-22 04:28:50.530
b2a6d334e2833acea353624840e25a0e,85.4458391782671,Average Seller,2,Average Seller,4.48,0.0,1650.98,v1.0,2026-05-22 04:28:50.530
b2ac621f0d0322434d04a12b078b9369,83.71988532963499,Average Seller,2,Average Seller,4.4,10.0,9575.5,v1.0,2026-05-22 04:28:50.530
b2ba3715d723d245138f291a6fe42594,84.041527038706,Average Seller,2,Average Seller,4.071216617210682,6.528189910979229,51676.88,v1.0,2026-05-22 04:28:50.530
b2bdc5e7940a7d7ca8c4a37953b27a42,88.95278245494319,Average Seller,2,Average Seller,5.0,0.0,250.0,v1.0,2026-05-22 04:28:50.530
b2c97074649f92197d9387d9033dda5f,82.18116715150586,Average Seller,2,Average Seller,4.7,10.0,684.71,v1.0,2026-05-22 04:28:50.530
b2eecf5ea250510da76590ca79d60e5d,91.28843949081754,Average Seller,2,Average Seller,5.0,0.0,1060.0,v1.0,2026-05-22 04:28:50.530
b2f4d63c7203f539a78252565ca32257,84.48221231067906,Average Seller,2,Average Seller,5.0,0.0,14.9,v1.0,2026-05-22 04:28:50.530
b32be1695eb7ec5f10f72d9610a12527,82.30293823615294,Average Seller,2,Average Seller,4.0,4.444444444444445,26874.0,v1.0,2026-05-22 04:28:50.530
b335c59ab742f751a85db9c411a86739,76.7214108240626,Average Seller,2,Average Seller,3.8484848484848486,3.0303030303030303,2873.34,v1.0,2026-05-22 04:28:50.530
b33aaadd1a8891d2dfef0c4c3bdf0371,75.22985875511286,Average Seller,2,Average Seller,3.9375,12.5,1504.0,v1.0,2026-05-22 04:28:50.530
b33e7c55446eabf8fe1a42d037ac7d6d,83.37301971245736,Average Seller,2,Average Seller,4.1644736842105265,11.18421052631579,44985.17,v1.0,2026-05-22 04:28:50.530
b347677812ea483b0f528eaf8cbc09b7,87.74452332164276,Average Seller,2,Average Seller,4.523809523809524,0.0,7288.99,v1.0,2026-05-22 04:28:50.530
b372ee768ed69e46ca8cdbd267aa7a38,88.03193891239557,Average Seller,2,Average Seller,4.428571428571429,0.0,12630.0,v1.0,2026-05-22 04:28:50.530
b37c4c02bda3161a7546a4e6d222d5b2,66.84696042423745,Underperformer,1,Underperformer,2.25,0.0,24075.0,v1.0,2026-05-22 04:28:50.530
b3809b8d4394588a47c8470ea331e135,69.2909528885512,Average Seller,2,Average Seller,4.0,0.0,89.0,v1.0,2026-05-22 04:28:50.530
b39d7fe263ef469605dbb32608aee0af,78.40740385423548,Average Seller,2,Average Seller,3.8636363636363638,4.545454545454546,5193.1,v1.0,2026-05-22 04:28:50.530
b3b17aab11f273023a5f22ca52e1eb70,87.45341549688696,Average Seller,2,Average Seller,4.857142857142857,14.285714285714285,6850.0,v1.0,2026-05-22 04:28:50.530
b3e2faf2c1004d674f16a3aa3197f0e1,86.69935091982128,Average Seller,2,Average Seller,5.0,0.0,61.47,v1.0,2026-05-22 04:28:50.530
b3f19518fcec265b2e97af287725f981,78.25196937352246,Average Seller,2,Average Seller,4.222222222222222,0.0,486.91,v1.0,2026-05-22 04:28:50.530
b410bdd36d5db7a65dcd42b7ead933b8,89.73298173771444,Average Seller,2,Average Seller,4.659090909090909,0.0,7726.9,v1.0,2026-05-22 04:28:50.530
b416191c9813d821a295cfabafff4161,57.74079411744836,Underperformer,1,Underperformer,2.5,0.0,117.8,v1.0,2026-05-22 04:28:50.530
b43d8b707f887a30f4675391098354a0,59.00366325913048,Underperformer,1,Underperformer,3.0,33.33333333333333,1342.0,v1.0,2026-05-22 04:28:50.530
b44dbfbf62e52125f3c15d230569ea91,85.8925835926567,Average Seller,2,Average Seller,4.75,0.0,609.37,v1.0,2026-05-22 04:28:50.530
b452cb0ae35044c4a53179c39f49fb06,68.7561818619017,Average Seller,2,Average Seller,4.0,0.0,63.7,v1.0,2026-05-22 04:28:50.530
b45d7ebfb7378630f1bcd74b6ff86ff7,75.60621386147348,Average Seller,2,Average Seller,3.8,0.0,1007.5,v1.0,2026-05-22 04:28:50.530
b494891378bd8f4560abe576c52deacd,88.65075571738227,Average Seller,2,Average Seller,4.65,0.0,2958.9,v1.0,2026-05-22 04:28:50.530
b499c00f28f4b7069ff6550af8c1348a,80.22564551788062,Average Seller,2,Average Seller,4.118421052631579,12.5,10327.13,v1.0,2026-05-22 04:28:50.530
b4a476fbd28de64b1e347abf9089366a,77.83782680173414,Average Seller,2,Average Seller,3.8484848484848486,6.0606060606060606,5724.04,v1.0,2026-05-22 04:28:50.530
b4b447d715f9ab302a188fb43d3e96b3,86.98404735675479,Average Seller,2,Average Seller,4.8,0.0,685.93,v1.0,2026-05-22 04:28:50.530
b4f8921fcc4ff77b66bea6dda43dcd51,88.24618502055746,Average Seller,2,Average Seller,4.555555555555555,5.555555555555555,11395.05,v1.0,2026-05-22 04:28:50.530
b4ffb71f0cb1b1c3d63fad021ecf93e1,83.59736991649088,Average Seller,2,Average Seller,4.222222222222222,2.083333333333333,6656.09,v1.0,2026-05-22 04:28:50.530
b55638ad525e906c698fa2ce742c1742,72.97709415811894,Average Seller,2,Average Seller,4.181818181818182,18.181818181818183,1094.8,v1.0,2026-05-22 04:28:50.530
b561927807645834b59ef0d16ba55a24,80.36001462646072,Average Seller,2,Average Seller,4.341176470588235,14.117647058823529,4501.99,v1.0,2026-05-22 04:28:50.530
b566ab0ef88016e00422755e305103c6,65.10001846416431,Average Seller,2,Average Seller,3.2,20.0,1208.0,v1.0,2026-05-22 04:28:50.530
b56828a9f9027f3c918c04ca720d9e3c,50.87496618143583,Underperformer,1,Underperformer,2.6666666666666665,33.33333333333333,360.0,v1.0,2026-05-22 04:28:50.530
b56906f7fd1696e043f1bcce164c487b,78.93238774326406,Average Seller,2,Average Seller,4.0,5.0,2148.49,v1.0,2026-05-22 04:28:50.530
b57e8460909fa137df7951b4a3b5ea84,54.57663744230641,Underperformer,1,Underperformer,2.0,0.0,198.0,v1.0,2026-05-22 04:28:50.530
b586cd24c010a13916af621b0325fbba,75.36150457223924,Average Seller,2,Average Seller,3.8333333333333335,0.0,1108.94,v1.0,2026-05-22 04:28:50.530
b5abf4f36adc043117b4fca82c22984c,58.27977128979621,Underperformer,1,Underperformer,2.5454545454545454,18.181818181818183,1247.8,v1.0,2026-05-22 04:28:50.530
b5b800c4065bebf4d3442311c9857344,87.11823774053865,Average Seller,2,Average Seller,5.0,0.0,79.9,v1.0,2026-05-22 04:28:50.530
b5bb2b985208834bd5bd86c7a402bbad,90.42332228710114,Average Seller,2,Average Seller,5.0,0.0,621.06,v1.0,2026-05-22 04:28:50.530
b5d034ac251546e25afe9067f05c1539,86.90445246632441,Average Seller,2,Average Seller,5.0,0.0,69.9,v1.0,2026-05-22 04:28:50.530
b5dd7151a92ccaaa282cbe9681a05f44,87.21729110019136,Average Seller,2,Average Seller,5.0,0.0,85.0,v1.0,2026-05-22 04:28:50.530
b5e3e38609125694d2ea2417522a60b7,76.93607063424815,Average Seller,2,Average Seller,4.3125,12.5,995.04,v1.0,2026-05-22 04:28:50.530
b5f0712d22a873b6797ab6cc65c3fcba,66.27485480173294,Average Seller,2,Average Seller,4.0,0.0,12.99,v1.0,2026-05-22 04:28:50.530
b5f49fe968dff6b112861e6cd8e192ef,88.54954319589646,Average Seller,2,Average Seller,5.0,0.0,194.7,v1.0,2026-05-22 04:28:50.530
b64d51f0435e884e8de603b1655155ae,77.07010755183444,Average Seller,2,Average Seller,4.294117647058823,11.76470588235294,416.18,v1.0,2026-05-22 04:28:50.530
b67d6c666e8dce1d078c882825e12704,86.93774499958671,Average Seller,2,Average Seller,4.857142857142857,0.0,352.84,v1.0,2026-05-22 04:28:50.530
b6c6854d4d92a5f6f46be8869da3fa1a,44.904452466324415,Underperformer,1,Underperformer,1.0,0.0,69.9,v1.0,2026-05-22 04:28:50.530
b6d44737c043328708f6749c2dbe50bd,85.14189948071906,Average Seller,2,Average Seller,4.467741935483871,6.451612903225806,5369.6,v1.0,2026-05-22 04:28:50.530
b6dc74ed30f124f95227bed4e43a3bed,74.86010360560907,Average Seller,2,Average Seller,4.0,9.090909090909092,518.96,v1.0,2026-05-22 04:28:50.530
b6e1504972665f739dec4facb9943775,82.40513465517584,Average Seller,2,Average Seller,4.357142857142857,7.142857142857142,1484.48,v1.0,2026-05-22 04:28:50.530
b6f52e346160519c24a23af05410ad32,69.89794877368418,Average Seller,2,Average Seller,4.0,0.0,129.9,v1.0,2026-05-22 04:28:50.530
b74d1c09cb380e1d03a6f859c6f4224b,78.48658138278407,Average Seller,2,Average Seller,4.258064516129032,12.903225806451612,2221.6,v1.0,2026-05-22 04:28:50.530
b76a1f8356322f12529c37b67d5c96c2,85.63902356529545,Average Seller,2,Average Seller,4.8,0.0,298.5,v1.0,2026-05-22 04:28:50.530
b76dba6c951ab00dc4edf0a1aa88037e,80.81358207692708,Average Seller,2,Average Seller,4.163522012578617,3.1446540880503147,2574.78,v1.0,2026-05-22 04:28:50.530
b76f4d90e85657a240495c876313adc5,89.24172628532754,Average Seller,2,Average Seller,5.0,0.0,299.0,v1.0,2026-05-22 04:28:50.530
b77a27b1864483e721dc831d5ba4afa0,69.08664462201679,Average Seller,2,Average Seller,3.5,0.0,41.8,v1.0,2026-05-22 04:28:50.530
b7ba853e9551f4558440881fd3e5c815,47.61533453206924,Underperformer,1,Underperformer,1.0,0.0,376.8,v1.0,2026-05-22 04:28:50.530
b7cc6c5e001441ae8cdd5c69a480cbe4,78.83480862881744,Average Seller,2,Average Seller,4.166666666666667,0.0,651.8,v1.0,2026-05-22 04:28:50.530
b7d5b4b87af9d42b601865d3f3810bff,57.27155342313866,Underperformer,1,Underperformer,2.0,0.0,1049.0,v1.0,2026-05-22 04:28:50.530
b7e1750c1157341d2abd0251e07c186b,79.56260208860095,Average Seller,2,Average Seller,4.333333333333333,0.0,159.6,v1.0,2026-05-22 04:28:50.530
b7ed9fb14c8eadb37adb9c45d67ab0fb,70.84458774186375,Average Seller,2,Average Seller,3.2857142857142856,0.0,566.0,v1.0,2026-05-22 04:28:50.530
b8114f2f589a6804810f04f99b36b498,87.2383964069195,Average Seller,2,Average Seller,4.75,0.0,1399.62,v1.0,2026-05-22 04:28:50.530
b81e3a6c866a764974fe849821abeebd,85.40449159995023,Average Seller,2,Average Seller,4.625,0.0,836.15,v1.0,2026-05-22 04:28:50.530
b839e41795b7f3ad94cc2014a52f6796,85.7651281016048,Average Seller,2,Average Seller,4.090909090909091,3.0303030303030303,42829.0,v1.0,2026-05-22 04:28:50.530
b83cedfb587e7911540e3f576d6917ce,81.15568836819547,Average Seller,2,Average Seller,4.208333333333333,4.166666666666666,2224.95,v1.0,2026-05-22 04:28:50.530
b8555308bfdb4ca1ed54325a58da9a97,77.69069279379094,Average Seller,2,Average Seller,4.0,7.6923076923076925,3047.2,v1.0,2026-05-22 04:28:50.530
b8578d2d823bd8e251f6fdd02b40902d,84.89592068570572,Average Seller,2,Average Seller,4.444444444444445,0.0,1255.6,v1.0,2026-05-22 04:28:50.530
b8630e1121437d41cb08e3c749c2c2e2,84.84287137279293,Average Seller,2,Average Seller,4.333333333333333,8.333333333333332,6988.0,v1.0,2026-05-22 04:28:50.530
b86a47b3366e3b5424a7b225781f4908,61.24530817203182,Average Seller,2,Average Seller,3.0,0.0,86.5,v1.0,2026-05-22 04:28:50.530
b87a7ea0c30fad2dd6781b74a0064859,65.45503251901913,Average Seller,2,Average Seller,3.4444444444444446,22.22222222222222,515.4,v1.0,2026-05-22 04:28:50.530
b88e7c57cb2d8b973b7dd4a2bfa14b36,78.51402019567641,Average Seller,2,Average Seller,4.25,0.0,353.9,v1.0,2026-05-22 04:28:50.530
b8a0adc91af209270c2c725168eb00fd,77.81043409678009,Average Seller,2,Average Seller,4.0,0.0,281.4,v1.0,2026-05-22 04:28:50.530
b8bc237ba3788b23da09c0f1f3a3288c,84.27628643571539,Average Seller,2,Average Seller,4.2444444444444445,2.2222222222222223,13685.71,v1.0,2026-05-22 04:28:50.530
b8d890108a7a80e4f5d59eea9f362438,65.30350631270147,Average Seller,2,Average Seller,3.5,0.0,89.7,v1.0,2026-05-22 04:28:50.530
b906dd0e57f282c7089171b6ed07982e,70.37763327355673,Average Seller,2,Average Seller,4.0,0.0,175.0,v1.0,2026-05-22 04:28:50.530
b90e891671cffd9557f33a97dc523645,84.96436393083881,Average Seller,2,Average Seller,4.323529411764706,0.0,4449.0,v1.0,2026-05-22 04:28:50.530
b92e3c8f9738272ff7c59e111e108d7c,83.38230876829552,Average Seller,2,Average Seller,4.161290322580645,3.225806451612903,8231.09,v1.0,2026-05-22 04:28:50.530
b94cc9f10ddc85e4ba73a6f7974e7101,86.5841681051892,Average Seller,2,Average Seller,4.282051282051282,5.128205128205128,25346.1,v1.0,2026-05-22 04:28:50.530
b98b715fe9e276204e2a3464f48cd796,71.57103909242359,Average Seller,2,Average Seller,3.3333333333333335,0.0,450.58,v1.0,2026-05-22 04:28:50.530
b9a03475e6447e631b6799ec8274800f,81.27887325256992,Average Seller,2,Average Seller,4.2,0.0,1349.1,v1.0,2026-05-22 04:28:50.530
b9c0ffa92f3ff9a5a3d45ef7213c0842,90.03997624836734,Average Seller,2,Average Seller,5.0,0.0,490.0,v1.0,2026-05-22 04:28:50.530
b9ca8e8baa5d4aa038394a700f63e69f,78.8917725891239,Average Seller,2,Average Seller,4.214285714285714,7.142857142857142,1289.77,v1.0,2026-05-22 04:28:50.530
b9de031b671cd48b28fae9d828cbf2b4,88.18550237094337,Average Seller,2,Average Seller,5.0,0.0,155.32,v1.0,2026-05-22 04:28:50.530
b9ec22de23f18567de0e09d776ca0309,89.4586650644672,Average Seller,2,Average Seller,5.0,0.0,341.98,v1.0,2026-05-22 04:28:50.530
ba143b05f0110f0dc71ad71b4466ce92,82.43138963841656,Average Seller,2,Average Seller,4.376470588235295,11.76470588235294,6110.58,v1.0,2026-05-22 04:28:50.530
ba5daa4041e1f15cdf34b76e3e18a450,81.64666580128454,Average Seller,2,Average Seller,4.266666666666667,0.0,806.8,v1.0,2026-05-22 04:28:50.530
ba6b4a237f92479743cf0ca06b67a9ac,78.58678730097088,Average Seller,2,Average Seller,4.25,12.5,801.89,v1.0,2026-05-22 04:28:50.530
ba6b68b55fe8704377a7d43c8e5c0185,80.30631012776188,Average Seller,2,Average Seller,4.2,0.0,739.77,v1.0,2026-05-22 04:28:50.530
ba6ce6de456f6c11d08c17701ba5c26f,80.71629708331433,Average Seller,2,Average Seller,4.166666666666667,0.0,744.35,v1.0,2026-05-22 04:28:50.530
ba89796db68db180bd389de96b2ff3b6,89.29903097117247,Average Seller,2,Average Seller,5.0,0.0,309.8,v1.0,2026-05-22 04:28:50.530
ba8e85df286308fe68a2ce83a8f8b2d6,87.13814315407599,Average Seller,2,Average Seller,5.0,0.0,80.9,v1.0,2026-05-22 04:28:50.530
ba90964cff9b9e0e6f32b23b82465f7b,87.96336951143769,Average Seller,2,Average Seller,4.421052631578948,5.263157894736842,44212.5,v1.0,2026-05-22 04:28:50.530
baa49d93c8c8841e27400a300f5d74b2,79.92937510957188,Average Seller,2,Average Seller,4.5,0.0,246.4,v1.0,2026-05-22 04:28:50.530
bab0a8cd684e41ba6e2637dca0979d3b,89.07640467181774,Average Seller,2,Average Seller,5.0,0.0,269.9,v1.0,2026-05-22 04:28:50.530
babcc0ab201e4c60188427cae51a5b8b,87.10011135814081,Average Seller,2,Average Seller,5.0,0.0,79.0,v1.0,2026-05-22 04:28:50.530
bac44fa8e13424950488659b5f765c41,84.92524562920953,Average Seller,2,Average Seller,5.0,0.0,19.9,v1.0,2026-05-22 04:28:50.530
bac692d6c0ed08467878018e6cc9c26c,71.99649862701717,Average Seller,2,Average Seller,4.0,0.0,477.0,v1.0,2026-05-22 04:28:50.530
bacb1f0ed56ad24198f5810d2b3fe9a5,81.09371480836516,Average Seller,2,Average Seller,4.0,2.380952380952381,6940.45,v1.0,2026-05-22 04:28:50.530
baeda7047354773262ba2405f97038ba,85.80630508169845,Average Seller,2,Average Seller,5.0,0.0,35.0,v1.0,2026-05-22 04:28:50.530
baf15155e37ef5492731459bdc05be8a,86.27243067162208,Average Seller,2,Average Seller,5.0,0.0,47.0,v1.0,2026-05-22 04:28:50.530
bafc5aa11e413978be29040f51342e70,75.58917695444858,Average Seller,2,Average Seller,3.7777777777777777,11.11111111111111,1679.55,v1.0,2026-05-22 04:28:50.530
bb135baca94c82fcb731335ad5b04a03,69.05056523013342,Average Seller,2,Average Seller,3.0555555555555554,0.0,1049.8,v1.0,2026-05-22 04:28:50.530
bb2afe2061d53c6968aa0cffa233a8ec,86.6250141343691,Average Seller,2,Average Seller,4.8,0.0,549.4,v1.0,2026-05-22 04:28:50.530
bb3dca718920a4d7ec3cc9ffb025108b,66.60129847683685,Average Seller,2,Average Seller,3.0,0.0,108.0,v1.0,2026-05-22 04:28:50.530
bb5bd94c8f59cc050072d2930c869cac,81.83097038963797,Average Seller,2,Average Seller,4.1875,0.0,2543.87,v1.0,2026-05-22 04:28:50.530
bb5d956dece964a06c12bceb66b923ae,91.59167185642693,Average Seller,2,Average Seller,5.0,0.0,1278.36,v1.0,2026-05-22 04:28:50.530
bb7a14e229b1c95156719c3d9552eeee,81.07261732312277,Average Seller,2,Average Seller,4.181818181818182,9.090909090909092,3190.1,v1.0,2026-05-22 04:28:50.530
bb7ad8a45c027be8ab075b8e465f8ca0,84.93143581929289,Average Seller,2,Average Seller,5.0,0.0,19.98,v1.0,2026-05-22 04:28:50.530
bba3293d6f5d5af2f415e004e8b93ae3,84.82521105980928,Average Seller,2,Average Seller,4.294117647058823,5.88235294117647,11702.1,v1.0,2026-05-22 04:28:50.530
bba74270a87732727b5a3b4fd9ac1c39,80.87412927080504,Average Seller,2,Average Seller,3.9722222222222223,0.0,6001.59,v1.0,2026-05-22 04:28:50.530
bba8d0c234a52b87b3957037a215d1a4,87.77052486505251,Average Seller,2,Average Seller,5.0,0.0,120.0,v1.0,2026-05-22 04:28:50.530
bbad7e518d7af88a0897397ffdca1979,67.64521463261308,Average Seller,2,Average Seller,3.130434782608696,15.942028985507244,4462.22,v1.0,2026-05-22 04:28:50.530
bbaff50f3b708fda865918715276cd87,81.23454521668299,Average Seller,2,Average Seller,4.75,16.666666666666664,449.7,v1.0,2026-05-22 04:28:50.530
bbd3acfe6de99892e73940d3fdceaf68,65.88375307543672,Average Seller,2,Average Seller,3.0,0.0,69.0,v1.0,2026-05-22 04:28:50.530
bbe87dce25ba8b38bb61cc7210a3f10b,89.1755832124713,Average Seller,2,Average Seller,5.0,0.0,287.0,v1.0,2026-05-22 04:28:50.530
bbf4a892cac7b82422baa711dffb8997,86.90673615984348,Average Seller,2,Average Seller,5.0,0.0,70.0,v1.0,2026-05-22 04:28:50.530
bbf9ad41dca6603e614efcdad7aab8c4,87.67334694076305,Average Seller,2,Average Seller,4.5,0.0,7846.0,v1.0,2026-05-22 04:28:50.530
bc07d855eac23aab5ac8a120f21d16b2,76.5976764830894,Average Seller,2,Average Seller,4.166666666666667,16.666666666666664,1283.11,v1.0,2026-05-22 04:28:50.530
bc2ac6b95e1accce9858528ee566c17e,87.13021451253394,Average Seller,2,Average Seller,4.555555555555555,0.0,2045.0,v1.0,2026-05-22 04:28:50.530
bc302730ea8cf49b5c74f579febb5bbf,74.22114476719229,Average Seller,2,Average Seller,3.8181818181818183,9.090909090909092,2640.9,v1.0,2026-05-22 04:28:50.530
bc30de0d71bd6260b936a026b5cf7200,83.68077066885746,Average Seller,2,Average Seller,4.666666666666667,0.0,392.37,v1.0,2026-05-22 04:28:50.530
bc39d8938f90a3a2b98193723ed59774,59.283315229307355,Underperformer,1,Underperformer,2.5,0.0,306.8,v1.0,2026-05-22 04:28:50.530
bc47d5d1490df2b36add65d733eafaba,68.45187015955653,Average Seller,2,Average Seller,3.25,8.333333333333332,1004.8,v1.0,2026-05-22 04:28:50.530
bc503e244f187939d10c92a5c8e378ce,71.03744741184923,Average Seller,2,Average Seller,3.2857142857142856,0.0,637.67,v1.0,2026-05-22 04:28:50.530
bc8c8d665ec4664d286be0d521722b19,21.115225537539764,Underperformer,1,Underperformer,2.0,100.0,22.5,v1.0,2026-05-22 04:28:50.530
bca9230d3bbb4efa51872bf605a2f1ad,69.73765417068303,Average Seller,2,Average Seller,4.0,20.0,117.57,v1.0,2026-05-22 04:28:50.530
bcc9dd23e2a8bd8267cf92b19304a1b9,40.615176176892106,Underperformer,1,Underperformer,2.3333333333333335,66.66666666666666,202.79,v1.0,2026-05-22 04:28:50.530
bccf933e006e9b94a6184af782963e77,85.28146746849933,Average Seller,2,Average Seller,4.444444444444445,2.2222222222222223,4162.74,v1.0,2026-05-22 04:28:50.530
bcd2d7510d58e293f20fad6438c1b314,13.208986916174236,Underperformer,1,Underperformer,1.0,100.0,23.9,v1.0,2026-05-22 04:28:50.530
bce6a5ecf98e99fd2a8868b15c51f04b,78.63503468483506,Average Seller,2,Average Seller,4.071428571428571,14.285714285714285,3464.9,v1.0,2026-05-22 04:28:50.530
bcf5566870987da7bc811fbc8c5b9fd9,45.412314001395984,Underperformer,1,Underperformer,1.0,0.0,96.0,v1.0,2026-05-22 04:28:50.530
bd0389da23d89b726abf911cccc54596,81.623812269443,Average Seller,2,Average Seller,4.172413793103448,6.896551724137931,7472.16,v1.0,2026-05-22 04:28:50.530
bd0a1b0aadca9a83d9304f7e8ff5fbd5,81.63582503909004,Average Seller,2,Average Seller,4.5,0.0,150.6,v1.0,2026-05-22 04:28:50.530
bd149ed516d4c5d418d5781f8e18919f,87.51750083006094,Average Seller,2,Average Seller,4.875,0.0,414.0,v1.0,2026-05-22 04:28:50.530
bd15ee794d5e640d9dd71b665b2ab15b,70.77340096472518,Average Seller,2,Average Seller,4.0,16.666666666666664,374.8,v1.0,2026-05-22 04:28:50.530
bd1d49a326abfa9b1036772e40445430,76.46609494743511,Average Seller,2,Average Seller,4.083333333333333,8.333333333333332,637.7,v1.0,2026-05-22 04:28:50.530
bd23da7354813347129d751591d1a6e2,81.86329455089945,Average Seller,2,Average Seller,3.9887640449438204,2.247191011235955,10544.3,v1.0,2026-05-22 04:28:50.530
bd43e172d599bed47a85da877172ca8c,85.21028782373793,Average Seller,2,Average Seller,5.0,0.0,23.92,v1.0,2026-05-22 04:28:50.530
bd4431c1a8dfa744b59e1e2a8bc99b9e,84.56635812846626,Average Seller,2,Average Seller,4.571428571428571,0.0,809.5,v1.0,2026-05-22 04:28:50.530
bd4889b5e9133b35b66e42a8665cea5c,85.22327670877047,Average Seller,2,Average Seller,4.333333333333333,0.0,6271.9,v1.0,2026-05-22 04:28:50.530
bd4ff04377f974574f7f0bf9d6ce7dde,63.78246254717703,Average Seller,2,Average Seller,3.5,25.0,164.96,v1.0,2026-05-22 04:28:50.530
bd65d163ded559eb90a10cd09fec178f,66.91747448585453,Average Seller,2,Average Seller,4.0,0.0,19.8,v1.0,2026-05-22 04:28:50.530
bd697db56ff8e7c9cd1abeb7f72029b2,82.37397969831227,Average Seller,2,Average Seller,4.181818181818182,0.0,3069.78,v1.0,2026-05-22 04:28:50.530
bdae679a9b282249bc23b9b69dae9a99,73.52940442955872,Average Seller,2,Average Seller,3.5,0.0,663.15,v1.0,2026-05-22 04:28:50.530
bdb3edbaee43a761e2d4f258dc08f348,67.412975741195,Average Seller,2,Average Seller,3.8,20.0,259.5,v1.0,2026-05-22 04:28:50.530
bdf0d02d36a1d839d0c39c4a887cdd49,87.77052486505251,Average Seller,2,Average Seller,5.0,0.0,120.0,v1.0,2026-05-22 04:28:50.530
be1e9e378700cecaa4ebf71433d7915c,36.769051213033194,Underperformer,1,Underperformer,3.0,100.0,119.89,v1.0,2026-05-22 04:28:50.530
be3b4b0f050a6aa1b2d901c4b77e979f,78.97431923442551,Average Seller,2,Average Seller,4.0,0.0,578.2,v1.0,2026-05-22 04:28:50.530
be67f78487e2cecb0d55bc769709e4f5,87.50955999921317,Average Seller,2,Average Seller,5.0,0.0,102.0,v1.0,2026-05-22 04:28:50.530
be7a093e5b4d147b36b72bb1f9e415e5,86.68449900652872,Average Seller,2,Average Seller,5.0,0.0,60.9,v1.0,2026-05-22 04:28:50.530
be8e909810184b9b19e886129149d8e5,70.3127240223129,Average Seller,2,Average Seller,3.7333333333333334,13.333333333333334,629.85,v1.0,2026-05-22 04:28:50.530
be9a160a9011f627c3e121d076c1ec7b,77.22278182551621,Average Seller,2,Average Seller,3.5714285714285716,0.0,2934.0,v1.0,2026-05-22 04:28:50.530
beadbee30901a7f61d031b6b686095ad,72.95887450949763,Average Seller,2,Average Seller,3.90625,23.4375,4373.98,v1.0,2026-05-22 04:28:50.530
bec568278124768c474ee90971ca94d1,79.7458032682268,Average Seller,2,Average Seller,4.5,0.0,219.9,v1.0,2026-05-22 04:28:50.530
bede56095ba33c42038fb85f707b8a42,84.42848580998687,Average Seller,2,Average Seller,4.5,0.0,3973.9,v1.0,2026-05-22 04:28:50.530
bee36b4f9a2b9fdcaff6ec05df202ed0,64.7513750659367,Average Seller,2,Average Seller,3.0,0.0,33.8,v1.0,2026-05-22 04:28:50.530
bf00385a5f7fc1ef39a13c2e9ee50a5f,82.00375816017355,Average Seller,2,Average Seller,4.310344827586207,0.0,870.3,v1.0,2026-05-22 04:28:50.530
bf0045791395e66460eb04749c68672a,74.76784450003507,Average Seller,2,Average Seller,4.0,0.0,119.8,v1.0,2026-05-22 04:28:50.530
bf0d50a6410d487dc97d2baac0a8c0be,51.45036621354632,Underperformer,1,Underperformer,2.0,0.0,27.9,v1.0,2026-05-22 04:28:50.530
bf100ecb7997df312b285358fb32f92c,82.70983016333611,Average Seller,2,Average Seller,4.3,0.0,1991.9,v1.0,2026-05-22 04:28:50.530
bf3c6d2a28b2b5501e6c15448982dcc9,86.50709180006515,Average Seller,2,Average Seller,4.6,2.857142857142857,3956.5,v1.0,2026-05-22 04:28:50.530
bf84056e679dbe9c69929847a40e338f,75.39130791736308,Average Seller,2,Average Seller,3.75,5.555555555555555,2024.04,v1.0,2026-05-22 04:28:50.530
bf961104a38e01b9062ee026bb657dee,81.32811204713315,Average Seller,2,Average Seller,4.5,0.0,585.56,v1.0,2026-05-22 04:28:50.530
bfd27a966d91cfaafdb25d076585f0da,84.60419673636285,Average Seller,2,Average Seller,4.222222222222222,5.128205128205128,19921.0,v1.0,2026-05-22 04:28:50.530
bfd938b22bc99bce1ae60dc602889f52,78.39741011705598,Average Seller,2,Average Seller,3.8333333333333335,0.0,922.8,v1.0,2026-05-22 04:28:50.530
bff9deb0ec77d437f3305a79cf25529e,76.25280592494454,Average Seller,2,Average Seller,4.0,0.0,161.95,v1.0,2026-05-22 04:28:50.530
c003204e1ab016dfa150abc119207b24,86.89219295062209,Average Seller,2,Average Seller,4.431472081218274,5.0761421319796955,25108.09,v1.0,2026-05-22 04:28:50.530
c00396cbdd2e088fe4281baa5920aef1,90.89723671729449,Average Seller,2,Average Seller,5.0,0.0,832.41,v1.0,2026-05-22 04:28:50.530
c004e5ea15737026cecaee0447e00b75,36.70032940634986,Underperformer,1,Underperformer,1.0,50.0,4700.0,v1.0,2026-05-22 04:28:50.530
c0098efcf800861dcae589affca31408,87.4747339934685,Average Seller,2,Average Seller,4.777777777777778,0.0,1189.28,v1.0,2026-05-22 04:28:50.530
c013e57c075a06e5b5c48ee03c525719,80.72177145246451,Average Seller,2,Average Seller,4.238095238095238,4.761904761904762,1971.55,v1.0,2026-05-22 04:28:50.530
c026ef0d72e9132d9fa112308090c8dc,72.13606845145262,Average Seller,2,Average Seller,4.0,0.0,520.0,v1.0,2026-05-22 04:28:50.530
c03121937e54a93fcc1825c3098bbb6e,91.26226812389628,Average Seller,2,Average Seller,5.0,0.0,1043.0,v1.0,2026-05-22 04:28:50.530
c04d70d515d15a7e3db3a73320598566,88.21508234571128,Average Seller,2,Average Seller,5.0,0.0,158.2,v1.0,2026-05-22 04:28:50.530
c0563dd588b775f2e37747ef6ad6c92c,81.74014854641263,Average Seller,2,Average Seller,4.357142857142857,10.714285714285714,3697.2,v1.0,2026-05-22 04:28:50.530
c092292535a57dacd95a8765f5518f87,87.83613221950957,Average Seller,2,Average Seller,5.0,0.0,125.0,v1.0,2026-05-22 04:28:50.530
c0aff2da32c17759d30b22fb0af6649d,70.99994319493338,Average Seller,2,Average Seller,3.75,0.0,188.8,v1.0,2026-05-22 04:28:50.530
c0e0b73d039eb9a99b6ce4cb7a429cd3,85.55773753779444,Average Seller,2,Average Seller,5.0,0.0,29.88,v1.0,2026-05-22 04:28:50.530
c0e6839516f5398edc34adf5f1d53d1a,64.5064022896665,Average Seller,2,Average Seller,2.6666666666666665,0.0,432.92,v1.0,2026-05-22 04:28:50.530
c0f3eea2e14555b6faeea3dd58c1b1c3,87.12003927541471,Average Seller,2,Average Seller,5.0,0.0,79.99,v1.0,2026-05-22 04:28:50.530
c0f783394e37cd9c9d7f5f81141450fa,65.94890463829314,Average Seller,2,Average Seller,3.1666666666666665,0.0,249.4,v1.0,2026-05-22 04:28:50.530
c113b8df1fc375bc3d73d29c1b1144d1,77.4156771758331,Average Seller,2,Average Seller,4.333333333333333,0.0,333.0,v1.0,2026-05-22 04:28:50.530
c12b92bf1c350f3e6bf88d3596219c86,78.9138656770116,Average Seller,2,Average Seller,3.8823529411764706,5.88235294117647,4808.78,v1.0,2026-05-22 04:28:50.530
c12d7463a579237ffb9248bd7cff378b,67.33416731313811,Average Seller,2,Average Seller,4.0,0.0,25.9,v1.0,2026-05-22 04:28:50.530
c13ef0cfbe42f190780f621ce81f2234,33.67097917770346,Underperformer,1,Underperformer,3.0,100.0,390.0,v1.0,2026-05-22 04:28:50.530
c13fb473e7cb8b83ccd543c094df0608,64.51640090545357,Average Seller,2,Average Seller,3.5,0.0,54.8,v1.0,2026-05-22 04:28:50.530
c1552b1dab6e6f760950368ae61fb600,56.48710028269491,Underperformer,1,Underperformer,2.5,0.0,53.8,v1.0,2026-05-22 04:28:50.530
c157bdeedcbc9a8e3c8bf0d87ff24428,81.2610069039157,Average Seller,2,Average Seller,4.428571428571429,0.0,514.27,v1.0,2026-05-22 04:28:50.530
c161d1327ebc3a156c09582ab2f59f6c,63.796305455675416,Average Seller,2,Average Seller,3.0,0.0,52.99,v1.0,2026-05-22 04:28:50.530
c18309219e789960add0b2255ca4b091,83.87046524946886,Average Seller,2,Average Seller,5.0,0.0,9.9,v1.0,2026-05-22 04:28:50.530
c1849d4d32d7a6cecd5aa471809d3135,77.66674683672437,Average Seller,2,Average Seller,4.333333333333333,0.0,388.98,v1.0,2026-05-22 04:28:50.530
c1d1ebb4745cc43cb6f05e9c8a705c9a,47.783643449585874,Underperformer,1,Underperformer,2.3333333333333335,33.33333333333333,34.5,v1.0,2026-05-22 04:28:50.530
c1dde11f12d05c478f5de2d7319ad3b2,42.217086781517224,Underperformer,1,Underperformer,1.0,0.0,12.5,v1.0,2026-05-22 04:28:50.530
c1ed9e3daf6154542826a6996af0fb8c,75.59134570309003,Average Seller,2,Average Seller,3.888888888888889,11.11111111111111,971.25,v1.0,2026-05-22 04:28:50.530
c1f12f926d0ba950578b4fa41115cbb6,62.0052879845544,Average Seller,2,Average Seller,4.0,50.0,479.6,v1.0,2026-05-22 04:28:50.530
c200c73f9d7e5a08ca439d6a0803da7c,44.01702760121265,Underperformer,1,Underperformer,1.0,0.0,40.0,v1.0,2026-05-22 04:28:50.530
c240c4061717ac1806ae6ee72be3533b,68.6581094934902,Average Seller,2,Average Seller,4.0,0.0,59.9,v1.0,2026-05-22 04:28:50.530
c24173065483e421f9e5e7f599de101d,66.93622580131641,Average Seller,2,Average Seller,3.5555555555555554,11.11111111111111,373.91,v1.0,2026-05-22 04:28:50.530
c26a2be5b53b7db6b276280da212a779,76.91506897715689,Average Seller,2,Average Seller,3.3846153846153846,0.0,7482.0,v1.0,2026-05-22 04:28:50.530
c26ba52cf8d2f34915f2f6b7ffa0a3f3,77.34843042112117,Average Seller,2,Average Seller,4.0,0.0,125.96,v1.0,2026-05-22 04:28:50.530
c273175f7c6c80fb02f051e2fc6d0d72,74.61616118275691,Average Seller,2,Average Seller,3.7857142857142856,7.142857142857142,1188.23,v1.0,2026-05-22 04:28:50.530
c286ec035ee04ba81c97508f0b5df544,60.04984600650087,Underperformer,1,Underperformer,2.5,0.0,493.0,v1.0,2026-05-22 04:28:50.530
c2bda99904207edd1834f03e0022b007,57.116233683036974,Underperformer,1,Underperformer,2.5,0.0,79.8,v1.0,2026-05-22 04:28:50.530
c2d70ce2c5d0a2eb75e78668236e6dc8,86.5049862600868,Average Seller,2,Average Seller,4.615384615384615,0.0,2470.9,v1.0,2026-05-22 04:28:50.530
c31eff8334d6b3047ed34bebd4d62c36,77.14274506621312,Average Seller,2,Average Seller,3.8278688524590163,11.475409836065573,13191.5,v1.0,2026-05-22 04:28:50.530
c3251e13f1bbda6c74e37c160f991e19,89.8578560973673,Average Seller,2,Average Seller,5.0,0.0,437.8,v1.0,2026-05-22 04:28:50.530
c32fc744b9160ac853450488e3cfea93,60.473260685552376,Underperformer,1,Underperformer,2.3333333333333335,0.0,185.7,v1.0,2026-05-22 04:28:50.530
c33847515fa6305ce6feb1e818569f13,80.38999277185414,Average Seller,2,Average Seller,3.8508771929824563,3.508771929824561,15519.85,v1.0,2026-05-22 04:28:50.530
c33a5c3c983090c8b78a28e65052a20d,81.99968545911254,Average Seller,2,Average Seller,4.222222222222222,0.0,629.1,v1.0,2026-05-22 04:28:50.530
c353f8fc0ce8344999f17d578eb69a5e,88.38663026351519,Average Seller,2,Average Seller,5.0,0.0,175.98,v1.0,2026-05-22 04:28:50.530
c35672b10ad50968f567ea3f4b91e877,82.97671928352074,Average Seller,2,Average Seller,4.5,5.555555555555555,1150.57,v1.0,2026-05-22 04:28:50.530
c35affa65afd250151285c5917fc1c8a,78.11102778252878,Average Seller,2,Average Seller,4.0,11.11111111111111,5279.91,v1.0,2026-05-22 04:28:50.530
c360e4787614ed31ac7a2f95d3b22dc6,54.500796647828295,Underperformer,1,Underperformer,2.0,0.0,188.9,v1.0,2026-05-22 04:28:50.530
c37b2059d4f90d4feead554e5246565e,65.07724356143045,Average Seller,2,Average Seller,3.3333333333333335,25.0,839.3,v1.0,2026-05-22 04:28:50.530
c3867b4666c7d76867627c2f7fb22e21,80.55198691521153,Average Seller,2,Average Seller,3.8816326530612244,10.204081632653061,37153.4,v1.0,2026-05-22 04:28:50.530
c394e193cda3b4225ff2094d32184849,79.18527888345619,Average Seller,2,Average Seller,3.6666666666666665,0.0,3419.88,v1.0,2026-05-22 04:28:50.530
c398bc00a606d33758afd91f4e64fd15,79.1293995966302,Average Seller,2,Average Seller,4.5,0.0,150.0,v1.0,2026-05-22 04:28:50.530
c3aad7dc65449ae90a5e9c3c6c1e78e0,85.77133335458711,Average Seller,2,Average Seller,4.666666666666667,0.0,510.0,v1.0,2026-05-22 04:28:50.530
c3acdfac4e3e97ff87529454fbc03642,83.92952968556169,Average Seller,2,Average Seller,4.25,8.333333333333332,16788.0,v1.0,2026-05-22 04:28:50.530
c3cfdc648177fdbbbb35635a37472c53,89.96480915438156,Average Seller,2,Average Seller,4.471223021582734,1.4388489208633095,43048.18,v1.0,2026-05-22 04:28:50.530
c3e1abd72a42fe690fcd89cf5720fe29,85.529143112027,Average Seller,2,Average Seller,4.461538461538462,0.0,1798.61,v1.0,2026-05-22 04:28:50.530
c3e2398fcc7e581cda2e546557bf6968,84.48221231067906,Average Seller,2,Average Seller,5.0,0.0,14.9,v1.0,2026-05-22 04:28:50.530
c3ee2331a724e6fc02c4b698b57a73f3,65.67635104117483,Average Seller,2,Average Seller,3.0,0.0,1347.0,v1.0,2026-05-22 04:28:50.530
c3f5668699a1b04c0fa61ecea1e2bff6,89.74315122587684,Average Seller,2,Average Seller,5.0,0.0,407.81,v1.0,2026-05-22 04:28:50.530
c3fe93ba3085f92855c97e57f38c8c05,88.92018014206187,Average Seller,2,Average Seller,5.0,0.0,245.0,v1.0,2026-05-22 04:28:50.530
c42fd8e4d47dfb18ce5222f2dd7752f9,71.67649304643271,Average Seller,2,Average Seller,4.142857142857143,28.57142857142857,466.99,v1.0,2026-05-22 04:28:50.530
c43d924a0f1688ee9fae0efcd6f539d4,67.55878660243684,Average Seller,2,Average Seller,4.0,0.0,29.9,v1.0,2026-05-22 04:28:50.530
c447f8dd3ed213f291d65ef074a268eb,75.93796987081454,Average Seller,2,Average Seller,3.7142857142857144,0.0,655.0,v1.0,2026-05-22 04:28:50.530
c458e2045a8aa8964f8879af03fdcce6,64.55609857326351,Underperformer,1,Underperformer,2.75,0.0,494.91,v1.0,2026-05-22 04:28:50.530
c4af86330efa7a2620772227d2d670c9,82.92403825091942,Average Seller,2,Average Seller,4.25,0.0,5396.0,v1.0,2026-05-22 04:28:50.530
c4b911d06343b21dd906651f8101cb49,45.326212604625354,Underperformer,1,Underperformer,1.0,0.0,90.98,v1.0,2026-05-22 04:28:50.530
c4d51195486dc781531876a7d00453d8,72.55731596874443,Average Seller,2,Average Seller,3.9411764705882355,29.411764705882355,11468.98,v1.0,2026-05-22 04:28:50.530
c4f7fee5b0db50e87766f5a4d1b1b758,71.9637183260494,Average Seller,2,Average Seller,2.875,0.0,11961.83,v1.0,2026-05-22 04:28:50.530
c4fabeea6e569d42d02993bb1f4f1cbc,75.67596217032356,Average Seller,2,Average Seller,4.0,9.090909090909092,859.3,v1.0,2026-05-22 04:28:50.530
c4fb51fb1c5b7c07bc5e67be6e7e8f6e,70.18889965510736,Average Seller,2,Average Seller,3.533333333333333,13.333333333333334,1567.9,v1.0,2026-05-22 04:28:50.530
c500367424994318b9e779ff1ae9a330,76.01807232878909,Average Seller,2,Average Seller,3.7777777777777777,11.11111111111111,4346.4,v1.0,2026-05-22 04:28:50.530
c510bc1718f0f2961eaa42a23330681a,84.17549539476717,Average Seller,2,Average Seller,4.0,0.0,12251.0,v1.0,2026-05-22 04:28:50.530
c522be04e020c1e7b79f3acff36513d5,64.99237434240423,Average Seller,2,Average Seller,3.5714285714285716,28.57142857142857,739.93,v1.0,2026-05-22 04:28:50.530
c52c644cc0dc85121207a27013efc6af,89.70298372852383,Average Seller,2,Average Seller,5.0,0.0,397.8,v1.0,2026-05-22 04:28:50.530
c53bcd3be457a342a97e39e5a9f0be22,69.70308051032579,Average Seller,2,Average Seller,3.2,0.0,509.5,v1.0,2026-05-22 04:28:50.530
c542f5a8c64d973f30e9df8d06f70b4a,45.14012031147027,Underperformer,1,Underperformer,1.0,0.0,81.0,v1.0,2026-05-22 04:28:50.530
c54679b132454625907c773d273d4126,88.6736770587173,Average Seller,2,Average Seller,4.857142857142857,0.0,1032.0,v1.0,2026-05-22 04:28:50.530
c5e60e39c0f42b8e827daa13cff74afa,80.61458667555186,Average Seller,2,Average Seller,4.5,0.0,134.0,v1.0,2026-05-22 04:28:50.530
c5ebe6598748b0aeaa61cfb820478b92,83.23088824970993,Average Seller,2,Average Seller,4.666666666666667,0.0,297.0,v1.0,2026-05-22 04:28:50.530
c5f7e746b7e6d07def6c0dae9903279b,82.97203253208625,Average Seller,2,Average Seller,4.4,0.0,1429.0,v1.0,2026-05-22 04:28:50.530
c5f7feb04a6a1fb3596322bfc3cf1917,81.70908721104742,Average Seller,2,Average Seller,4.2727272727272725,9.090909090909092,1720.6,v1.0,2026-05-22 04:28:50.530
c60b801f2d52c7f7f91de00870882a75,71.38652538554443,Average Seller,2,Average Seller,3.317073170731707,14.634146341463413,12913.5,v1.0,2026-05-22 04:28:50.530
c611f4ce9ce875bcc063fa97fd4d7d12,41.346296778656054,Underperformer,1,Underperformer,4.0,100.0,319.0,v1.0,2026-05-22 04:28:50.530
c6218512d16fcac0af02fe92691cf274,77.55566052599555,Average Seller,2,Average Seller,4.0,0.0,674.0,v1.0,2026-05-22 04:28:50.530
c6381b1321d7d97717a5bb4ed5b77882,65.81278054957565,Average Seller,2,Average Seller,3.0,0.0,66.0,v1.0,2026-05-22 04:28:50.530
c6381d2d013342748761e906d45aff76,79.28416958767694,Average Seller,2,Average Seller,3.8666666666666667,0.0,2042.98,v1.0,2026-05-22 04:28:50.530
c64a2aec32cc408a8a4c6d7c46017f91,77.53292718087742,Average Seller,2,Average Seller,3.888888888888889,0.0,3221.5,v1.0,2026-05-22 04:28:50.530
c66dccfb3f109511246da627dd5a2498,87.44515855594331,Average Seller,2,Average Seller,4.488888888888889,4.444444444444445,12708.55,v1.0,2026-05-22 04:28:50.530
c679fb69a36e1d8349e8c50a217b4d58,74.16871873365946,Average Seller,2,Average Seller,3.642857142857143,7.142857142857142,1825.68,v1.0,2026-05-22 04:28:50.530
c68fb906c8f4b4b946d8386bfa6e5467,86.17796952243903,Average Seller,2,Average Seller,4.511111111111111,2.2222222222222223,4541.16,v1.0,2026-05-22 04:28:50.530
c6a7539d424a8402232c2228d7a03c5e,65.18761189508845,Underperformer,1,Underperformer,3.1,10.0,607.5,v1.0,2026-05-22 04:28:50.530
c6bda72e4dbf5c5866b13cb1810c6d03,86.35684118401234,Average Seller,2,Average Seller,4.389830508474576,3.389830508474576,14059.38,v1.0,2026-05-22 04:28:50.530
c70a353f02429c00775a46a75fb787da,84.56696581962473,Average Seller,2,Average Seller,4.666666666666667,0.0,242.0,v1.0,2026-05-22 04:28:50.530
c70c1b0d8ca86052f45a432a38b73958,86.86193666872038,Average Seller,2,Average Seller,4.333333333333333,5.363984674329502,36537.37,v1.0,2026-05-22 04:28:50.530
c714262700f93defc16bf17a51a4cb23,74.79767163784618,Average Seller,2,Average Seller,3.75,0.0,421.8,v1.0,2026-05-22 04:28:50.530
c716e0b86ed568878475b60fbb6323ad,85.80630508169845,Average Seller,2,Average Seller,5.0,0.0,35.0,v1.0,2026-05-22 04:28:50.530
c7246702dc991a06d788120dc7544391,86.518142206302,Average Seller,2,Average Seller,5.0,0.0,54.86,v1.0,2026-05-22 04:28:50.530
c72de06d72748d1a0dfb2125be43ba63,88.78457640246795,Average Seller,2,Average Seller,4.476190476190476,0.0,17522.0,v1.0,2026-05-22 04:28:50.530
c731d18cea9bf687ffee82a241c25b11,83.04608119307436,Average Seller,2,Average Seller,4.083333333333333,0.0,3662.0,v1.0,2026-05-22 04:28:50.530
c747d5b92c7648417faea95d36d763e8,88.00684578569431,Average Seller,2,Average Seller,5.0,0.0,139.0,v1.0,2026-05-22 04:28:50.530
c74f14c1e26cf1bd5bd34b6a1e274426,85.9770186478832,Average Seller,2,Average Seller,5.0,0.0,39.0,v1.0,2026-05-22 04:28:50.530
c76d418370990614e89e956c7a7567d9,67.27508240186783,Average Seller,2,Average Seller,3.5,0.0,305.24,v1.0,2026-05-22 04:28:50.530
c79151301b9d90985d1fa52879213105,74.36292035035702,Average Seller,2,Average Seller,3.75,0.0,322.3,v1.0,2026-05-22 04:28:50.530
c794dab4928dd97beb41d05514441e86,79.13421918831392,Average Seller,2,Average Seller,4.375,12.5,1312.4,v1.0,2026-05-22 04:28:50.530
c7a0a13cbcf29d5ce51c8f80afdc0b89,78.01697807835963,Average Seller,2,Average Seller,4.125,0.0,483.08,v1.0,2026-05-22 04:28:50.530
c7b7db6c8f3c64a7cc1afa634db21d50,19.838628766820282,Underperformer,1,Underperformer,1.0,100.0,1489.0,v1.0,2026-05-22 04:28:50.530
c7bb64409aa480bb7d0335faaaf3d242,55.43882224554461,Underperformer,1,Underperformer,2.25,0.0,97.6,v1.0,2026-05-22 04:28:50.530
c7c7b2682c648339a0e9846bb1023a39,79.31187374438402,Average Seller,2,Average Seller,4.5,0.0,168.0,v1.0,2026-05-22 04:28:50.530
c7dcd301ecfe5ab7f778ac172cf74be7,59.929684535582986,Underperformer,1,Underperformer,2.5,0.0,457.69,v1.0,2026-05-22 04:28:50.530
c7fdb77fdbff3c41981bc52f787e959e,69.00837103860685,Average Seller,2,Average Seller,3.3,10.0,696.32,v1.0,2026-05-22 04:28:50.530
c8025364abeecb115431bf95c11a747f,82.07317164511775,Average Seller,2,Average Seller,4.5,0.0,928.0,v1.0,2026-05-22 04:28:50.530
c8143b3069f6746a77421b5ce30a450c,88.04651596905698,Average Seller,2,Average Seller,5.0,0.0,142.47,v1.0,2026-05-22 04:28:50.530
c826c40d7b19f62a09e2d7c5e7295ee2,83.53595215603829,Average Seller,2,Average Seller,4.070621468926554,7.344632768361582,45643.74,v1.0,2026-05-22 04:28:50.530
c840d3fdbba0790404fdae73d253b253,76.52677616432211,Average Seller,2,Average Seller,3.5555555555555554,0.0,4522.28,v1.0,2026-05-22 04:28:50.530
c8417879a15366a17c30af34c798c332,79.96279316302586,Average Seller,2,Average Seller,4.153846153846154,3.8461538461538463,1767.9,v1.0,2026-05-22 04:28:50.530
c84592044b180dec206770c38603814b,79.71080639827707,Average Seller,2,Average Seller,4.2,0.0,511.94,v1.0,2026-05-22 04:28:50.530
c8467937e403e76a8ee9f0ab13f6f5ef,74.3934626342944,Average Seller,2,Average Seller,3.9,13.333333333333334,1853.79,v1.0,2026-05-22 04:28:50.530
c847e075301870dd144a116762eaff9a,82.18906914117407,Average Seller,2,Average Seller,4.095238095238095,7.142857142857142,15348.7,v1.0,2026-05-22 04:28:50.530
c85d7b477a709c85a1e8b8f25aa1b270,45.01700184456649,Underperformer,1,Underperformer,1.0,0.0,75.0,v1.0,2026-05-22 04:28:50.530
c864036feaab8c1659f65ea4faebe1da,88.09890694025604,Average Seller,2,Average Seller,4.568965517241379,3.4482758620689653,10454.2,v1.0,2026-05-22 04:28:50.530
c8660dcf9ba70575f45d80fe28c27713,72.92535051969081,Average Seller,2,Average Seller,4.5,25.0,335.0,v1.0,2026-05-22 04:28:50.530
c8665a4dd081a2c436b1cd921079d0d9,87.10799103338222,Average Seller,2,Average Seller,5.0,0.0,79.39,v1.0,2026-05-22 04:28:50.530
c8771b1a10bb99bb34d3c459c5cffb53,86.78595814154228,Average Seller,2,Average Seller,5.0,0.0,64.9,v1.0,2026-05-22 04:28:50.530
c878515173c84a492ebe50d6b493230b,75.37589243132018,Average Seller,2,Average Seller,4.111111111111111,22.22222222222222,1118.84,v1.0,2026-05-22 04:28:50.530
c87abc38c8ed3240861729e1aeadf221,45.935873259833265,Underperformer,1,Underperformer,1.0,0.0,133.0,v1.0,2026-05-22 04:28:50.530
c88f62b4c386a59281014d677864d016,49.34692888726219,Underperformer,1,Underperformer,1.0,0.0,1099.0,v1.0,2026-05-22 04:28:50.530
c89cf7c468a48af70aada384e722f9e2,73.14628089965655,Average Seller,2,Average Seller,3.7857142857142856,7.142857142857142,745.0,v1.0,2026-05-22 04:28:50.530
c8b0e2b0a7095e5d8219575d5e7e1181,81.3131274922023,Average Seller,2,Average Seller,4.0476190476190474,7.142857142857142,12170.21,v1.0,2026-05-22 04:28:50.530
c8b3445d737de6befde0c88ede534a5e,84.85163382858738,Average Seller,2,Average Seller,4.433333333333334,3.3333333333333335,3149.04,v1.0,2026-05-22 04:28:50.530
c8c1bea22194a4eefa2dc9a9fa89f536,91.57594209190744,Average Seller,2,Average Seller,5.0,0.0,1266.0,v1.0,2026-05-22 04:28:50.530
c8cc60ffd415254af5d9b9f34f32c369,86.16741630951859,Average Seller,2,Average Seller,4.75,0.0,722.2,v1.0,2026-05-22 04:28:50.530
c8e135e7b21ecbc36c1153a29d2f5a06,88.87060693274786,Average Seller,2,Average Seller,4.857142857142857,0.0,1165.5,v1.0,2026-05-22 04:28:50.530
c963a25b8671419c6ce9eebe8fd03218,86.33857374447831,Average Seller,2,Average Seller,5.0,0.0,49.0,v1.0,2026-05-22 04:28:50.530
c97aa4ee7420f937da13b7f9e2228b99,43.558786602436825,Underperformer,1,Underperformer,1.0,0.0,29.9,v1.0,2026-05-22 04:28:50.530
c990d6cf976a5718aaedc539f383ab88,59.00007917232762,Underperformer,1,Underperformer,3.3,30.0,200.9,v1.0,2026-05-22 04:28:50.530
c9a06ece156bb057372c68718ec8909b,70.55364193423287,Average Seller,2,Average Seller,3.0,0.0,4688.9,v1.0,2026-05-22 04:28:50.530
c9aafcd0621b2207c10e32c649cada4d,78.78979589159864,Average Seller,2,Average Seller,4.0227272727272725,6.8181818181818175,2997.25,v1.0,2026-05-22 04:28:50.530
c9c7905cffc4ef9ff9f113554423e671,81.1525980061619,Average Seller,2,Average Seller,4.141732283464567,7.874015748031496,10657.18,v1.0,2026-05-22 04:28:50.530
c9d2ba8dde44a275ae06475ed1d2fafc,85.49951121287769,Average Seller,2,Average Seller,5.0,0.0,28.79,v1.0,2026-05-22 04:28:50.530
c9e5ad1f6647f5dbd1172adf6ae3cada,84.51004975444987,Average Seller,2,Average Seller,4.75,0.0,259.03,v1.0,2026-05-22 04:28:50.530
ca3bd7cd9f149df75950150d010fe4a2,81.47100771916448,Average Seller,2,Average Seller,3.9577464788732395,1.4084507042253522,9731.85,v1.0,2026-05-22 04:28:50.530
ca4b77513ac2040591b0d8fae6958380,80.97794454043516,Average Seller,2,Average Seller,4.5,14.285714285714285,1772.45,v1.0,2026-05-22 04:28:50.530
ca5832c6960267b71041f74bb39e8b12,15.118237740538659,Underperformer,1,Underperformer,1.0,100.0,79.9,v1.0,2026-05-22 04:28:50.530
ca77545ca4d2dfd1431bf61334e2fa3c,84.7499656183079,Average Seller,2,Average Seller,4.666666666666667,0.0,760.0,v1.0,2026-05-22 04:28:50.530
ca7c6bd577e559472af1c699de9e764e,81.10779553945233,Average Seller,2,Average Seller,4.333333333333333,0.0,148.0,v1.0,2026-05-22 04:28:50.530
caa9bc43a9fe8cf9c564ddd8a03cc4a6,82.68693198727912,Average Seller,2,Average Seller,4.461538461538462,0.0,803.87,v1.0,2026-05-22 04:28:50.530
cab85505710c7cb9b720bceb52b01cee,84.56141218882115,Average Seller,2,Average Seller,4.266990291262136,1.9417475728155338,11389.1,v1.0,2026-05-22 04:28:50.530
cac4c8e7b1ca6252d8f20b2fc1a2e4af,71.0258052338912,Average Seller,2,Average Seller,3.506666666666667,17.333333333333336,4168.18,v1.0,2026-05-22 04:28:50.530
cac4e0bc1a3269fa2b6ea5e763f6115b,86.6034546845713,Average Seller,2,Average Seller,5.0,0.0,57.88,v1.0,2026-05-22 04:28:50.530
cac63f48c38cd7d002a7e846dcd99a23,87.37614139939977,Average Seller,2,Average Seller,4.8,0.0,874.0,v1.0,2026-05-22 04:28:50.530
cac876b37d3abcd6bd76caca30277996,85.01104492934547,Average Seller,2,Average Seller,4.481481481481482,0.0,2229.77,v1.0,2026-05-22 04:28:50.530
cad10cc982ab6a391570c211b995c17c,86.28587705819977,Average Seller,2,Average Seller,5.0,0.0,47.4,v1.0,2026-05-22 04:28:50.530
cad9969167c09b48ae6f1d123f7fa68d,65.1387960755388,Average Seller,2,Average Seller,3.0,0.0,43.2,v1.0,2026-05-22 04:28:50.530
cb0b3bcf14e0a709df412a99424a59d7,80.93782392021451,Average Seller,2,Average Seller,4.5,0.0,460.0,v1.0,2026-05-22 04:28:50.530
cb162c8eef257253782d245c08d9097c,85.80585494131951,Average Seller,2,Average Seller,5.0,0.0,34.99,v1.0,2026-05-22 04:28:50.530
cb32766839f443db85c82a43c4a6c19e,67.84605876490774,Average Seller,2,Average Seller,3.0,0.0,234.0,v1.0,2026-05-22 04:28:50.530
cb3dd9ce66268c7a3ca7241ac70ab58c,80.8268439573969,Average Seller,2,Average Seller,4.14,4.0,2879.76,v1.0,2026-05-22 04:28:50.530
cb41bfbcbda0aea354a834ab222f9a59,62.60656652402237,Underperformer,1,Underperformer,3.3333333333333335,33.33333333333333,4002.0,v1.0,2026-05-22 04:28:50.530
cb4a705d00e100b9732d0ca34817d441,49.190878591139715,Underperformer,1,Underperformer,1.0,0.0,998.0,v1.0,2026-05-22 04:28:50.530
cb5df0dcb9e280b1780e9d589889f2c7,61.68746497037601,Underperformer,1,Underperformer,2.5,12.5,2934.72,v1.0,2026-05-22 04:28:50.530
cb5ff1b9715e99589f3e0c7a6afab9e3,71.71729110019139,Average Seller,2,Average Seller,4.0,0.0,85.0,v1.0,2026-05-22 04:28:50.530
cb6c9f5888a7a090c75beaf615925792,75.88267945871566,Average Seller,2,Average Seller,3.8181818181818183,0.0,779.89,v1.0,2026-05-22 04:28:50.530
cb810bd318f51b3dc3c753944d61a1fa,74.10015971967033,Average Seller,2,Average Seller,4.0,0.0,1750.0,v1.0,2026-05-22 04:28:50.530
cb8bcce248bb1fb274ba762d8b971456,83.52951125664403,Average Seller,2,Average Seller,4.25,1.4705882352941175,9402.2,v1.0,2026-05-22 04:28:50.530
cb9fb4ca75d7ba8437480e8dde64fe98,77.1733900070888,Average Seller,2,Average Seller,4.0,0.0,532.14,v1.0,2026-05-22 04:28:50.530
cbbd5ae8f53de5f5097cd8217b529e24,59.50440426072557,Underperformer,1,Underperformer,2.5,0.0,351.8,v1.0,2026-05-22 04:28:50.530
cbd996ad3c1b7dc71fd0e5f5df9087e2,80.90981895951873,Average Seller,2,Average Seller,4.109090909090909,7.878787878787878,8411.04,v1.0,2026-05-22 04:28:50.530
cbf09e831b0c11f6f23ffb51004db972,82.08810518317134,Average Seller,2,Average Seller,4.4,0.0,1535.2,v1.0,2026-05-22 04:28:50.530
cc1f04647be106ba74e62b21f358af25,42.1434249931574,Underperformer,1,Underperformer,1.0,0.0,11.9,v1.0,2026-05-22 04:28:50.530
cc3d14116804f7209f3884f6367f1152,88.0224859667504,Average Seller,2,Average Seller,4.62962962962963,0.0,5477.8,v1.0,2026-05-22 04:28:50.530
cc419e0650a3c5ba77189a1882b7556a,85.47251055890668,Top Performer,0,Top Performer,4.060375146541618,5.0996483001172335,104288.42,v1.0,2026-05-22 04:28:50.530
cc5a78bbad32776dc4e3af205218368c,85.54458924648,Average Seller,2,Average Seller,4.454545454545454,3.0303030303030303,4269.18,v1.0,2026-05-22 04:28:50.530
cc63f0dd2acba93ffed4fe9f8e0321fa,81.82242538738514,Average Seller,2,Average Seller,4.090909090909091,0.0,7096.71,v1.0,2026-05-22 04:28:50.530
cc80e2f693fa6e2408f47ccf62413fc1,71.79075884113058,Average Seller,2,Average Seller,4.0,0.0,420.0,v1.0,2026-05-22 04:28:50.530
cca3071e3e9bb7d12640c9fbe2301306,81.9650394861817,Top Performer,0,Top Performer,3.811797752808989,4.775280898876404,64009.89,v1.0,2026-05-22 04:28:50.530
ccada0ef508e698917a6eab263375905,71.02391878742257,Average Seller,2,Average Seller,3.6666666666666665,0.0,172.8,v1.0,2026-05-22 04:28:50.530
ccb83a794700270fde70898fe9ff368b,81.42034876213653,Average Seller,2,Average Seller,4.333333333333333,16.666666666666664,11062.0,v1.0,2026-05-22 04:28:50.530
ccbd753e6863fe7314dc6c0ca5a074e7,72.05639260241115,Average Seller,2,Average Seller,4.0,0.0,495.0,v1.0,2026-05-22 04:28:50.530
ccc4bbb5f32a6ab2b7066a4130f114e3,87.07550544986367,Average Seller,2,Average Seller,4.288770053475936,6.417112299465241,74004.62,v1.0,2026-05-22 04:28:50.530
cce6ab8d1682639fe45ab70234f1665f,84.02576872865654,Average Seller,2,Average Seller,4.412698412698413,3.1746031746031744,2522.7,v1.0,2026-05-22 04:28:50.530
ccf8813e5a7d6c84d865cd38bfc2b130,83.99405332797821,Average Seller,2,Average Seller,4.384615384615385,3.8461538461538463,2635.5,v1.0,2026-05-22 04:28:50.530
cd06602b43d8800bd0afad514919d35c,75.59750663447453,Average Seller,2,Average Seller,3.6818181818181817,4.545454545454546,2588.07,v1.0,2026-05-22 04:28:50.530
cd2169d9f31ff6fbb9ca3373b0c9e354,72.28170948201085,Average Seller,2,Average Seller,4.0,0.0,569.0,v1.0,2026-05-22 04:28:50.530
cd233f8bfa30ebfd651f47ee7d054951,87.11823774053865,Average Seller,2,Average Seller,5.0,0.0,79.9,v1.0,2026-05-22 04:28:50.530
cd3d09fbe6e3e9ff0c0ac0c300e93ae7,77.16625450751305,Average Seller,2,Average Seller,4.166666666666667,8.333333333333332,651.04,v1.0,2026-05-22 04:28:50.530
cd52a8efd71af3336b14b5039b951cc1,57.00516533404838,Underperformer,1,Underperformer,2.3333333333333335,0.0,170.8,v1.0,2026-05-22 04:28:50.530
cd68562d3f44870c08922d380acae552,78.15028636750637,Average Seller,2,Average Seller,3.928,15.2,18569.7,v1.0,2026-05-22 04:28:50.530
cd6efc47efaabf134f8bdb654e10b4f1,84.21173579001868,Average Seller,2,Average Seller,4.483870967741935,6.451612903225806,4158.55,v1.0,2026-05-22 04:28:50.530
cd843d4cf8ef32827de0396605163ba3,72.64607021445667,Average Seller,2,Average Seller,3.8,0.0,1915.0,v1.0,2026-05-22 04:28:50.530
cda598c48d7c614bc1cad7d8ff6f0010,78.5520157298138,Average Seller,2,Average Seller,4.0588235294117645,0.0,1118.6,v1.0,2026-05-22 04:28:50.530
ce20a2ec1514c25e16f2b5b39bc818f0,84.67558321247131,Average Seller,2,Average Seller,4.75,0.0,287.0,v1.0,2026-05-22 04:28:50.530
ce248b21cb2adc36282ede306b7660e5,83.0819916231304,Average Seller,2,Average Seller,4.184615384615385,7.6923076923076925,15230.06,v1.0,2026-05-22 04:28:50.530
ce27a3cc3c8cc1ea79d11e561e9bebb6,79.93418484494069,Average Seller,2,Average Seller,3.8074074074074074,1.4814814814814816,10682.65,v1.0,2026-05-22 04:28:50.530
ce33c6211beaa8fef4cae8b52db39862,60.33857374447832,Average Seller,2,Average Seller,3.0,0.0,49.0,v1.0,2026-05-22 04:28:50.530
ce3ad9de960102d0677a81f5d0bb7b2d,88.21304553804703,Average Seller,2,Average Seller,5.0,0.0,158.0,v1.0,2026-05-22 04:28:50.530
ce4755084bc097113867e6454f8f5e52,84.84580421493844,Average Seller,2,Average Seller,5.0,0.0,18.9,v1.0,2026-05-22 04:28:50.530
ce616e1913288884e7742faac9d981db,79.96436305018273,Average Seller,2,Average Seller,4.466666666666667,6.666666666666667,365.1,v1.0,2026-05-22 04:28:50.530
ce69a8021d18961dd2a40269b7c2c293,85.84576123350429,Average Seller,2,Average Seller,4.473684210526316,5.263157894736842,4818.0,v1.0,2026-05-22 04:28:50.530
ce7d1888639e6fb06b2749cbfdac1ff7,82.37029805454483,Average Seller,2,Average Seller,4.166666666666667,8.974358974358974,11793.89,v1.0,2026-05-22 04:28:50.530
cea729054f157f5870bdd321a958d994,78.99949053841917,Average Seller,2,Average Seller,4.125,4.166666666666666,2482.1,v1.0,2026-05-22 04:28:50.530
ceaec5548eefc6e23e6607c5435102e7,84.88406585475452,Average Seller,2,Average Seller,4.12807881773399,4.926108374384237,52917.18,v1.0,2026-05-22 04:28:50.530
ceb7b4fb9401cd378de7886317ad1b47,63.71149341069633,Average Seller,2,Average Seller,3.0,0.0,399.9,v1.0,2026-05-22 04:28:50.530
cecd97bc34ed8330bd4cd15713eda670,44.60647887873321,Underperformer,1,Underperformer,1.0,0.0,57.99,v1.0,2026-05-22 04:28:50.530
cee48807215b30a12ca2ca10ffb5f250,75.82993621559443,Average Seller,2,Average Seller,3.769230769230769,12.82051282051282,7212.23,v1.0,2026-05-22 04:28:50.530
cf1313c6e2c01c2f4b014f97db4bcd2b,89.32950088478128,Average Seller,2,Average Seller,5.0,0.0,315.7,v1.0,2026-05-22 04:28:50.530
cf2384dd2f1dddea3f838efed0945e65,78.89657389124838,Average Seller,2,Average Seller,3.9375,0.0,2101.5,v1.0,2026-05-22 04:28:50.530
cf281cf8b7affbdfe751b29cc85580e1,44.785958141542295,Underperformer,1,Underperformer,1.0,0.0,64.9,v1.0,2026-05-22 04:28:50.530
cf654707ed6a99f112c7ec3d6f314b8b,84.74142657201708,Average Seller,2,Average Seller,4.666666666666667,0.0,756.0,v1.0,2026-05-22 04:28:50.530
cf6f6bc4df3999b9c6440f124fb2f687,82.43702695092561,Average Seller,2,Average Seller,5.0,0.0,3.5,v1.0,2026-05-22 04:28:50.530
cf8ab1616079e2793aa29d524df01bb1,60.40214543998953,Underperformer,1,Underperformer,2.0,11.11111111111111,14391.0,v1.0,2026-05-22 04:28:50.530
cfa5ab0e4d3fc212fd0b3410e7081c62,79.26901762501276,Average Seller,2,Average Seller,3.6875,0.0,6180.8,v1.0,2026-05-22 04:28:50.530
cfb1a033743668a192316f3c6d1d2671,79.77288226354702,Average Seller,2,Average Seller,3.9659863945578233,9.523809523809524,12803.64,v1.0,2026-05-22 04:28:50.530
cfd7ddab722b902f7ac5b5f3ba6d723d,90.33535439164875,Average Seller,2,Average Seller,4.75,0.0,3385.03,v1.0,2026-05-22 04:28:50.530
cfe94489ddd337d1e29e12f2a7205d10,80.99540184775539,Average Seller,2,Average Seller,4.3,5.0,2376.0,v1.0,2026-05-22 04:28:50.530
d03698c2efd04a549382afa6623e27fb,85.7283996675757,Average Seller,2,Average Seller,4.5,5.555555555555555,8865.47,v1.0,2026-05-22 04:28:50.530
d05ae8f7a5bd1d2a690a44cd079e4e27,78.91482797031746,Average Seller,2,Average Seller,3.8205128205128207,6.41025641025641,13436.0,v1.0,2026-05-22 04:28:50.530
d06d019f72a04e5497a0b64190af170c,85.91651166531437,Average Seller,2,Average Seller,4.529411764705882,0.0,2415.93,v1.0,2026-05-22 04:28:50.530
d0d70d21e2234dd7cd3cf63fe414148a,80.61319790462099,Average Seller,2,Average Seller,4.25,0.0,598.4,v1.0,2026-05-22 04:28:50.530
d101c6da914ae3d53f7bee42283f2fe2,72.84637713837658,Average Seller,2,Average Seller,3.6153846153846154,7.6923076923076925,1297.4,v1.0,2026-05-22 04:28:50.530
d12c926d74ceff0a90a21184466ce161,84.33940251345646,Average Seller,2,Average Seller,4.346153846153846,1.282051282051282,3944.18,v1.0,2026-05-22 04:28:50.530
d13e50eaa47b4cbe9eb81465865d8cfc,89.36621810274185,Average Seller,2,Average Seller,4.82089552238806,8.955223880597014,7155.05,v1.0,2026-05-22 04:28:50.530
d149de2f383552baea37a7198c2296ce,89.35488173401212,Average Seller,2,Average Seller,5.0,0.0,320.7,v1.0,2026-05-22 04:28:50.530
d1582f4043306e6b91afa6a8a884f898,76.28896225290656,Average Seller,2,Average Seller,4.111111111111111,11.11111111111111,990.0,v1.0,2026-05-22 04:28:50.530
d17f467e4bf608a510c20d82f4ba3b6b,73.31808537374124,Average Seller,2,Average Seller,4.0,16.666666666666664,3021.66,v1.0,2026-05-22 04:28:50.530
d180e07dc1e58c31c3f0cd599dc4d945,60.62857581232798,Average Seller,2,Average Seller,3.0,0.0,58.8,v1.0,2026-05-22 04:28:50.530
d197aa8fbc64087f61984deef05f6227,87.13323592893578,Average Seller,2,Average Seller,4.833333333333333,0.0,519.09,v1.0,2026-05-22 04:28:50.530
d1a1b40ec554c593a1a99366746289dd,52.36110034760766,Underperformer,1,Underperformer,2.0,0.0,49.7,v1.0,2026-05-22 04:28:50.530
d1a5cc844736958c11b8efab9a2b4c87,16.87069187879909,Underperformer,1,Underperformer,1.0,100.0,237.6,v1.0,2026-05-22 04:28:50.530
d1aa1ec0839dcab73a6161130eb1f94a,39.76918523679634,Underperformer,1,Underperformer,4.0,100.0,119.9,v1.0,2026-05-22 04:28:50.530
d1b65fc7debc3361ea86b5f14c68d2e2,88.07828652606166,Average Seller,2,Average Seller,4.55,2.5,11703.07,v1.0,2026-05-22 04:28:50.530
d1b9d4be4b6f9ebd85f8acd6745ba612,81.24465536612607,Average Seller,2,Average Seller,4.181818181818182,0.0,1154.35,v1.0,2026-05-22 04:28:50.530
d1c281d3ae149232351cd8c8cc885f0d,79.5432445368276,Average Seller,2,Average Seller,3.772093023255814,6.511627906976744,26942.6,v1.0,2026-05-22 04:28:50.530
d1c7fa84e48cfa21a0e595167c1c500e,83.59549456065724,Average Seller,2,Average Seller,4.333333333333333,0.0,1156.03,v1.0,2026-05-22 04:28:50.530
d1e2fe627180431ffda076abb303c56f,47.18679626956578,Underperformer,1,Underperformer,1.0,0.0,289.0,v1.0,2026-05-22 04:28:50.530
d1ef48b38baca7e831711c4a0aeb398f,81.54100294751139,Average Seller,2,Average Seller,4.448275862068965,6.896551724137931,1469.12,v1.0,2026-05-22 04:28:50.530
d20b021d3efdf267a402c402a48ea64b,72.78377178554972,Average Seller,2,Average Seller,3.688888888888889,15.555555555555555,4140.17,v1.0,2026-05-22 04:28:50.530
d23019c84ffae2d5ef2270367b8605fc,87.07019357321887,Average Seller,2,Average Seller,4.410256410256411,2.564102564102564,29205.1,v1.0,2026-05-22 04:28:50.530
d2374cbcbb3ca4ab1086534108cc3ab7,79.15037464558766,Average Seller,2,Average Seller,3.7442748091603053,5.152671755725191,21223.92,v1.0,2026-05-22 04:28:50.530
d2572f31e9023e9850ef986a636ff9bf,89.12993849595193,Average Seller,2,Average Seller,5.0,0.0,279.0,v1.0,2026-05-22 04:28:50.530
d25aa0aaacb370e912f8cf6efeba38b3,83.83615068415762,Average Seller,2,Average Seller,4.470588235294118,5.88235294117647,2658.45,v1.0,2026-05-22 04:28:50.530
d263fa444c1504a75cbca5cc465f592a,89.70785187525115,Average Seller,2,Average Seller,5.0,0.0,399.0,v1.0,2026-05-22 04:28:50.530
d26aa40b90272d4843d63be7c1462c8d,79.16022251904974,Average Seller,2,Average Seller,4.5,0.0,152.9,v1.0,2026-05-22 04:28:50.530
d297f1055de2956aedfd3b04113dce3e,68.50181682604078,Average Seller,2,Average Seller,4.0,0.0,54.3,v1.0,2026-05-22 04:28:50.530
d29ba1220fb8634fa3a107e54497b8a4,70.89576571512885,Average Seller,2,Average Seller,3.2222222222222223,0.0,724.94,v1.0,2026-05-22 04:28:50.530
d2df77822373f19934e87694d8640767,67.19150303270561,Average Seller,2,Average Seller,3.0,0.0,155.9,v1.0,2026-05-22 04:28:50.530
d2e753bb80b7d4faa77483ed00edc8ca,71.3587120073228,Average Seller,2,Average Seller,3.7142857142857144,7.142857142857142,1320.7,v1.0,2026-05-22 04:28:50.530
d2f3e277560ed4c6361284429b00f037,84.21126892214004,Average Seller,2,Average Seller,4.714285714285714,0.0,320.55,v1.0,2026-05-22 04:28:50.530
d32e3909cfb714fb2a6cb092c85b9c5f,69.87740961407988,Average Seller,2,Average Seller,3.5,20.0,2827.9,v1.0,2026-05-22 04:28:50.530
d354c38a7182125a748cb10474fe963b,77.63213713920655,Average Seller,2,Average Seller,4.111111111111111,5.555555555555555,1610.33,v1.0,2026-05-22 04:28:50.530
d3674f271c91f824f82d24d92011f669,78.37055748720252,Average Seller,2,Average Seller,4.1,10.0,1718.3,v1.0,2026-05-22 04:28:50.530
d36b07fd3c5088e477a72d1fccfe29d4,89.39566442205245,Average Seller,2,Average Seller,5.0,0.0,328.9,v1.0,2026-05-22 04:28:50.530
d379f449f2a3b271bc01c0782020f705,79.3876644446151,Average Seller,2,Average Seller,3.892857142857143,3.571428571428571,4423.06,v1.0,2026-05-22 04:28:50.530
d3891911c2feae53c52fea2bd14054e5,88.02982887010108,Average Seller,2,Average Seller,5.0,0.0,141.0,v1.0,2026-05-22 04:28:50.530
d3dcf0604eabf0224fbd5948b5e02f69,70.6972499936859,Average Seller,2,Average Seller,3.888888888888889,33.33333333333333,2902.3,v1.0,2026-05-22 04:28:50.530
d3e7d37c0df9aef383f3f2a15b0dddfb,88.24333203262405,Average Seller,2,Average Seller,5.0,0.0,161.0,v1.0,2026-05-22 04:28:50.530
d3f39f05462b79a4562d35893a28f159,73.56046361672904,Average Seller,2,Average Seller,3.6470588235294117,11.76470588235294,2411.3,v1.0,2026-05-22 04:28:50.530
d4828feed4cda2cd9d6b37899a95a71e,52.01307087083721,Underperformer,1,Underperformer,2.0,0.0,39.9,v1.0,2026-05-22 04:28:50.530
d4910f1cdcfdabd48d6b316e395d4a23,89.77959985730341,Average Seller,2,Average Seller,4.909090909090909,0.0,1146.88,v1.0,2026-05-22 04:28:50.530
d4a5e99e0dd915df64ba55a7fbd583fd,65.79209325028673,Average Seller,2,Average Seller,3.0,0.0,65.15,v1.0,2026-05-22 04:28:50.530
d4d99b60c4c94cd35acd502cec65dc8d,60.97160076089978,Average Seller,2,Average Seller,3.0,0.0,72.9,v1.0,2026-05-22 04:28:50.530
d4e12e7884759a14fa0f5f896c791cae,84.91124973608532,Average Seller,2,Average Seller,4.620689655172414,6.896551724137931,1400.0,v1.0,2026-05-22 04:28:50.530
d4e4b5192cba4e0e66eb12a9d347239d,80.7058926194681,Average Seller,2,Average Seller,4.166666666666667,0.0,441.8,v1.0,2026-05-22 04:28:50.530
d4f117125b59ce73c3302f88ee40c458,87.62233917648314,Average Seller,2,Average Seller,4.823529411764706,0.0,783.29,v1.0,2026-05-22 04:28:50.530
d4f91e8be86b38da2ee35bc489645a9d,86.37034181788104,Average Seller,2,Average Seller,5.0,0.0,49.99,v1.0,2026-05-22 04:28:50.530
d4ffeb15b67e81ff9af2b4252d99fb7e,77.37566212010903,Average Seller,2,Average Seller,4.0,0.0,1400.4,v1.0,2026-05-22 04:28:50.530
d50d79cb34e38265a8649c383dcffd48,83.06439403364244,Average Seller,2,Average Seller,4.214285714285714,4.285714285714286,13012.42,v1.0,2026-05-22 04:28:50.530
d51e0a403fe2e689ece6c73359d96e12,79.46625365523714,Average Seller,2,Average Seller,4.105263157894737,10.526315789473683,7790.0,v1.0,2026-05-22 04:28:50.530
d52cbce9845184537284a23c3bc3da0e,87.01700184456648,Average Seller,2,Average Seller,5.0,0.0,75.0,v1.0,2026-05-22 04:28:50.530
d558ebe531605a1285ab2b1bc3256dfb,84.63756938721146,Average Seller,2,Average Seller,4.666666666666667,0.0,709.0,v1.0,2026-05-22 04:28:50.530
d566c37fa119d5e66c4e9052e83ee4ea,88.58555671151998,Average Seller,2,Average Seller,4.630769230769231,0.0,5145.7,v1.0,2026-05-22 04:28:50.530
d57e18d5f73c7ccb7f7339b61166898d,85.36648023241433,Average Seller,2,Average Seller,4.426229508196721,0.0,3187.7,v1.0,2026-05-22 04:28:50.530
d58d521f3789def2e7a22715e0badd93,64.8122968116161,Average Seller,2,Average Seller,3.5,0.0,65.98,v1.0,2026-05-22 04:28:50.530
d594982fd877af63ace38ea1fca27c76,81.2961170303858,Average Seller,2,Average Seller,4.428571428571429,0.0,217.04,v1.0,2026-05-22 04:28:50.530
d598f929fc44e1e38678e7f47250ec04,86.90445246632441,Average Seller,2,Average Seller,5.0,0.0,69.9,v1.0,2026-05-22 04:28:50.530
d5b9a084373da994a6e37f732169a853,70.68907515517408,Average Seller,2,Average Seller,3.5714285714285716,14.285714285714285,1769.0,v1.0,2026-05-22 04:28:50.530
d5ba419e26d246a0719437cf37d9b46d,77.6990604637096,Average Seller,2,Average Seller,3.911764705882353,8.823529411764707,4061.4,v1.0,2026-05-22 04:28:50.530
d5c530f4884a75ae0dba9c148718d278,67.14078116093518,Average Seller,2,Average Seller,3.5,16.666666666666664,280.88,v1.0,2026-05-22 04:28:50.530
d624126b9206f595fb3fbb6ba03b28a8,82.73884532523775,Average Seller,2,Average Seller,4.304347826086956,4.3478260869565215,7198.8,v1.0,2026-05-22 04:28:50.530
d63c73efd41eb002280e7ec831424edb,80.98357507197599,Average Seller,2,Average Seller,4.0,0.0,5598.0,v1.0,2026-05-22 04:28:50.530
d63f306de130e0391d38a792541723b8,86.33857374447831,Average Seller,2,Average Seller,5.0,0.0,49.0,v1.0,2026-05-22 04:28:50.530
d650b663c3b5f6fb392b6326366efa9a,84.41731635468318,Average Seller,2,Average Seller,4.2,5.0,19242.9,v1.0,2026-05-22 04:28:50.530
d65f31d2413268e671989503f6cf9993,48.036011449610335,Underperformer,1,Underperformer,1.0,0.0,488.8,v1.0,2026-05-22 04:28:50.530
d66c11a9572221d92fbb8c4897db5f9b,84.15984612698317,Average Seller,2,Average Seller,4.5625,0.0,776.56,v1.0,2026-05-22 04:28:50.530
d66c305afaec317ebee552073a674429,84.44628107027468,Average Seller,2,Average Seller,4.2926829268292686,2.4390243902439024,4886.46,v1.0,2026-05-22 04:28:50.530
d673a59aac7a70d8b01e6902bf090a11,76.97140779440915,Average Seller,2,Average Seller,3.911392405063291,7.59493670886076,3908.94,v1.0,2026-05-22 04:28:50.530
d6ab728cf30867cf3f1a2e216ae2f9b7,84.31802099179228,Average Seller,2,Average Seller,4.416666666666667,0.0,2002.0,v1.0,2026-05-22 04:28:50.530
d6b1ce66b035a475f00c017792ff9769,83.23416688454873,Average Seller,2,Average Seller,4.217391304347826,5.434782608695652,12277.4,v1.0,2026-05-22 04:28:50.530
d6b664fa0667064c6d76394e7848d790,91.11737967426183,Average Seller,2,Average Seller,4.833333333333333,0.0,6080.0,v1.0,2026-05-22 04:28:50.530
d6cd01c59123df02fc226eadbadb5f89,67.91952135763178,Average Seller,2,Average Seller,3.0,0.0,244.9,v1.0,2026-05-22 04:28:50.530
d71d863e5ef30d94e440c11be17dcd8f,67.61923780627308,Underperformer,1,Underperformer,2.7586206896551726,10.344827586206897,11900.9,v1.0,2026-05-22 04:28:50.530
d73cbd89533ce8b041a9190241453ac8,72.5797797248491,Average Seller,2,Average Seller,3.5,0.0,368.6,v1.0,2026-05-22 04:28:50.530
d7485b33791774c36108f8c69602d48d,69.31117004986433,Average Seller,2,Average Seller,3.7,10.0,399.82,v1.0,2026-05-22 04:28:50.530
d7827b2af99326a03b0ed9c7a24db0d3,91.8012275612912,Average Seller,2,Average Seller,5.0,0.0,1455.0,v1.0,2026-05-22 04:28:50.530
d79e8478eed9999493990b44955fb22e,76.26672162675942,Average Seller,2,Average Seller,4.2,20.0,721.89,v1.0,2026-05-22 04:28:50.530
d7ab82074b5f1dfba46db123df101bff,76.96359589022069,Average Seller,2,Average Seller,4.5,0.0,38.67,v1.0,2026-05-22 04:28:50.530
d7b2377bae6ace1b11fc69a11900ac36,62.89909877973033,Average Seller,2,Average Seller,3.25,25.0,329.6,v1.0,2026-05-22 04:28:50.530
d7d517afce974cd491b8d52bb5b5b1fc,69.30867865769851,Average Seller,2,Average Seller,4.0,0.0,89.99,v1.0,2026-05-22 04:28:50.530
d7f1cfc638473be93baedbfd02208016,85.56402176138067,Average Seller,2,Average Seller,5.0,0.0,30.0,v1.0,2026-05-22 04:28:50.530
d85efbc8eff2b7adf524e2820569adc8,86.52219797884158,Average Seller,2,Average Seller,5.0,0.0,55.0,v1.0,2026-05-22 04:28:50.530
d8b8f2cf9ff6ba0389072541cb42498c,88.11863357506992,Average Seller,2,Average Seller,5.0,0.0,149.0,v1.0,2026-05-22 04:28:50.530
d8bf0fc082fd4a77fc2e5679b6c00133,88.01722853574869,Average Seller,2,Average Seller,5.0,0.0,139.9,v1.0,2026-05-22 04:28:50.530
d8c7ba53e7e38711eaef8c2849d6d2e1,84.29507877035016,Average Seller,2,Average Seller,4.5,0.0,1190.87,v1.0,2026-05-22 04:28:50.530
d8cf3b6a2151949f930d0252b180ec42,73.43018414718927,Average Seller,2,Average Seller,3.5,0.0,623.7,v1.0,2026-05-22 04:28:50.530
d8d9567d0bfb0bc7eb845a205ba42657,62.50845153299084,Average Seller,2,Average Seller,3.5,25.0,74.6,v1.0,2026-05-22 04:28:50.530
d8dd176509baa37f359644d082bf7f7b,20.57663744230641,Underperformer,1,Underperformer,1.5,100.0,198.0,v1.0,2026-05-22 04:28:50.530
d90fe2229fee1a5da999ccd0c06c1667,83.90229003373891,Average Seller,2,Average Seller,4.666666666666667,0.0,450.0,v1.0,2026-05-22 04:28:50.530
d91fb3b7d041e83b64a00a3edfb37e4f,84.5995961938079,Average Seller,2,Average Seller,4.078504672897196,3.7383177570093453,40889.74,v1.0,2026-05-22 04:28:50.530
d921b68bf747894be13a97ae52b0f386,89.38896188243368,Average Seller,2,Average Seller,4.558441558441558,1.2987012987012987,15645.8,v1.0,2026-05-22 04:28:50.530
d93844a9c55ba7ce353388bcf849ea56,82.64087025997836,Average Seller,2,Average Seller,4.25,0.0,2708.5,v1.0,2026-05-22 04:28:50.530
d93919c944be9cff128f6c9cb899eacb,76.29749723443034,Average Seller,2,Average Seller,4.0,15.151515151515152,2666.7,v1.0,2026-05-22 04:28:50.530
d93b8458c6fe139d85cfa5eadbf55bd2,84.92524562920953,Average Seller,2,Average Seller,5.0,0.0,19.9,v1.0,2026-05-22 04:28:50.530
d9442042130b7fe579d1295f9f4a248f,81.51249346803398,Average Seller,2,Average Seller,4.368421052631579,5.263157894736842,772.16,v1.0,2026-05-22 04:28:50.530
d94a40fd42351c259927028d163af842,83.68573140997671,Average Seller,2,Average Seller,4.148514851485149,2.9702970297029703,13823.8,v1.0,2026-05-22 04:28:50.530
d94ba08b99bedd6a5f6c875ecc4a6fac,87.47593010669628,Average Seller,2,Average Seller,4.777777777777778,0.0,599.0,v1.0,2026-05-22 04:28:50.530
d97df38225e5abadaff1e72cb72b823c,74.80733288477836,Average Seller,2,Average Seller,3.8620689655172415,13.793103448275861,1846.0,v1.0,2026-05-22 04:28:50.530
d98eec89afa3380e14463da2aabaea72,84.564541763046,Average Seller,2,Average Seller,4.321428571428571,2.380952380952381,6968.53,v1.0,2026-05-22 04:28:50.530
d9a84e1403de8da0c3aa531d6d108ba6,83.84179523531073,Average Seller,2,Average Seller,4.518518518518518,5.555555555555555,1425.2,v1.0,2026-05-22 04:28:50.530
d9b00a97818674c7f8d8b1ef0e689679,60.90445246632442,Average Seller,2,Average Seller,3.0,0.0,69.9,v1.0,2026-05-22 04:28:50.530
d9bd94811c3338dceb4181f3dbc0c73e,89.91751845473259,Average Seller,2,Average Seller,4.796296296296297,5.555555555555555,6911.02,v1.0,2026-05-22 04:28:50.530
d9c349beabc06aa6ff1c6d68b5e9e22e,88.31283220657319,Average Seller,2,Average Seller,5.0,0.0,168.1,v1.0,2026-05-22 04:28:50.530
d9cb0052a666de5308b32f32ad5f1b1c,74.83151458263683,Average Seller,2,Average Seller,3.6666666666666665,0.0,231.9,v1.0,2026-05-22 04:28:50.530
d9cd369bffa979d1634f8e1318bf2f1b,90.56523384946472,Average Seller,2,Average Seller,5.0,0.0,678.0,v1.0,2026-05-22 04:28:50.530
d9d43faf741ceaa8da52fdbb81d9e0e3,73.00484354734638,Average Seller,2,Average Seller,3.6666666666666665,0.0,210.0,v1.0,2026-05-22 04:28:50.530
d9e7e7778b32987280a6f2cb9a39c57d,69.03172466332849,Average Seller,2,Average Seller,3.5454545454545454,18.181818181818183,722.5,v1.0,2026-05-22 04:28:50.530
d9e8c084b68fe958861d8f2c21202e6b,84.33320610044902,Average Seller,2,Average Seller,4.333333333333333,0.0,3050.0,v1.0,2026-05-22 04:28:50.530
da03c298e3999e9d828591fc2179d109,86.30789495250943,Average Seller,2,Average Seller,4.75,0.0,787.7,v1.0,2026-05-22 04:28:50.530
da20530872245d6cd9d2f5725613c430,80.32571051410315,Average Seller,2,Average Seller,4.5,0.0,314.96,v1.0,2026-05-22 04:28:50.530
da2782c804606d2a5d8e1760dbb3e7ec,15.290952888551196,Underperformer,1,Underperformer,1.0,100.0,89.0,v1.0,2026-05-22 04:28:50.530
da3fede3469bf49b7293ce3fc45b294d,86.199945984864,Average Seller,2,Average Seller,5.0,0.0,44.9,v1.0,2026-05-22 04:28:50.530
da4d149c0ddbac90557103ac0a0ec356,64.6847981103909,Average Seller,2,Average Seller,3.0,0.0,730.0,v1.0,2026-05-22 04:28:50.530
da6a60cc8cc724fe51be021ff8be779c,86.18211389213712,Average Seller,2,Average Seller,4.75,0.0,728.79,v1.0,2026-05-22 04:28:50.530
da7039f29f90ce5b4846ffc0fcc93beb,83.68474109427173,Average Seller,2,Average Seller,4.529411764705882,5.88235294117647,1259.1,v1.0,2026-05-22 04:28:50.530
da8622b14eb17ae2831f4ac5b9dab84a,86.67077140112336,Top Performer,0,Top Performer,4.170471841704718,6.621004566210045,160236.57,v1.0,2026-05-22 04:28:50.530
dace965ca58120f92f8d742a9fa1864b,87.5366958021485,Average Seller,2,Average Seller,4.625,0.0,1442.0,v1.0,2026-05-22 04:28:50.530
dadc51ef321949ec9a3ab25cd902e23d,45.217291100191375,Underperformer,1,Underperformer,1.0,0.0,85.0,v1.0,2026-05-22 04:28:50.530
daeb5653dd96c1b11860f72209795012,78.19689947612143,Average Seller,2,Average Seller,4.05,7.5,2305.9,v1.0,2026-05-22 04:28:50.530
daf565f087a52def0fd5c5825b3661bc,73.08306693941988,Average Seller,2,Average Seller,3.3333333333333335,0.0,813.9,v1.0,2026-05-22 04:28:50.530
db1f0f7c7e5e87f40b62226f020bb297,80.63425579242973,Average Seller,2,Average Seller,4.666666666666667,0.0,59.01,v1.0,2026-05-22 04:28:50.530
db2956745b3a8e9f3785c99f34b5d25e,76.93427670386347,Average Seller,2,Average Seller,3.765957446808511,8.51063829787234,8599.0,v1.0,2026-05-22 04:28:50.530
db4350fd57ae30082dec7acbaacc17f9,81.05518433558679,Average Seller,2,Average Seller,4.145985401459854,3.64963503649635,3331.31,v1.0,2026-05-22 04:28:50.530
db46ca7bce82b11f7e247539271fc390,85.08355068165703,Average Seller,2,Average Seller,4.5625,0.0,933.97,v1.0,2026-05-22 04:28:50.530
db6a4d4b5f1f5f98820ce6ce2619e2de,87.97162981659723,Average Seller,2,Average Seller,5.0,0.0,135.99,v1.0,2026-05-22 04:28:50.530
db7ed69a53aa9fb1c01930ba54a88bbe,87.61609565989423,Average Seller,2,Average Seller,5.0,0.0,109.0,v1.0,2026-05-22 04:28:50.530
dbb9b48c841a0e39e21f98e1a6b2ec3e,83.90684623263273,Average Seller,2,Average Seller,4.268518518518518,3.7037037037037033,7186.85,v1.0,2026-05-22 04:28:50.530
dbbcfe2c8d026742134ac3e28ccde274,78.79271061904218,Average Seller,2,Average Seller,4.0,0.0,308.59,v1.0,2026-05-22 04:28:50.530
dbc22125167c298ef99da25668e1011f,86.42266098865889,Average Seller,2,Average Seller,4.263546798029557,2.4630541871921183,33776.78,v1.0,2026-05-22 04:28:50.530
dbc51f5e45d654ecc16cb68e6817ecea,70.59275976720258,Average Seller,2,Average Seller,4.0,0.0,199.99,v1.0,2026-05-22 04:28:50.530
dbd66278cbfe1aa1000f90a217ca4695,85.00089253572848,Average Seller,2,Average Seller,4.5058823529411764,3.5294117647058822,4928.9,v1.0,2026-05-22 04:28:50.530
dbdd0ec73a4817971d962698f2fea022,84.82142072716863,Average Seller,2,Average Seller,4.375,6.25,6384.0,v1.0,2026-05-22 04:28:50.530
dbec9a0a7efeff029d4d9dce7dc4cc95,80.11494069087173,Average Seller,2,Average Seller,4.0,0.0,1170.0,v1.0,2026-05-22 04:28:50.530
dc120d932ddf9d4dfb6fd68beefda622,45.89918610118495,Underperformer,1,Underperformer,1.0,0.0,130.0,v1.0,2026-05-22 04:28:50.530
dc317f341ab0e22f39acbd9dbf9b4a1f,84.0351391807929,Average Seller,2,Average Seller,4.1454545454545455,5.454545454545454,18988.4,v1.0,2026-05-22 04:28:50.530
dc4a0fc896dc34b0d5bfec8438291c80,79.32375997327101,Average Seller,2,Average Seller,3.774891774891775,6.493506493506493,24180.77,v1.0,2026-05-22 04:28:50.530
dc50afafdfa325eadc890c7fa42a8f4e,85.30684306016522,Average Seller,2,Average Seller,4.75,0.0,424.2,v1.0,2026-05-22 04:28:50.530
dc64d75cc406bb0697be983831430e60,86.35905424214876,Average Seller,2,Average Seller,4.75,0.0,813.0,v1.0,2026-05-22 04:28:50.530
dc7192adf8ba09569261f4a8d576afe0,77.62530049391816,Average Seller,2,Average Seller,3.857142857142857,0.0,917.0,v1.0,2026-05-22 04:28:50.530
dc8798cbf453b7e0f98745e396cc5616,68.70282429019845,Average Seller,2,Average Seller,3.048780487804878,4.878048780487805,2056.3,v1.0,2026-05-22 04:28:50.530
dcb7367a92f5ffb89f1e2152ed260285,87.11823774053865,Average Seller,2,Average Seller,5.0,0.0,79.9,v1.0,2026-05-22 04:28:50.530
dcf3755cefcdc158ad0b7bdde51e871b,80.4085413431443,Average Seller,2,Average Seller,4.333333333333333,0.0,269.7,v1.0,2026-05-22 04:28:50.530
dd264199fc8b687ad029de7de6d760e6,87.27102744670361,Average Seller,2,Average Seller,5.0,0.0,87.9,v1.0,2026-05-22 04:28:50.530
dd2bdf855a9172734fbc3744021ae9b9,78.4025365046046,Average Seller,2,Average Seller,3.787037037037037,5.555555555555555,10816.7,v1.0,2026-05-22 04:28:50.530
dd39ad39b5d3df33037e141c72497ba6,87.96938098863936,Average Seller,2,Average Seller,5.0,0.0,135.8,v1.0,2026-05-22 04:28:50.530
dd4d95ba2d15c071e6c695e2ef6ce169,63.598307970573295,Average Seller,2,Average Seller,4.25,50.0,1748.0,v1.0,2026-05-22 04:28:50.530
dd533b429f380718b70ad9922c294bae,74.33616100672788,Average Seller,2,Average Seller,3.7804878048780486,9.75609756097561,2819.77,v1.0,2026-05-22 04:28:50.530
dd5450b022b2d00a2145a66331e1aef6,86.63398576821719,Average Seller,2,Average Seller,5.0,0.0,59.0,v1.0,2026-05-22 04:28:50.530
dd55f1bb788714a40e7954c3be6df745,73.15528702047447,Average Seller,2,Average Seller,3.742857142857143,17.142857142857142,7041.76,v1.0,2026-05-22 04:28:50.530
dd58ee93286b0821565574c570e9e1dc,92.94477792959664,Average Seller,2,Average Seller,5.0,0.0,2948.0,v1.0,2026-05-22 04:28:50.530
dd7ddc04e1b6c2c614352b383efe2d36,76.47314325216433,Average Seller,2,Average Seller,3.8278688524590163,12.295081967213115,9178.51,v1.0,2026-05-22 04:28:50.530
dd88d13bea9e4c2bf47daf224f8141e5,89.93077921223197,Average Seller,2,Average Seller,5.0,0.0,458.0,v1.0,2026-05-22 04:28:50.530
dd8a29ce82d5c705ba932d81494600a5,66.63854107555252,Average Seller,2,Average Seller,3.5,0.0,205.75,v1.0,2026-05-22 04:28:50.530
dd9661d3cda1e6feb237f0c4d8b26f2e,88.36840088228944,Average Seller,2,Average Seller,5.0,0.0,174.0,v1.0,2026-05-22 04:28:50.530
dda37071807e404c5bb2a1590c66326f,88.59275976720255,Average Seller,2,Average Seller,5.0,0.0,199.99,v1.0,2026-05-22 04:28:50.530
ddd51ae8cda92f3995a51fc0f0f3eec7,85.41711960313623,Average Seller,2,Average Seller,4.625,0.0,842.7,v1.0,2026-05-22 04:28:50.530
dde698c6d0bd24834c586e5111c2bba7,88.1915030327056,Average Seller,2,Average Seller,5.0,0.0,155.9,v1.0,2026-05-22 04:28:50.530
de09d00cfc265b8804c7df34075a68fa,70.80027590428449,Average Seller,2,Average Seller,3.3333333333333335,0.0,784.0,v1.0,2026-05-22 04:28:50.530
de0c78824586e9a5f5f04fd84e25df39,88.38513428792892,Average Seller,2,Average Seller,4.642857142857143,0.0,2489.3,v1.0,2026-05-22 04:28:50.530
de23c3b98a88888289c6f5cc1209054a,84.7524055298301,Average Seller,2,Average Seller,4.2560975609756095,7.317073170731707,26399.67,v1.0,2026-05-22 04:28:50.530
de66a66f2dd06bb9ec37aa96987466a3,78.36851292232672,Average Seller,2,Average Seller,4.142857142857143,0.0,353.32,v1.0,2026-05-22 04:28:50.530
de722cd6dad950a92b7d4f82673f8833,86.78948167050893,Average Seller,2,Average Seller,4.274336283185841,3.5398230088495577,55426.1,v1.0,2026-05-22 04:28:50.530
de9727ca376d1be6ec121b110aa7954c,73.68645301028523,Average Seller,2,Average Seller,3.8,10.0,1058.7,v1.0,2026-05-22 04:28:50.530
deaadd805612bf94faaa9fa702516e11,44.37065955104875,Underperformer,1,Underperformer,1.0,0.0,50.0,v1.0,2026-05-22 04:28:50.530
debe6615cd90cc0c2eac2b8988e1f628,81.92704255186814,Average Seller,2,Average Seller,4.6,0.0,278.5,v1.0,2026-05-22 04:28:50.530
dedcab67899479e4ea5dcc4eba47f587,78.19834023756749,Average Seller,2,Average Seller,4.5,0.0,84.0,v1.0,2026-05-22 04:28:50.530
dee656f0f566ed1aa85bd137c943f08f,83.99569880620565,Average Seller,2,Average Seller,4.333333333333333,4.301075268817205,6271.98,v1.0,2026-05-22 04:28:50.530
df0f42bc4c2142eacf0eaf2cffd0cfbb,81.58022709496933,Average Seller,2,Average Seller,4.142857142857143,0.0,1654.0,v1.0,2026-05-22 04:28:50.530
df47da4ae86fa4db890d05aaf24e21d8,80.90267614770103,Average Seller,2,Average Seller,4.2,0.0,310.5,v1.0,2026-05-22 04:28:50.530
df560393f3a51e74553ab94004ba5c87,73.79571843616245,Average Seller,2,Average Seller,3.6785714285714284,7.142857142857142,3661.18,v1.0,2026-05-22 04:28:50.530
df56d7b40d437f88407c5f78b63bc328,80.12902548194027,Average Seller,2,Average Seller,4.090909090909091,4.545454545454546,2791.28,v1.0,2026-05-22 04:28:50.530
df683dfda87bf71ac3fc63063fba369d,14.013070870837208,Underperformer,1,Underperformer,1.0,100.0,39.9,v1.0,2026-05-22 04:28:50.530
df91910b6a03bb2e3358fa6a35e32f6f,83.83696256867059,Average Seller,2,Average Seller,4.357142857142857,0.0,2312.1,v1.0,2026-05-22 04:28:50.530
dfa0c4c6229ab200a4a1336b4d7128ff,81.18123313643201,Average Seller,2,Average Seller,4.0,1.2987012987012987,4777.1,v1.0,2026-05-22 04:28:50.530
dfc475d54e1b6dbeeb7d7d9bdaa63827,84.03489197340437,Average Seller,2,Average Seller,4.315789473684211,0.0,1793.76,v1.0,2026-05-22 04:28:50.530
dfc5fb7259bb2b599ca565e6e9448f0f,81.34134910841996,Average Seller,2,Average Seller,4.121212121212121,3.0303030303030303,6124.63,v1.0,2026-05-22 04:28:50.530
dff87e4de60c9736ce8df835951b09bc,61.19087859113972,Underperformer,1,Underperformer,2.5,0.0,998.0,v1.0,2026-05-22 04:28:50.530
e00d85ce20ea50c1224c66ca5050527d,70.11863357506995,Average Seller,2,Average Seller,4.0,0.0,149.0,v1.0,2026-05-22 04:28:50.530
e0482f2c769468c3bbcd8a01e09d98c5,70.50164965141923,Average Seller,2,Average Seller,4.0,0.0,189.0,v1.0,2026-05-22 04:28:50.530
e0487761face83d64fcada2408959a36,77.34665495965204,Average Seller,2,Average Seller,4.5,0.0,49.25,v1.0,2026-05-22 04:28:50.530
e067ad2c1c0b48758eb1b5228bcf7a68,80.33281025301548,Average Seller,2,Average Seller,4.148148148148148,7.4074074074074066,5042.55,v1.0,2026-05-22 04:28:50.530
e06f09ec0a4aca210779cf1cfc63cf19,79.40591807077007,Average Seller,2,Average Seller,3.9655172413793105,6.896551724137931,5279.49,v1.0,2026-05-22 04:28:50.530
e0878efa0e0b7e5313ac0b43bc04c081,71.59936169537735,Average Seller,2,Average Seller,3.5185185185185186,14.814814814814813,5065.3,v1.0,2026-05-22 04:28:50.530
e09887ca8c7bf8a4621ce481820414ef,49.76998914665334,Underperformer,1,Underperformer,2.3333333333333335,33.33333333333333,119.96,v1.0,2026-05-22 04:28:50.530
e0a366315b1b726b6c7832d664c0f530,84.90081318875934,Average Seller,2,Average Seller,4.3023255813953485,2.3255813953488373,7400.09,v1.0,2026-05-22 04:28:50.530
e0a3c37054ade6478d923a6efc10f308,88.74506961175803,Average Seller,2,Average Seller,5.0,0.0,219.8,v1.0,2026-05-22 04:28:50.530
e0b162a693bc7f9eab00f783a31d60ea,84.93297967866033,Average Seller,2,Average Seller,5.0,0.0,20.0,v1.0,2026-05-22 04:28:50.530
e0eabded302882513ced4ea3eb0c7059,84.40877332162616,Average Seller,2,Average Seller,4.625,0.0,978.4,v1.0,2026-05-22 04:28:50.530
e116c7455dd26a4d8c3e92532583905f,67.88364333259568,Average Seller,2,Average Seller,4.0,0.0,36.76,v1.0,2026-05-22 04:28:50.530
e1643dff33666ca629e3644c02738179,79.66426941856781,Average Seller,2,Average Seller,4.333333333333333,0.0,170.0,v1.0,2026-05-22 04:28:50.530
e174dc2de86d60fee178170a154c05e7,42.917474485854505,Underperformer,1,Underperformer,1.0,0.0,19.8,v1.0,2026-05-22 04:28:50.530
e1a210d482714ce337763a19aef94ba4,44.36747941208175,Underperformer,1,Underperformer,1.0,0.0,49.9,v1.0,2026-05-22 04:28:50.530
e1b12447a7563944843191754aeb5562,76.64770247167031,Average Seller,2,Average Seller,4.444444444444445,22.22222222222222,472.46,v1.0,2026-05-22 04:28:50.530
e1bed63d68ac36fe1f3061befe196af5,88.58475916499354,Average Seller,2,Average Seller,5.0,0.0,199.0,v1.0,2026-05-22 04:28:50.530
e1c76f339ebd5460999f25a2aa8c92c5,91.02340558660225,Average Seller,2,Average Seller,5.0,0.0,899.9,v1.0,2026-05-22 04:28:50.530
e1dc0754bada9ee4cfe9713f22f61292,76.66305033174771,Average Seller,2,Average Seller,3.8333333333333335,0.0,885.0,v1.0,2026-05-22 04:28:50.530
e21a1e8be4715b0fcfd5385643bc49c4,74.24424664568939,Average Seller,2,Average Seller,3.6666666666666665,0.0,703.6,v1.0,2026-05-22 04:28:50.530
e24d3429d294b2eb200b064ebb035879,81.05708014088864,Average Seller,2,Average Seller,4.2631578947368425,5.263157894736842,1878.58,v1.0,2026-05-22 04:28:50.530
e24fc9fcd865784fb25705606fe3dfe7,81.8021038003035,Average Seller,2,Average Seller,4.173076923076923,7.6923076923076925,12936.0,v1.0,2026-05-22 04:28:50.530
e250d617a0ad591ba9bd663e584a895d,74.03097759050105,Average Seller,2,Average Seller,3.5,0.0,904.12,v1.0,2026-05-22 04:28:50.530
e256a62e0ac58c0edfba09966142d561,83.82235538996298,Average Seller,2,Average Seller,4.416666666666667,0.0,1474.11,v1.0,2026-05-22 04:28:50.530
e26901d5ab434ce92fd9b5c256820a4e,83.2572548351291,Average Seller,2,Average Seller,4.123762376237623,1.4851485148514851,11990.9,v1.0,2026-05-22 04:28:50.530
e2a1ac9bf33e5549a2a4f834e70df2f8,91.98034863748525,Average Seller,2,Average Seller,4.8,0.0,14999.45,v1.0,2026-05-22 04:28:50.530
e2aee0892199b1d92530e371abd825bf,75.63373284179778,Average Seller,2,Average Seller,3.789473684210526,13.157894736842104,5662.57,v1.0,2026-05-22 04:28:50.530
e2c92f9c1c7746d899d18f2e158bbff7,79.8002403443856,Average Seller,2,Average Seller,4.071428571428571,0.0,1894.7,v1.0,2026-05-22 04:28:50.530
e333046ce6517bd8bb510291d44f0130,84.40651800121204,Average Seller,2,Average Seller,4.338235294117647,4.411764705882353,7268.0,v1.0,2026-05-22 04:28:50.530
e38db885400cd35c71dfd162f2c1dbcf,82.43627605970683,Average Seller,2,Average Seller,4.466666666666667,10.0,2066.8,v1.0,2026-05-22 04:28:50.530
e3a386fc36e22064434e1fa256f6a9fa,76.19558223349745,Average Seller,2,Average Seller,4.1875,12.5,793.9,v1.0,2026-05-22 04:28:50.530
e3b4998c7a498169dc7bce44e6bb6277,68.9885140830963,Average Seller,2,Average Seller,2.6666666666666665,0.0,6897.9,v1.0,2026-05-22 04:28:50.530
e3d3b3efac954a60d61be70b7e05b49b,79.5963384307684,Average Seller,2,Average Seller,4.333333333333333,0.0,1282.05,v1.0,2026-05-22 04:28:50.530
e3dd723429d1b23614b7fa85e2c7a853,68.26191757304315,Average Seller,2,Average Seller,3.7142857142857144,14.285714285714285,471.05,v1.0,2026-05-22 04:28:50.530
e3e15e2c0b9700561efac21c6be48066,53.43289558884442,Underperformer,1,Underperformer,2.0,0.0,97.24,v1.0,2026-05-22 04:28:50.530
e3e290b38963293022cdcd6db8328103,67.96819614011595,Average Seller,2,Average Seller,3.3333333333333335,0.0,135.7,v1.0,2026-05-22 04:28:50.530
e4253cef933647000a82ff39c67b7bde,52.86043928783792,Underperformer,1,Underperformer,2.0,0.0,68.0,v1.0,2026-05-22 04:28:50.530
e433f5fd4050e3352b5d83522b7fe24b,72.2210646015894,Average Seller,2,Average Seller,4.0,0.0,548.06,v1.0,2026-05-22 04:28:50.530
e439f7176d763f92de325271111b2fd5,91.67803295160756,Average Seller,2,Average Seller,5.0,0.0,1348.4,v1.0,2026-05-22 04:28:50.530
e45edf75f568ed2f93f78d060e246e25,74.9426727361394,Average Seller,2,Average Seller,4.166666666666667,0.0,164.3,v1.0,2026-05-22 04:28:50.530
e46bc031f2c5bae4ccb40bb90712e9b4,47.12007109493086,Underperformer,1,Underperformer,1.0,0.0,277.3,v1.0,2026-05-22 04:28:50.530
e48b04bf1aa1ef711caebeb7aede6180,86.11109335735621,Average Seller,2,Average Seller,4.48,0.0,3187.1,v1.0,2026-05-22 04:28:50.530
e48cc16ab70bfa09e1401740dce0b3d7,74.18306398694182,Average Seller,2,Average Seller,3.5714285714285716,0.0,1084.83,v1.0,2026-05-22 04:28:50.530
e49c26c3edfa46d227d5121a6b6e4d37,86.37836373571027,Average Seller,2,Average Seller,4.457142857142857,0.0,3654.25,v1.0,2026-05-22 04:28:50.530
e4ebd3f87bf70440014f07ddda7fbe03,82.83536263307309,Average Seller,2,Average Seller,4.571428571428571,0.0,671.5,v1.0,2026-05-22 04:28:50.530
e4f121bf6ef8b9a1d4d3e65dd0473fab,50.90673615984349,Underperformer,1,Underperformer,3.0,50.0,70.0,v1.0,2026-05-22 04:28:50.530
e4fc40017a6d22c46a14ac2e17f87c3e,61.65849942191123,Underperformer,1,Underperformer,2.3333333333333335,0.0,387.0,v1.0,2026-05-22 04:28:50.530
e503f22be6a4f456d9851920a5d9c670,70.58394882224923,Average Seller,2,Average Seller,4.0,0.0,198.9,v1.0,2026-05-22 04:28:50.530
e504a4e2efaa45cbff7e268a2c58c956,67.11044409335717,Average Seller,2,Average Seller,3.5454545454545454,27.27272727272727,1188.8,v1.0,2026-05-22 04:28:50.530
e51f22821f0c12a16ad5c020cdcd55e9,86.52126394147295,Average Seller,2,Average Seller,4.75,0.0,898.71,v1.0,2026-05-22 04:28:50.530
e53d5b9b29d1218281f4a907ada18626,84.99920625856593,Average Seller,2,Average Seller,4.75,0.0,350.67,v1.0,2026-05-22 04:28:50.530
e546117ed9cafbc40239c0c78635c584,80.92370374123495,Average Seller,2,Average Seller,4.5,0.0,456.0,v1.0,2026-05-22 04:28:50.530
e5475dcab1e07b63d7f6e902d8f5eda8,78.67538425677199,Average Seller,2,Average Seller,4.0,5.263157894736842,2192.0,v1.0,2026-05-22 04:28:50.530
e5545d4d4473876ea78c5bcebca365c3,86.18576401000311,Average Seller,2,Average Seller,5.0,0.0,44.5,v1.0,2026-05-22 04:28:50.530
e560e4022d8f7aebf155db95946c5c0f,90.79199859236972,Average Seller,2,Average Seller,5.0,0.0,780.0,v1.0,2026-05-22 04:28:50.530
e5899683388855d3dabe8913bbe365de,75.24593727161954,Average Seller,2,Average Seller,4.0,0.0,452.88,v1.0,2026-05-22 04:28:50.530
e58a5b390e28abc0b216cfb0e07d27d7,88.65886548551207,Average Seller,2,Average Seller,4.857142857142857,0.0,1022.6,v1.0,2026-05-22 04:28:50.530
e595809a6c31ec4314fd06ef198c244d,85.9770186478832,Average Seller,2,Average Seller,5.0,0.0,39.0,v1.0,2026-05-22 04:28:50.530
e59aa562b9f8076dd550fcddf0e73491,83.64345795759962,Average Seller,2,Average Seller,4.214285714285714,8.571428571428571,31574.3,v1.0,2026-05-22 04:28:50.530
e59e489e2ea74bd409b798b5daf49de3,53.38972593574448,Underperformer,1,Underperformer,1.6666666666666667,0.0,495.0,v1.0,2026-05-22 04:28:50.530
e59e575a175fadcadf8479e191770425,88.59203406998213,Average Seller,2,Average Seller,5.0,0.0,199.9,v1.0,2026-05-22 04:28:50.530
e5a3438891c0bfdb9394643f95273d8e,76.67775077012192,Average Seller,2,Average Seller,3.892857142857143,15.178571428571427,7738.35,v1.0,2026-05-22 04:28:50.530
e5a38146df062edaf55c38afa99e42dc,80.06512130916994,Average Seller,2,Average Seller,3.9338842975206614,7.43801652892562,15360.07,v1.0,2026-05-22 04:28:50.530
e5bd51692380fd8cabb19b756b95e714,39.76650265293266,Underperformer,1,Underperformer,2.3333333333333335,66.66666666666666,119.7,v1.0,2026-05-22 04:28:50.530
e5c84227854980f1db19a58958c551d9,82.46962628058611,Average Seller,2,Average Seller,4.75,0.0,72.81,v1.0,2026-05-22 04:28:50.530
e5cbe890e679490127e9a390b46bbd20,82.03967214225305,Average Seller,2,Average Seller,4.5,0.0,908.99,v1.0,2026-05-22 04:28:50.530
e5d4b2b0c3bca22085f7a19a28de0c42,79.6389328734709,Average Seller,2,Average Seller,4.5,0.0,205.8,v1.0,2026-05-22 04:28:50.530
e5def42655b7490edac5a56fe8e9e603,87.89794877368415,Average Seller,2,Average Seller,5.0,0.0,129.9,v1.0,2026-05-22 04:28:50.530
e5e33c0d8e7e002f398f5dc4cbbb338f,84.20294588139528,Average Seller,2,Average Seller,4.321428571428571,7.142857142857142,6698.7,v1.0,2026-05-22 04:28:50.530
e5f9e61ceb5f523cc966e0f34095032f,74.49849312580471,Average Seller,2,Average Seller,4.0,25.0,2238.0,v1.0,2026-05-22 04:28:50.530
e601b04acf48b4576e73ddca9481f0dc,79.24636555629932,Average Seller,2,Average Seller,4.066666666666666,0.0,491.94,v1.0,2026-05-22 04:28:50.530
e603cf3fec55f8697c9059638d6c8eb5,78.23088824970995,Average Seller,2,Average Seller,4.25,0.0,297.0,v1.0,2026-05-22 04:28:50.530
e627629ba868740e287800f1a9be81c2,83.47174812560898,Average Seller,2,Average Seller,4.461538461538462,0.0,504.5,v1.0,2026-05-22 04:28:50.530
e628d4a53c109f09ca88098338b3a3f5,47.16429201497588,Underperformer,1,Underperformer,1.0,0.0,285.0,v1.0,2026-05-22 04:28:50.530
e62b2d6ac10570a035a30bafcf01d263,75.5524177718984,Average Seller,2,Average Seller,3.8548387096774195,11.29032258064516,5340.39,v1.0,2026-05-22 04:28:50.530
e63e8bfa530fb16910dd6956e592bb81,80.53811730553892,Average Seller,2,Average Seller,4.238095238095238,4.761904761904762,1311.7,v1.0,2026-05-22 04:28:50.530
e644cbadf7eeb30d0d29f335ce7d52ec,72.48518965744528,Average Seller,2,Average Seller,3.625,0.0,878.9,v1.0,2026-05-22 04:28:50.530
e64882b4ef12aee8d0faca4db5b681f4,70.8182421111866,Average Seller,2,Average Seller,4.0,0.0,230.0,v1.0,2026-05-22 04:28:50.530
e64d65bc8dbec2accda90c58de5d1246,62.532898134808725,Underperformer,1,Underperformer,3.0833333333333335,25.0,1678.8,v1.0,2026-05-22 04:28:50.530
e64ddbe1cbcf4f2fc3092b7c481f3f9d,85.00097344307534,Average Seller,2,Average Seller,5.0,0.0,20.9,v1.0,2026-05-22 04:28:50.530
e6a69c4a27dfdd98ffe5aa757ad744bc,78.37695832465667,Average Seller,2,Average Seller,3.875,0.0,2076.2,v1.0,2026-05-22 04:28:50.530
e6ffc9ac6a7adc9d16a1cfc2286dd546,43.805854941319524,Underperformer,1,Underperformer,1.0,0.0,34.99,v1.0,2026-05-22 04:28:50.530
e70053bf73d1b5863932e53a9fa47496,82.0206114150736,Average Seller,2,Average Seller,4.285714285714286,0.0,4025.0,v1.0,2026-05-22 04:28:50.530
e72b4feb7abe210c52aa667abc25a3a2,85.94428459954234,Average Seller,2,Average Seller,5.0,0.0,38.2,v1.0,2026-05-22 04:28:50.530
e732329483fd5f27367dd997b47f598a,87.62929856006623,Average Seller,2,Average Seller,5.0,0.0,109.9,v1.0,2026-05-22 04:28:50.530
e73bf2cea7fe4b0b4d287a7568ed1099,90.70177609547252,Average Seller,2,Average Seller,5.0,0.0,737.7,v1.0,2026-05-22 04:28:50.530
e76ecc7e9a1a1e3c6df9d2a8261c423d,84.93297967866033,Average Seller,2,Average Seller,5.0,0.0,20.0,v1.0,2026-05-22 04:28:50.530
e7d5b006eb624f13074497221eb37807,77.8558660713572,Average Seller,2,Average Seller,3.9285714285714284,7.142857142857142,3478.93,v1.0,2026-05-22 04:28:50.530
e7df4cd29ab5abab70fb0783ddb53987,83.20665225522607,Average Seller,2,Average Seller,4.304347826086956,8.695652173913043,9608.7,v1.0,2026-05-22 04:28:50.530
e7f3bf1ecd8526eb7f3b18059e6716e5,86.04175222831407,Average Seller,2,Average Seller,4.555555555555555,0.0,1471.54,v1.0,2026-05-22 04:28:50.530
e819bcfade7b5d88a27325eb6cfd62c5,74.21605052178906,Average Seller,2,Average Seller,4.2,20.0,202.9,v1.0,2026-05-22 04:28:50.530
e81e1f9c3e762e620f3fb60a51499e16,79.14700893338443,Average Seller,2,Average Seller,4.0,5.88235294117647,4465.99,v1.0,2026-05-22 04:28:50.530
e82de6494d91d3c4c54450f59b227a94,63.755727681995126,Average Seller,2,Average Seller,3.6666666666666665,33.33333333333333,118.9,v1.0,2026-05-22 04:28:50.530
e83c76265fc54bf41eac728805e4da77,66.61865336276142,Average Seller,2,Average Seller,3.625,12.5,237.3,v1.0,2026-05-22 04:28:50.530
e83e93b71371817b11d78a63ff156aee,80.16994744928138,Average Seller,2,Average Seller,4.5,0.0,286.0,v1.0,2026-05-22 04:28:50.530
e84ad2127668df3aafc6b73531a0beb8,81.90978082202166,Average Seller,2,Average Seller,4.368421052631579,5.263157894736842,987.0,v1.0,2026-05-22 04:28:50.530
e88165a185134e13fdfc85d4fa654db8,51.60129847683683,Underperformer,1,Underperformer,3.0,50.0,108.0,v1.0,2026-05-22 04:28:50.530
e882b2a25a10b9c057cc49695f222c19,91.38957939768625,Average Seller,2,Average Seller,4.578947368421052,0.0,51057.54,v1.0,2026-05-22 04:28:50.530
e883aa812c37a7413226856f4579fe91,80.93948148185834,Average Seller,2,Average Seller,4.153846153846154,3.8461538461538463,4097.1,v1.0,2026-05-22 04:28:50.530
e88c9b79e592e370d6bd852eeefbf057,84.46480912071533,Average Seller,2,Average Seller,4.75,0.0,251.87,v1.0,2026-05-22 04:28:50.530
e88f7a2995ba184710d339c5c4bf2e30,88.96307815461182,Average Seller,2,Average Seller,5.0,0.0,251.6,v1.0,2026-05-22 04:28:50.530
e89c4adbe7b1d0819dbb636e16461cf1,75.40147628624358,Average Seller,2,Average Seller,3.8333333333333335,12.5,3181.3,v1.0,2026-05-22 04:28:50.530
e8a85b5f3df47be0984c55fd4064dbb4,81.71335972274515,Average Seller,2,Average Seller,4.5,12.5,743.0,v1.0,2026-05-22 04:28:50.530
e8b3a3a38279a82f0e5d006d5e5b7d2c,79.73554332630164,Average Seller,2,Average Seller,3.793103448275862,3.4482758620689653,13154.7,v1.0,2026-05-22 04:28:50.530
e8b4225284fbb02d16f200513f1f395d,80.1668241382018,Average Seller,2,Average Seller,4.193548387096774,9.67741935483871,5788.52,v1.0,2026-05-22 04:28:50.530
e8dba4d70f7f2b20e775d09cae01142d,78.94229213893928,Average Seller,2,Average Seller,4.333333333333333,11.11111111111111,855.91,v1.0,2026-05-22 04:28:50.530
e8f6dc8e6a1dcde89d20e3995c8d90b3,76.62282214534743,Average Seller,2,Average Seller,3.9166666666666665,8.333333333333332,2256.34,v1.0,2026-05-22 04:28:50.530
e8ff5a6ceb895583033fc2a0f314e3c2,88.01711353661568,Average Seller,2,Average Seller,5.0,0.0,139.89,v1.0,2026-05-22 04:28:50.530
e908c0f3646e8b60375734a350d95d71,74.94642539316874,Average Seller,2,Average Seller,4.0,0.0,2951.0,v1.0,2026-05-22 04:28:50.530
e94b64dc6979b302a5a5be1662c83bb6,89.28378892622156,Average Seller,2,Average Seller,5.0,0.0,306.89,v1.0,2026-05-22 04:28:50.530
e9511df20ccd82658a30c37b7fb343af,82.84733878009713,Average Seller,2,Average Seller,4.318181818181818,0.0,2096.6,v1.0,2026-05-22 04:28:50.530
e96498ed8daaa3e9c23f7a62da76591c,77.86057706765892,Average Seller,2,Average Seller,3.9411764705882355,14.705882352941178,9619.09,v1.0,2026-05-22 04:28:50.530
e9729944ba65dc3ce425e0c5a22ae7b2,63.55334233258995,Average Seller,2,Average Seller,3.75,25.0,916.7,v1.0,2026-05-22 04:28:50.530
e9779976487b77c6d4ac45f75ec7afe9,85.22589303350227,Top Performer,0,Top Performer,4.199391171993912,5.93607305936073,43162.95,v1.0,2026-05-22 04:28:50.530
e9874ae10b2d60d43917b6bbfa13a599,88.58475916499354,Average Seller,2,Average Seller,5.0,0.0,199.0,v1.0,2026-05-22 04:28:50.530
e99e927c81e3f51739c94fcdfca9f10f,74.6223245336602,Average Seller,2,Average Seller,3.6363636363636362,4.545454545454546,2702.83,v1.0,2026-05-22 04:28:50.530
e9b6c33b71b67737693b4cfa68341c8d,69.76918523679633,Average Seller,2,Average Seller,4.0,0.0,119.9,v1.0,2026-05-22 04:28:50.530
e9bc59e7b60fc3063eb2290deda4cced,82.18176525052986,Average Seller,2,Average Seller,3.990740740740741,7.4074074074074066,34343.06,v1.0,2026-05-22 04:28:50.530
e9c2dc0dd4ac38448289be644ac94f42,87.74882104823838,Average Seller,2,Average Seller,5.0,0.0,118.39,v1.0,2026-05-22 04:28:50.530
e9c6969d40e6a3d2d0f90013165c2b98,86.07650775025365,Average Seller,2,Average Seller,4.4,0.0,5239.98,v1.0,2026-05-22 04:28:50.530
e9d99831abad74458942f21e16f33f92,77.23679018801379,Average Seller,2,Average Seller,3.923076923076923,10.0,4922.48,v1.0,2026-05-22 04:28:50.530
e9e446d01bd10a97a8ffcfc4a3a20cb2,69.66209542485717,Average Seller,2,Average Seller,3.5,0.0,60.05,v1.0,2026-05-22 04:28:50.530
ea00f977a203ff88adf7057cb7806998,76.19613424850857,Average Seller,2,Average Seller,4.105263157894737,5.263157894736842,389.72,v1.0,2026-05-22 04:28:50.530
ea1776927851da2532aa70d6a32c095a,64.01195045355259,Average Seller,2,Average Seller,2.6666666666666665,0.0,318.8,v1.0,2026-05-22 04:28:50.530
ea3ebea5317b0efbc663ecc8ce5e9bc2,74.57883586874205,Average Seller,2,Average Seller,4.0,0.0,299.7,v1.0,2026-05-22 04:28:50.530
ea4e9ce63a2134743b4a92777437fcdd,83.33409887700515,Average Seller,2,Average Seller,4.666666666666667,0.0,316.6,v1.0,2026-05-22 04:28:50.530
ea566164622c6b439516ab18062c42cd,75.01286478271612,Average Seller,2,Average Seller,3.78,18.0,10309.42,v1.0,2026-05-22 04:28:50.530
ea65d8b58316a6f2362f2a9e4b3e86ad,81.0320392099094,Average Seller,2,Average Seller,4.0,0.0,2061.4,v1.0,2026-05-22 04:28:50.530
ea67327e24487bdfac5fbfa37ea124df,75.53710117585274,Average Seller,2,Average Seller,3.53125,3.125,6250.18,v1.0,2026-05-22 04:28:50.530
ea6b12bf9ffe2bac34602ec631d97a47,80.93913008038972,Average Seller,2,Average Seller,4.090909090909091,0.0,2625.8,v1.0,2026-05-22 04:28:50.530
ea846a0e7ad98a741783e886d89dfa44,87.98353199809553,Average Seller,2,Average Seller,5.0,0.0,137.0,v1.0,2026-05-22 04:28:50.530
ea8482cd71df3c1969d7b9473ff13abc,81.64960145525365,Top Performer,0,Top Performer,3.9834205933682374,8.37696335078534,37177.52,v1.0,2026-05-22 04:28:50.530
eaaa46e98c9e61f6764dd1d7a2ab8b3e,87.44538209370947,Average Seller,2,Average Seller,5.0,0.0,98.0,v1.0,2026-05-22 04:28:50.530
ead2bab70821ea148476ae9bc08548ac,83.98228786826945,Average Seller,2,Average Seller,4.555555555555555,0.0,412.1,v1.0,2026-05-22 04:28:50.530
eae9af4811c294c56795d70e715b7337,84.58104051701604,Average Seller,2,Average Seller,5.0,0.0,15.9,v1.0,2026-05-22 04:28:50.530
eaf6d55068dea77334e8477d3878d89e,86.40212229270723,Average Seller,2,Average Seller,5.0,0.0,51.0,v1.0,2026-05-22 04:28:50.530
eb1bf309f4f6af9a97e9ddac3fdbeabe,85.10137690380219,Average Seller,2,Average Seller,5.0,0.0,22.3,v1.0,2026-05-22 04:28:50.530
eb3071b9f0b0ddaa2df5ea130f09f26b,82.82352880821462,Average Seller,2,Average Seller,4.555555555555555,11.11111111111111,6230.0,v1.0,2026-05-22 04:28:50.530
eb4a59a06b3948e851a7d7a830bcbc42,65.76367738930237,Average Seller,2,Average Seller,3.0,0.0,64.0,v1.0,2026-05-22 04:28:50.530
eb4df17aed01d918c65f0f8d650900c0,70.96652859326036,Average Seller,2,Average Seller,3.909090909090909,27.27272727272727,3739.87,v1.0,2026-05-22 04:28:50.530
eb5b6204dde3a6e03b5f1bb8479f055b,74.12070094067619,Average Seller,2,Average Seller,3.9473684210526314,5.263157894736842,452.2,v1.0,2026-05-22 04:28:50.530
eb72802c83dc7547529c9546d1a9b8ef,87.0444147917789,Average Seller,2,Average Seller,4.625,0.0,1063.92,v1.0,2026-05-22 04:28:50.530
eb9267cccc90f1b49c8d2f9887c7dd97,89.35084742060874,Average Seller,2,Average Seller,5.0,0.0,319.9,v1.0,2026-05-22 04:28:50.530
eb9cd5b35d95206585e2185318cb5c61,69.22677946624908,Average Seller,2,Average Seller,3.0,0.0,550.0,v1.0,2026-05-22 04:28:50.530
eba88037e1dca898cd02881f67ced679,78.90826138128139,Average Seller,2,Average Seller,4.333333333333333,16.666666666666664,838.1,v1.0,2026-05-22 04:28:50.530
ebd1417732defaf66c50b5a800eb293e,89.29485498874864,Average Seller,2,Average Seller,5.0,0.0,309.0,v1.0,2026-05-22 04:28:50.530
ebd2d60905fb58271facef5596b620d3,83.14537296964588,Average Seller,2,Average Seller,4.154761904761905,3.571428571428571,7941.72,v1.0,2026-05-22 04:28:50.530
ebe3dabc4955c9b0d695e7bda38bf5c3,30.522197978841586,Underperformer,1,Underperformer,3.0,100.0,55.0,v1.0,2026-05-22 04:28:50.530
ebef8d8c92b4fd3226e5d407bbff21ac,50.30982606721268,Underperformer,1,Underperformer,2.6666666666666665,33.33333333333333,253.7,v1.0,2026-05-22 04:28:50.530
ec21206b7894c503788a684a7bc822a6,60.27185152398624,Underperformer,1,Underperformer,2.6666666666666665,0.0,247.8,v1.0,2026-05-22 04:28:50.530
ec2e006556300a79a5a91e4876ab3a56,40.3387020539635,Underperformer,1,Underperformer,1.25,25.0,125.2,v1.0,2026-05-22 04:28:50.530
ec4608a1f76453166bb312b2968aeaf4,64.57556225818935,Average Seller,2,Average Seller,3.1666666666666665,16.666666666666664,1181.75,v1.0,2026-05-22 04:28:50.530
ec5c1d94df153d473b37f880977ae58e,54.59017803239983,Underperformer,1,Underperformer,2.0,0.0,199.67,v1.0,2026-05-22 04:28:50.530
ec80e49e69745ab6c14f984bf2149423,75.65007211622546,Average Seller,2,Average Seller,3.8333333333333335,8.333333333333332,3709.0,v1.0,2026-05-22 04:28:50.530
ec8463980a4e0ea9f8517aea1ed0c419,73.88152086001709,Average Seller,2,Average Seller,5.0,50.0,239.2,v1.0,2026-05-22 04:28:50.530
ec8879960bd2221d5c32f8e12f7da711,79.46416514502187,Average Seller,2,Average Seller,4.222222222222222,16.666666666666664,4062.4,v1.0,2026-05-22 04:28:50.530
ec933281fb017b5020d06df29c3f77e8,91.77542816088797,Average Seller,2,Average Seller,5.0,0.0,1432.0,v1.0,2026-05-22 04:28:50.530
ecccfa2bb93b34a3bf033cc5d1dcdc69,58.73293779620374,Underperformer,1,Underperformer,2.466666666666667,13.333333333333334,1338.64,v1.0,2026-05-22 04:28:50.530
ececbfcff9804a2d6b40f589df8eef2b,79.74585779888412,Average Seller,2,Average Seller,4.112244897959184,9.183673469387756,6792.4,v1.0,2026-05-22 04:28:50.530
ed4311e67debd72b8610a5347a743087,85.12453942170282,Average Seller,2,Average Seller,4.48,4.0,3636.0,v1.0,2026-05-22 04:28:50.530
ed46f1eb4a638113deb2a1137b5f22e9,82.70884571267354,Average Seller,2,Average Seller,4.0,0.0,3470.0,v1.0,2026-05-22 04:28:50.530
ed49da7cadefc454d6a67de249eab240,65.1314478530415,Average Seller,2,Average Seller,3.0,0.0,43.0,v1.0,2026-05-22 04:28:50.530
ed4acab38528488b65a9a9c603ff024a,79.44330126314576,Average Seller,2,Average Seller,3.71875,0.0,12759.45,v1.0,2026-05-22 04:28:50.530
ed859002ad59dbf8cf3602696a6c3000,78.05482897427258,Average Seller,2,Average Seller,3.7142857142857144,0.0,2421.7,v1.0,2026-05-22 04:28:50.530
ed8cb7b190ceb6067227478e48cf8dde,68.82778427248567,Average Seller,2,Average Seller,3.4,6.666666666666667,573.5,v1.0,2026-05-22 04:28:50.530
ed9eef5be0992d413d251fadba1a410d,83.72837985929948,Average Seller,2,Average Seller,4.666666666666667,0.0,404.1,v1.0,2026-05-22 04:28:50.530
edb1ef5e36e0c8cd84eb3c9b003e486d,88.41060604424294,Average Seller,2,Average Seller,4.421686746987952,7.228915662650602,79284.55,v1.0,2026-05-22 04:28:50.530
edb58a1390adf273840030a3d6253829,86.01307087083721,Average Seller,2,Average Seller,5.0,0.0,39.9,v1.0,2026-05-22 04:28:50.530
edb65fe661681b1c0de8bd47c8655855,60.88375307543671,Average Seller,2,Average Seller,3.0,0.0,69.0,v1.0,2026-05-22 04:28:50.530
edc518ba25576a0188a0e8f2c3af186f,76.33564756832915,Average Seller,2,Average Seller,3.6666666666666665,0.0,1647.39,v1.0,2026-05-22 04:28:50.530
edd066cd02126d7800f9b66e980e9931,86.1740862821411,Average Seller,2,Average Seller,5.0,16.666666666666664,987.7,v1.0,2026-05-22 04:28:50.530
eddd1991bd6d9309995a480c39b95137,62.294592604839224,Underperformer,1,Underperformer,2.6666666666666665,0.0,866.0,v1.0,2026-05-22 04:28:50.530
ede0c03645598cdfc63ca8237acbe73d,65.68965303642209,Average Seller,2,Average Seller,3.5,30.434782608695656,2518.37,v1.0,2026-05-22 04:28:50.530
ede2977fbaf3738583170735ca403f6c,89.19181693894772,Average Seller,2,Average Seller,5.0,0.0,289.9,v1.0,2026-05-22 04:28:50.530
edf3fabebcc20f7463cc9c53da932ea8,40.745803268226794,Underperformer,1,Underperformer,4.0,100.0,219.9,v1.0,2026-05-22 04:28:50.530
edf96ef93ed595084bbcbd9224bd2894,75.97756752542648,Average Seller,2,Average Seller,3.88,8.0,3757.0,v1.0,2026-05-22 04:28:50.530
ee27a8f15b1dded4d213a468ba4eb391,94.22534384403829,Average Seller,2,Average Seller,5.0,0.0,6499.0,v1.0,2026-05-22 04:28:50.530
ee2fbacc2fc3794e656cc4d933d59ce7,76.95519852818055,Average Seller,2,Average Seller,4.0,0.0,464.97,v1.0,2026-05-22 04:28:50.530
eeb6de78f79159600292e314a77cbd18,88.54329153061248,Average Seller,2,Average Seller,4.445783132530121,3.614457831325301,43739.84,v1.0,2026-05-22 04:28:50.530
eebb3372362aa9a46975164bed19a7e7,50.059871703292615,Underperformer,1,Underperformer,2.2857142857142856,28.57142857142857,591.92,v1.0,2026-05-22 04:28:50.530
eec3469d83e142f9a104886655338c37,81.97326068555238,Average Seller,2,Average Seller,4.5,0.0,185.7,v1.0,2026-05-22 04:28:50.530
eed78ac17f7f795a19a709745f00cd4e,78.30205557295095,Average Seller,2,Average Seller,3.772727272727273,0.0,4349.5,v1.0,2026-05-22 04:28:50.530
ef0ace09169ac090589d85746e3e036f,85.18029530384503,Average Seller,2,Average Seller,4.372093023255814,7.751937984496124,16223.3,v1.0,2026-05-22 04:28:50.530
ef2fbc2b607d8492bcffe657a4645434,74.94615114816428,Average Seller,2,Average Seller,3.85,10.0,970.8,v1.0,2026-05-22 04:28:50.530
ef30892870c278497523264be1be2241,86.13195715459572,Average Seller,2,Average Seller,4.555555555555555,0.0,783.2,v1.0,2026-05-22 04:28:50.530
ef506c96320abeedfb894c34db06f478,79.058873665122,Average Seller,2,Average Seller,3.9166666666666665,7.716049382716049,9771.43,v1.0,2026-05-22 04:28:50.530
ef728fa1f17436c91ed1ccd03dcf9631,79.21636000354191,Average Seller,2,Average Seller,4.333333333333333,0.0,128.7,v1.0,2026-05-22 04:28:50.530
ef990a83bbea832f36ebe81376335aa8,70.8432109455824,Average Seller,2,Average Seller,3.627906976744186,20.930232558139537,4642.59,v1.0,2026-05-22 04:28:50.530
ef9952469137ff190bacafe117f51537,87.59841908203556,Average Seller,2,Average Seller,4.8,0.0,1002.66,v1.0,2026-05-22 04:28:50.530
efb628aa07c8ca93d7db0d85b91a4f5a,40.624768118323004,Underperformer,1,Underperformer,4.0,100.0,204.0,v1.0,2026-05-22 04:28:50.530
efcd8d2104f1a05d028af7bad20d974b,80.67086930562624,Average Seller,2,Average Seller,4.170212765957447,2.127659574468085,2424.78,v1.0,2026-05-22 04:28:50.530
efff9341f3f8f5237b44ff67ed36a7bf,82.17427005277314,Average Seller,2,Average Seller,4.4,0.0,872.99,v1.0,2026-05-22 04:28:50.530
f00e21b1e91a79653163b7fd8f293ff1,81.07553529665394,Average Seller,2,Average Seller,4.064516129032258,3.225806451612903,3900.09,v1.0,2026-05-22 04:28:50.530
f00f5b35d0abcacbdd863672f4bb2c1a,71.24172628532756,Average Seller,2,Average Seller,4.0,0.0,299.0,v1.0,2026-05-22 04:28:50.530
f021c962aaba8ef6eb527a9c2c8394d1,85.19293017455563,Average Seller,2,Average Seller,4.2,0.0,4398.5,v1.0,2026-05-22 04:28:50.530
f049a72cf58fd31b11f8919cade515e7,68.00394984161053,Average Seller,2,Average Seller,3.3333333333333335,0.0,138.75,v1.0,2026-05-22 04:28:50.530
f0563bacf40c311f1c4d3d6b67b8a7a7,49.48791170584278,Underperformer,1,Underperformer,1.0,0.0,1199.0,v1.0,2026-05-22 04:28:50.530
f0837c8d71434931d9e38e7b79234797,85.83439011082878,Average Seller,2,Average Seller,4.590909090909091,4.545454545454546,3446.9,v1.0,2026-05-22 04:28:50.530
f08a5b9dd6767129688d001acafc21e5,86.93121145838866,Average Seller,2,Average Seller,4.2727272727272725,0.0,14069.63,v1.0,2026-05-22 04:28:50.530
f08c008c8a8d31417763738a1788a2a8,65.8812315288233,Average Seller,2,Average Seller,3.090909090909091,13.636363636363635,1291.72,v1.0,2026-05-22 04:28:50.530
f09b760d23495ac9a7e00d29b769007c,67.07331940126761,Average Seller,2,Average Seller,4.0,0.0,21.9,v1.0,2026-05-22 04:28:50.530
f09e26011d833ddab11593c1a097a92a,45.11823774053866,Underperformer,1,Underperformer,1.0,0.0,79.9,v1.0,2026-05-22 04:28:50.530
f0b47fbbc6dee9aafe415a6e33051b3f,80.64837515642327,Average Seller,2,Average Seller,4.220588235294118,10.294117647058822,3795.91,v1.0,2026-05-22 04:28:50.530
f0e103c63864d5405b958d984b6e94c9,86.20489773497555,Average Seller,2,Average Seller,4.7272727272727275,0.0,951.7,v1.0,2026-05-22 04:28:50.530
f0ec6a2adb05c62655a26dd347b8dede,44.951746839851715,Underperformer,1,Underperformer,1.0,0.0,72.0,v1.0,2026-05-22 04:28:50.530
f0ec78809fe0bc3edb11c9fe5b97b059,73.72839773119432,Average Seller,2,Average Seller,4.0,0.0,62.6,v1.0,2026-05-22 04:28:50.530
f114dca2828bf718548db175ebe2cfcd,46.00684578569432,Underperformer,1,Underperformer,1.0,0.0,139.0,v1.0,2026-05-22 04:28:50.530
f1198c871e0171278b63f40d112caeec,80.99242586337243,Average Seller,2,Average Seller,4.5,0.0,475.8,v1.0,2026-05-22 04:28:50.530
f125f3a310c2e5f822d116147de1e474,78.21386626287068,Average Seller,2,Average Seller,4.1875,12.5,2761.4,v1.0,2026-05-22 04:28:50.530
f12d3c2a14729ae461b920c11fe20fdc,80.67259484351254,Average Seller,2,Average Seller,4.444444444444445,0.0,364.45,v1.0,2026-05-22 04:28:50.530
f12ff17ad8bbf01ec5c33b17e506649b,76.15972000857909,Average Seller,2,Average Seller,3.8275862068965516,10.344827586206897,6241.0,v1.0,2026-05-22 04:28:50.530
f18112da765e0971ca5d510dec322bdd,71.39025282354416,Average Seller,2,Average Seller,4.0,0.0,327.8,v1.0,2026-05-22 04:28:50.530
f181738b150df1f37cb0bd72e705b193,84.18591058878917,Average Seller,2,Average Seller,4.472222222222222,8.333333333333332,5529.7,v1.0,2026-05-22 04:28:50.530
f19516b9ff26bfeb091b30108db4ddbd,65.47946969687337,Underperformer,1,Underperformer,2.6,0.0,727.6,v1.0,2026-05-22 04:28:50.530
f1b854361f4e15d5851b494df66f22b2,71.44661276607913,Average Seller,2,Average Seller,3.3333333333333335,0.0,1168.8,v1.0,2026-05-22 04:28:50.530
f1b93673502375d491780bb49d615dbc,67.76539065871188,Average Seller,2,Average Seller,3.125,12.5,2638.93,v1.0,2026-05-22 04:28:50.530
f1c1ac3f3efc07e659c035008e615e66,77.71744727625317,Average Seller,2,Average Seller,3.75,0.0,2561.96,v1.0,2026-05-22 04:28:50.530
f1ce5fdecd64935c28b9ff932751d0dc,79.21304553804704,Average Seller,2,Average Seller,4.5,0.0,158.0,v1.0,2026-05-22 04:28:50.530
f1ed6bd0a9b11b581f16c851c6a5a527,83.03675506100711,Average Seller,2,Average Seller,4.470588235294118,5.88235294117647,1622.77,v1.0,2026-05-22 04:28:50.530
f1fd5ab1181f827ffad998c1a5de7d74,88.35625989590594,Average Seller,2,Average Seller,4.666666666666667,0.0,7045.99,v1.0,2026-05-22 04:28:50.530
f1fdf2d13186575751aa25876536d85c,85.35808332348438,Average Seller,2,Average Seller,5.0,0.0,26.3,v1.0,2026-05-22 04:28:50.530
f205b1a3ca9a34e0f8a228bae6e4c7b3,89.08064452623574,Average Seller,2,Average Seller,4.875,0.0,1088.0,v1.0,2026-05-22 04:28:50.530
f214d28e8d8e3ef068748498ccc2f813,78.73912722295351,Average Seller,2,Average Seller,4.092592592592593,7.4074074074074066,2212.41,v1.0,2026-05-22 04:28:50.530
f22a247b79dd22ecd91dc8e3b2a1b07c,68.1157388960259,Average Seller,2,Average Seller,4.0,25.0,439.94,v1.0,2026-05-22 04:28:50.530
f2336e113377dd21c744d9c4fc8293a9,82.25168717540795,Average Seller,2,Average Seller,4.25,0.0,3563.0,v1.0,2026-05-22 04:28:50.530
f235413f677777a0738ff215d0184901,78.05007254702026,Average Seller,2,Average Seller,3.6666666666666665,0.0,1696.7,v1.0,2026-05-22 04:28:50.530
f25e239052084705e17a982bc600ab2a,84.68129273532206,Average Seller,2,Average Seller,4.25,0.0,7380.0,v1.0,2026-05-22 04:28:50.530
f262cbc1c910c83959f849465454ddd3,81.90613949556676,Average Seller,2,Average Seller,4.125,7.291666666666667,10482.83,v1.0,2026-05-22 04:28:50.530
f266295f49a28eee21f413e0cbb0521d,79.12725210753709,Average Seller,2,Average Seller,4.5,0.0,149.8,v1.0,2026-05-22 04:28:50.530
f26d70155c2b6326fcfa1780c8c684e4,88.61597105538308,Average Seller,2,Average Seller,5.0,0.0,202.89,v1.0,2026-05-22 04:28:50.530
f27e33c6d29b5138fa9967bcd445b6d5,80.73256631529172,Average Seller,2,Average Seller,4.096774193548387,8.60215053763441,8888.3,v1.0,2026-05-22 04:28:50.530
f3041c2e75ec683697a6a5ea82192210,88.07483955010932,Average Seller,2,Average Seller,5.0,0.0,145.0,v1.0,2026-05-22 04:28:50.530
f3055483058c84d75ca2a3314fb4deef,44.84865537929004,Underperformer,1,Underperformer,1.0,0.0,67.5,v1.0,2026-05-22 04:28:50.530
f307937c1bb287c3efc2a514b94b0d1d,88.5100702456136,Average Seller,2,Average Seller,5.0,0.0,189.99,v1.0,2026-05-22 04:28:50.530
f326006815956455b2859abd58fe7e39,87.05066652776378,Average Seller,2,Average Seller,4.666666666666667,0.0,3147.16,v1.0,2026-05-22 04:28:50.530
f3295428338a40977a03f555246a70f4,70.48445869051321,Average Seller,2,Average Seller,3.5714285714285716,14.285714285714285,644.98,v1.0,2026-05-22 04:28:50.530
f3511c85f59f8dec53d140501ee8e7a8,86.90445246632441,Average Seller,2,Average Seller,5.0,0.0,69.9,v1.0,2026-05-22 04:28:50.530
f356c348fbc8df6a882823e21f5ce8b7,58.55351244630499,Underperformer,1,Underperformer,2.5,0.0,195.18,v1.0,2026-05-22 04:28:50.530
f35b3c613c4f7b2275f4185d0a3c59ec,85.45811279443029,Average Seller,2,Average Seller,4.555555555555555,11.11111111111111,4047.25,v1.0,2026-05-22 04:28:50.530
f35becee938e982bd615edf8ef12bcfb,75.11419874526264,Average Seller,2,Average Seller,4.0,0.0,148.59,v1.0,2026-05-22 04:28:50.530
f3862c2188522d89860c38a3ea8b550d,84.54222955286025,Average Seller,2,Average Seller,5.0,0.0,15.5,v1.0,2026-05-22 04:28:50.530
f3975e8a41157005d4bcbb358678cd9b,88.41224428646814,Average Seller,2,Average Seller,5.0,0.0,178.8,v1.0,2026-05-22 04:28:50.530
f3b80352b986ab4d1057a4b724be19d0,84.12976446448334,Average Seller,2,Average Seller,4.172413793103448,0.0,10505.1,v1.0,2026-05-22 04:28:50.530
f3c38ab652836d21de61fb8314b69182,81.40237250033387,Average Seller,2,Average Seller,4.266666666666667,0.0,1581.0,v1.0,2026-05-22 04:28:50.530
f3da5b2ff499efb8d4a6d371d175d7dd,75.46570438382578,Average Seller,2,Average Seller,3.7974683544303796,11.39240506329114,3702.29,v1.0,2026-05-22 04:28:50.530
f410c8873029fcc3809b9df6d0b28914,89.19125985443698,Average Seller,2,Average Seller,5.0,0.0,289.8,v1.0,2026-05-22 04:28:50.530
f419677537694f0462a91990df6ca44f,72.41686491123248,Average Seller,2,Average Seller,4.0,16.666666666666664,220.5,v1.0,2026-05-22 04:28:50.530
f41ce2e25237f9092cd8e6e7516c7a2f,83.00789859353493,Average Seller,2,Average Seller,4.296296296296297,0.0,2030.9,v1.0,2026-05-22 04:28:50.530
f435898e493ba0356019a0b1cb8b55b1,83.69640399155213,Average Seller,2,Average Seller,4.4,0.0,649.76,v1.0,2026-05-22 04:28:50.530
f43827dd686be3a4a80e00aa299990fb,53.40461192085554,Underperformer,1,Underperformer,2.0,0.0,95.54,v1.0,2026-05-22 04:28:50.530
f44b6f775a2b390380e0e30b5c9d3eee,91.13485781524047,Average Seller,2,Average Seller,4.9,0.0,2930.0,v1.0,2026-05-22 04:28:50.530
f44bdc12aa39f5271f0b95f66cd4c289,61.13037303709354,Underperformer,1,Underperformer,3.2,20.0,357.5,v1.0,2026-05-22 04:28:50.530
f45122a9ab94eb4f3f8953578bc0c560,81.34037380382443,Average Seller,2,Average Seller,3.9572192513368982,6.951871657754011,22078.29,v1.0,2026-05-22 04:28:50.530
f457c46070d02cadd8a68551231220dd,79.71000593280213,Average Seller,2,Average Seller,3.809045226130653,5.527638190954774,19093.0,v1.0,2026-05-22 04:28:50.530
f46490624488d3ff7ce78613913a7711,75.27071304391274,Average Seller,2,Average Seller,3.6626506024096384,10.843373493975903,5802.85,v1.0,2026-05-22 04:28:50.530
f4a04f7be452aa3bb31760bf00055dd0,86.74496016115192,Average Seller,2,Average Seller,4.666666666666667,0.0,1312.1,v1.0,2026-05-22 04:28:50.530
f4aba7c0bca51484c30ab7bdc34bcdd1,77.39655848404303,Average Seller,2,Average Seller,3.9272727272727272,5.454545454545454,3009.79,v1.0,2026-05-22 04:28:50.530
f4c4daa86e30c7e5a553a8d518ac03a5,76.77545420637144,Average Seller,2,Average Seller,3.7,5.0,6301.91,v1.0,2026-05-22 04:28:50.530
f4ce8ca9fa7157e3b33f536ac9a4487d,85.25023023716794,Average Seller,2,Average Seller,4.75,0.0,409.6,v1.0,2026-05-22 04:28:50.530
f4db9b37944bcb8873e6b456ee190bbf,84.03763085733299,Average Seller,2,Average Seller,4.571428571428571,9.523809523809524,3409.78,v1.0,2026-05-22 04:28:50.530
f524ad65d7e0f1daab730ef2d2e86196,18.307092982091532,Underperformer,1,Underperformer,1.0,100.0,578.0,v1.0,2026-05-22 04:28:50.530
f52c2422904463fdd7741f99045fecb6,80.94493295040411,Average Seller,2,Average Seller,4.25,0.0,567.79,v1.0,2026-05-22 04:28:50.530
f5403d3f50089112c4eed37928b7f622,46.51692742050603,Underperformer,1,Underperformer,1.0,0.0,190.8,v1.0,2026-05-22 04:28:50.530
f543ba3c973276f519d89d59bd46cead,47.00361894743361,Underperformer,1,Underperformer,1.0,0.0,258.0,v1.0,2026-05-22 04:28:50.530
f593898ec748b7a8cb81fc04edafd98a,72.46887597003261,Average Seller,2,Average Seller,3.7,15.0,2813.04,v1.0,2026-05-22 04:28:50.530
f5a590cf36251cf1162ea35bef76fe84,85.83680101906896,Average Seller,2,Average Seller,4.230769230769231,6.837606837606838,53201.78,v1.0,2026-05-22 04:28:50.530
f5b44895715ddfe3087dc414f30268f3,76.88704725282275,Average Seller,2,Average Seller,4.0,0.0,378.8,v1.0,2026-05-22 04:28:50.530
f5b84683a9bf9e1df748cf40f601b39c,87.19643290328773,Average Seller,2,Average Seller,5.0,0.0,83.9,v1.0,2026-05-22 04:28:50.530
f5f1f2c5f923f36ad79ea1d07185ddc9,69.07699162887285,Average Seller,2,Average Seller,3.25,8.333333333333332,1912.15,v1.0,2026-05-22 04:28:50.530
f5f2ab9bdb6b30c14c61be68c5ed37da,81.64416643667285,Average Seller,2,Average Seller,4.277777777777778,5.555555555555555,2134.68,v1.0,2026-05-22 04:28:50.530
f5f46307a4d15880ca14fab4ad9dfc9b,76.8762626903565,Average Seller,2,Average Seller,4.111111111111111,11.11111111111111,1422.94,v1.0,2026-05-22 04:28:50.530
f5fea3ffed6c2e889bab72705557c63a,67.28828677105841,Average Seller,2,Average Seller,3.6666666666666665,33.33333333333333,1059.9,v1.0,2026-05-22 04:28:50.530
f6122bc84774df1b372bdb3bb88ddb9f,69.73439077554826,Average Seller,2,Average Seller,3.6666666666666665,33.33333333333333,4799.87,v1.0,2026-05-22 04:28:50.530
f615fe7efbef0f4f08fd3086bc7a3e60,82.14917492541981,Average Seller,2,Average Seller,4.3478260869565215,8.695652173913043,2359.27,v1.0,2026-05-22 04:28:50.530
f61c63d13f7cd800549d5acdd390ae72,76.93474937669123,Average Seller,2,Average Seller,4.0,7.6923076923076925,3072.3,v1.0,2026-05-22 04:28:50.530
f626e15b7314c267e4429010866f70e9,72.93999379054257,Average Seller,2,Average Seller,3.8,0.0,193.55,v1.0,2026-05-22 04:28:50.530
f62d7bb4a613ec758a03342d46b580b2,85.13618786918397,Average Seller,2,Average Seller,4.375,9.375,24665.0,v1.0,2026-05-22 04:28:50.530
f63d8f293af3a6454377546bd9dd19ff,84.33713709181177,Average Seller,2,Average Seller,4.470588235294118,5.88235294117647,1751.82,v1.0,2026-05-22 04:28:50.530
f650a9708fa1bab22bdd8d3a818cc415,73.29751662848626,Average Seller,2,Average Seller,3.4,0.0,507.75,v1.0,2026-05-22 04:28:50.530
f664f98bfda2eaf266a23ff144e7a872,67.17165774090698,Average Seller,2,Average Seller,3.0,0.0,153.99,v1.0,2026-05-22 04:28:50.530
f67efa3f0b6761102a7f8c6b7b571f5d,86.82831185462328,Average Seller,2,Average Seller,4.483870967741935,0.0,5188.68,v1.0,2026-05-22 04:28:50.530
f680f85bee2d253556ac91be391d2c82,83.85908310814125,Average Seller,2,Average Seller,4.333333333333333,2.2222222222222223,5183.92,v1.0,2026-05-22 04:28:50.530
f682e0f848abafc6f41e0d4e868c66ef,52.07688308926672,Underperformer,1,Underperformer,3.5,50.0,269.98,v1.0,2026-05-22 04:28:50.530
f7315bb81aea4ddca2d39e249a801c98,80.628149892446,Average Seller,2,Average Seller,4.5,0.0,379.8,v1.0,2026-05-22 04:28:50.530
f7496d659ca9fdaf323c0aae84176632,87.36715213487862,Average Seller,2,Average Seller,4.576923076923077,3.8461538461538463,5087.57,v1.0,2026-05-22 04:28:50.530
f76a3b1349b6df1ee875d1f3fa4340f0,66.58626402213892,Average Seller,2,Average Seller,3.4583333333333335,29.166666666666668,4160.79,v1.0,2026-05-22 04:28:50.530
f7720c4fa8e3aba4546301ab80ea1f1b,79.98260370278287,Average Seller,2,Average Seller,4.2,5.0,2083.45,v1.0,2026-05-22 04:28:50.530
f783a638e9c6af4a7d0dbfde811e7a81,72.93069771743129,Average Seller,2,Average Seller,4.0,20.0,849.8,v1.0,2026-05-22 04:28:50.530
f789d2c4f2c2eb38fc4373e7a4b35264,82.02869839107113,Average Seller,2,Average Seller,4.159090909090909,4.545454545454546,4864.24,v1.0,2026-05-22 04:28:50.530
f7ba60f8c3f99e7ee4042fdef03b70c4,83.50901283918522,Average Seller,2,Average Seller,4.205479452054795,13.698630136986301,68395.0,v1.0,2026-05-22 04:28:50.530
f7c31656c19db6275a8acadca289f426,60.70168356399799,Average Seller,2,Average Seller,3.0,0.0,61.56,v1.0,2026-05-22 04:28:50.530
f7ccf836d21b2fb1de37564105216cc1,75.53975947611484,Average Seller,2,Average Seller,3.7285714285714286,7.142857142857142,2787.4,v1.0,2026-05-22 04:28:50.530
f7df46c1e0ec44eed5c6726478da4a17,47.82766713826966,Underperformer,1,Underperformer,1.0,0.0,429.7,v1.0,2026-05-22 04:28:50.530
f805b96fa705ba7995a221f1749dc141,85.4003163162369,Average Seller,2,Average Seller,4.428571428571429,0.0,2744.44,v1.0,2026-05-22 04:28:50.530
f80edd2c5aaa505cc4b0a3b219abf4b8,81.74695034903888,Average Seller,2,Average Seller,4.07563025210084,5.042016806722689,9108.2,v1.0,2026-05-22 04:28:50.530
f8201cab383e484733266d1906e2fdfa,75.80368223725789,Average Seller,2,Average Seller,4.1,10.0,889.0,v1.0,2026-05-22 04:28:50.530
f84a00e60c73a49e7e851c9bdca3a5bb,76.97123815872837,Average Seller,2,Average Seller,3.8333333333333335,10.0,5949.94,v1.0,2026-05-22 04:28:50.530
f84fa566034f5e8e880a07ec624c56af,80.42407652564545,Average Seller,2,Average Seller,4.175824175824176,9.89010989010989,5093.79,v1.0,2026-05-22 04:28:50.530
f88adb15807168d3c43d71021090ce4a,70.03601144961033,Average Seller,2,Average Seller,3.3333333333333335,0.0,488.8,v1.0,2026-05-22 04:28:50.530
f8d5c7085db9a4ad2b8c1ffbeb2798c8,89.03460039389071,Average Seller,2,Average Seller,5.0,0.0,263.0,v1.0,2026-05-22 04:28:50.530
f8db351d8c4c4c22c6835c19a46f01b0,86.00681959604391,Top Performer,0,Top Performer,4.2188905547226385,4.197901049475263,50525.6,v1.0,2026-05-22 04:28:50.530
f8e2c1b59cd4225a3e4fd0d013a76b93,88.74506961175803,Average Seller,2,Average Seller,5.0,0.0,219.8,v1.0,2026-05-22 04:28:50.530
f8f35af4634605e6693c17cc3ffff5a8,87.30885672026074,Average Seller,2,Average Seller,5.0,0.0,90.0,v1.0,2026-05-22 04:28:50.530
f90f77ef2799a27f80d90c425ca944f7,86.90673615984348,Average Seller,2,Average Seller,5.0,0.0,70.0,v1.0,2026-05-22 04:28:50.530
f918546be4bec7104d117789ba758b2b,73.1320909760394,Average Seller,2,Average Seller,3.85,15.0,1483.0,v1.0,2026-05-22 04:28:50.530
f9244d45189d3a3605499abddeade7d5,85.65754524922794,Average Seller,2,Average Seller,4.285714285714286,0.0,15731.43,v1.0,2026-05-22 04:28:50.530
f92d8c817434bd2d84d4e9c61322b7fa,83.1761596215374,Average Seller,2,Average Seller,4.6,0.0,174.84,v1.0,2026-05-22 04:28:50.530
f97e2b0650c2068227e1d366140eb62f,79.16753862750126,Average Seller,2,Average Seller,3.9375,6.25,3654.0,v1.0,2026-05-22 04:28:50.530
f9903dd0f812c7e771fcad47b6fff231,69.63872328375402,Average Seller,2,Average Seller,3.2,0.0,1684.85,v1.0,2026-05-22 04:28:50.530
f9a02f1922d1de564392e656d82b3fda,69.84766451220426,Average Seller,2,Average Seller,4.0,0.0,125.9,v1.0,2026-05-22 04:28:50.530
f9bbdd976532d50b7816d285a22bd01e,89.06500054050606,Average Seller,2,Average Seller,5.0,0.0,268.0,v1.0,2026-05-22 04:28:50.530
f9d010e39375d9c91dce3f40b73a2f84,67.00537034445061,Average Seller,2,Average Seller,3.5,25.0,1212.0,v1.0,2026-05-22 04:28:50.530
f9ec7093df3a7b346b7bcf7864069ca3,87.24468969609828,Average Seller,2,Average Seller,4.777777777777778,0.0,519.2,v1.0,2026-05-22 04:28:50.530
f9eda05b67bef472deaddbba84aca289,46.46717430222991,Underperformer,1,Underperformer,1.0,0.0,185.0,v1.0,2026-05-22 04:28:50.530
f9eedec3129e8cc6b6429c42d0808c5b,81.81220339264914,Average Seller,2,Average Seller,4.5,0.0,789.8,v1.0,2026-05-22 04:28:50.530
f9f68daa2af419d38f745478bcb3da1a,64.1083160162649,Average Seller,2,Average Seller,3.0,0.0,22.4,v1.0,2026-05-22 04:28:50.530
fa14641f57b655e933124a9ea49cd7a5,81.82703292157957,Average Seller,2,Average Seller,4.571428571428571,0.0,359.93,v1.0,2026-05-22 04:28:50.530
fa18c782a4866d313cadab567097f8f1,44.63371569899688,Underperformer,1,Underperformer,1.0,0.0,58.99,v1.0,2026-05-22 04:28:50.530
fa1a9dec3a9940c072684a46728bf1fc,82.52293532924769,Average Seller,2,Average Seller,4.054545454545455,0.0,6674.0,v1.0,2026-05-22 04:28:50.530
fa1c13f2614d7b5c4749cbc52fecda94,88.35732556781517,Top Performer,0,Top Performer,4.326495726495726,9.05982905982906,194042.03,v1.0,2026-05-22 04:28:50.530
fa3a0b5aabb344b9a92e3524b0202123,76.70728074315298,Average Seller,2,Average Seller,4.142857142857143,14.285714285714285,1789.0,v1.0,2026-05-22 04:28:50.530
fa40cc5b934574b62717c68f3d678b6d,87.04566825601859,Average Seller,2,Average Seller,4.452768729641694,5.211726384364821,16055.87,v1.0,2026-05-22 04:28:50.530
fa5fdc4e4bb6bd1009ad0e4ac4096562,88.25320361293413,Average Seller,2,Average Seller,5.0,0.0,161.99,v1.0,2026-05-22 04:28:50.530
fa74b2f3287d296e9fbd2cc80f2d1cf1,58.83341764419791,Underperformer,1,Underperformer,2.3636363636363638,18.181818181818183,2459.89,v1.0,2026-05-22 04:28:50.530
fa7ad8ae9bcb2c4493fdf38e96b1d74f,45.2728490098899,Underperformer,1,Underperformer,1.0,0.0,88.0,v1.0,2026-05-22 04:28:50.530
fa8d335d68129e464e60c1826a683e96,70.0172285357487,Average Seller,2,Average Seller,4.0,0.0,139.9,v1.0,2026-05-22 04:28:50.530
fac1a9017ade7bdc94058fc1c969f355,87.4362672818163,Average Seller,2,Average Seller,4.666666666666667,0.0,2010.84,v1.0,2026-05-22 04:28:50.530
fac35d150712afb921ec59ac5f39bb11,81.8076273216698,Average Seller,2,Average Seller,4.4,0.0,696.0,v1.0,2026-05-22 04:28:50.530
fad44952713764836814be105382aee5,84.02932914319405,Average Seller,2,Average Seller,4.28125,0.0,5129.0,v1.0,2026-05-22 04:28:50.530
fadb07c842a2aef5d5a676b85f220e71,85.99255316919535,Average Seller,2,Average Seller,4.714285714285714,0.0,398.75,v1.0,2026-05-22 04:28:50.530
fb3cfbc8a86f5d7fbb4d36b8df63f60d,80.80589250481167,Average Seller,2,Average Seller,4.2,0.0,1007.3,v1.0,2026-05-22 04:28:50.530
fb503a924a0b9db19d83dd0ac6dbef8c,84.37696231208433,Average Seller,2,Average Seller,5.0,0.0,13.9,v1.0,2026-05-22 04:28:50.530
fb8904a8ea99f8831b64ce27db2c1765,80.12414142256391,Average Seller,2,Average Seller,4.5,0.0,278.0,v1.0,2026-05-22 04:28:50.530
fb89df7f89fd1b8f03fa2acca1ba7364,75.66723274105121,Average Seller,2,Average Seller,3.8636363636363638,9.090909090909092,2220.0,v1.0,2026-05-22 04:28:50.530
fbc14c0cf93505ef89f64665ffa4a7b5,81.0271278793565,Average Seller,2,Average Seller,4.055555555555555,5.555555555555555,12227.82,v1.0,2026-05-22 04:28:50.530
fc0b214b59a83615fea981c6424a02ae,88.23229260737428,Average Seller,2,Average Seller,5.0,0.0,159.9,v1.0,2026-05-22 04:28:50.530
fc38b5dceee1a730fad8853453437fbd,80.55977669772207,Average Seller,2,Average Seller,4.6,0.0,119.2,v1.0,2026-05-22 04:28:50.530
fc4751cfe3b279c419615b9b00c1abb4,89.91552856835342,Average Seller,2,Average Seller,5.0,0.0,453.7,v1.0,2026-05-22 04:28:50.530
fc59392d66ef99377e50356ee4f3b4e1,72.93603735172452,Average Seller,2,Average Seller,3.6,0.0,519.99,v1.0,2026-05-22 04:28:50.530
fc5a0d7a310a7a41abf86a458585ff2b,58.261235864333614,Underperformer,1,Underperformer,2.5,0.0,162.8,v1.0,2026-05-22 04:28:50.530
fc6295add6f51a0936407ead70c1001d,46.23329930531504,Underperformer,1,Underperformer,1.0,0.0,160.0,v1.0,2026-05-22 04:28:50.530
fc906263ca5083d09dce42fe02247800,84.66414620373223,Average Seller,2,Average Seller,4.350877192982456,0.0,4497.7,v1.0,2026-05-22 04:28:50.530
fc908879b9ca1bd65419e54e50432d38,87.75977669772207,Average Seller,2,Average Seller,5.0,0.0,119.2,v1.0,2026-05-22 04:28:50.530
fc99f99385ae90f66f01733856fb88c9,45.30707521344735,Underperformer,1,Underperformer,1.0,0.0,89.9,v1.0,2026-05-22 04:28:50.530
fcb5ace8bcc92f75707dc0f01a27d269,78.98009301344709,Average Seller,2,Average Seller,3.870967741935484,3.225806451612903,8318.63,v1.0,2026-05-22 04:28:50.530
fcba71d4d5db057f43249145e4eb1e27,84.05492192281324,Average Seller,2,Average Seller,4.666666666666667,0.0,494.55,v1.0,2026-05-22 04:28:50.530
fcdd820084f17e9982427971e4e9d47f,77.10402243625681,Average Seller,2,Average Seller,3.9375,12.5,4783.99,v1.0,2026-05-22 04:28:50.530
fce62094ffe6a4009188ec44e681dfdd,74.95665699091485,Average Seller,2,Average Seller,4.0,25.0,2969.7,v1.0,2026-05-22 04:28:50.530
fcf16b7a8697e559f0123190bb30177d,51.277406709357344,Underperformer,1,Underperformer,3.3333333333333335,66.66666666666666,1052.8,v1.0,2026-05-22 04:28:50.530
fd312b6bf05efac6c3772d5b52205d8a,87.75302270593524,Average Seller,2,Average Seller,5.0,0.0,118.7,v1.0,2026-05-22 04:28:50.530
fd386aa7bed2af3c7035c65506c9b4a3,81.67610465773606,Average Seller,2,Average Seller,4.3478260869565215,10.144927536231885,2304.15,v1.0,2026-05-22 04:28:50.530
fd435faa3c0422b60440ea3480d0e77c,90.72637409218028,Average Seller,2,Average Seller,5.0,0.0,749.0,v1.0,2026-05-22 04:28:50.530
fdaaf5bfda82b7b80535610c831b8d09,81.33438961450953,Average Seller,2,Average Seller,4.2,10.0,2588.9,v1.0,2026-05-22 04:28:50.530
fdb9095204a334cd8872252ffec6f2db,81.89761564472451,Average Seller,2,Average Seller,4.173913043478261,6.521739130434782,8156.0,v1.0,2026-05-22 04:28:50.530
fde0cc9ea29c8ccfc0a2c22256a58c71,85.5786191618761,Average Seller,2,Average Seller,4.485714285714286,2.857142857142857,3922.0,v1.0,2026-05-22 04:28:50.530
fdf736c18c589ed030e058312203e1b2,85.56402176138067,Average Seller,2,Average Seller,5.0,0.0,30.0,v1.0,2026-05-22 04:28:50.530
fe19dce63ae80346207c6c55713d1023,86.36747941208174,Average Seller,2,Average Seller,5.0,0.0,49.9,v1.0,2026-05-22 04:28:50.530
fe1b067411b8c5066e962aa146ccee03,84.17684621563211,Average Seller,2,Average Seller,4.625,0.0,847.78,v1.0,2026-05-22 04:28:50.530
fe1bbc5feda5c8979a8a1b3b2512d5a6,70.67305238387955,Average Seller,2,Average Seller,3.888888888888889,11.11111111111111,724.72,v1.0,2026-05-22 04:28:50.530
fe2032dab1a61af8794248c8196565c9,87.03436912277375,Average Seller,2,Average Seller,4.350340136054422,8.843537414965986,65959.61,v1.0,2026-05-22 04:28:50.530
fe26f3ecb51a15e6d8335cd92da42562,79.6649548403183,Average Seller,2,Average Seller,4.428571428571429,14.285714285714285,2708.96,v1.0,2026-05-22 04:28:50.530
fe49ee029e61e789a1f3a5525f57ba8d,79.8720424516,Average Seller,2,Average Seller,4.0588235294117645,5.88235294117647,2527.59,v1.0,2026-05-22 04:28:50.530
fe4cd9461203cee790d36792420b310f,75.00907104686101,Average Seller,2,Average Seller,4.0,0.0,391.15,v1.0,2026-05-22 04:28:50.530
fe701d88b67eaca109dffd464d1be9f9,77.53885460463857,Average Seller,2,Average Seller,4.0,9.090909090909092,1548.9,v1.0,2026-05-22 04:28:50.530
fe8055980a4ff7f64ed889c2b5926929,82.56601797213389,Average Seller,2,Average Seller,4.666666666666667,0.0,196.7,v1.0,2026-05-22 04:28:50.530
fe87f472055fbcf1d7e691c00b1560dc,78.99403458858345,Average Seller,2,Average Seller,4.5,16.666666666666664,1085.8,v1.0,2026-05-22 04:28:50.530
fe9d9cf8631285d5982c6e2cf27fb114,68.90445246632443,Average Seller,2,Average Seller,4.0,0.0,69.9,v1.0,2026-05-22 04:28:50.530
feb793c88d836c3a75efa4b5a3465d70,89.95877611239025,Average Seller,2,Average Seller,5.0,0.0,466.0,v1.0,2026-05-22 04:28:50.530
febab0275244b9a49a623f0bd613ca2f,84.82952128068976,Average Seller,2,Average Seller,4.376146788990826,3.669724770642202,7272.42,v1.0,2026-05-22 04:28:50.530
fec6275253471ace26d209bbaa64cd0f,88.2176585618663,Average Seller,2,Average Seller,4.555555555555555,0.0,2840.0,v1.0,2026-05-22 04:28:50.530
fec6912baad85d41729669edd6b4d3b8,46.67151021401303,Underperformer,1,Underperformer,1.0,0.0,210.0,v1.0,2026-05-22 04:28:50.530
fec8cd45395b3cb0c2b173d7739706a1,74.0937475489299,Average Seller,2,Average Seller,3.75,0.0,1280.0,v1.0,2026-05-22 04:28:50.530
fedaedd3ca31d56ab33e92035e4b361c,68.01307087083723,Average Seller,2,Average Seller,4.0,0.0,39.9,v1.0,2026-05-22 04:28:50.530
fedf2c1386e137f296b3bbf3b635e69d,70.92056570684457,Average Seller,2,Average Seller,3.5,0.0,131.74,v1.0,2026-05-22 04:28:50.530
ff063b022a9a0aab91bad2c9088760b7,84.4419415546085,Average Seller,2,Average Seller,4.276595744680851,3.1914893617021276,12076.5,v1.0,2026-05-22 04:28:50.530
ff1e15b778c700abdd4d239b81ac466d,82.05438597957438,Average Seller,2,Average Seller,4.571428571428571,0.0,414.3,v1.0,2026-05-22 04:28:50.530
ff1fb4c404b2efe68b03350a8dc24122,78.03089651438346,Average Seller,2,Average Seller,4.0,13.043478260869565,6771.0,v1.0,2026-05-22 04:28:50.530
ff314fa6033cc68ec451c47aee2d6ba4,90.19080149218756,Average Seller,2,Average Seller,5.0,0.0,537.9,v1.0,2026-05-22 04:28:50.530
ff4e2d38692ce827b1a4f4b8196e680d,80.67809844320288,Average Seller,2,Average Seller,4.2727272727272725,0.0,518.9,v1.0,2026-05-22 04:28:50.530
ff4ea69c2a729e83e63c7579e4ef8170,85.01624728417461,Average Seller,2,Average Seller,4.111111111111111,0.0,7017.0,v1.0,2026-05-22 04:28:50.530
ff69aa92bb6b1bf9b8b7a51c2ed9cf8b,74.8965627673187,Average Seller,2,Average Seller,3.65,20.0,21940.8,v1.0,2026-05-22 04:28:50.530
ff82e8873fba613f2261a9acc896fd84,68.33098029057903,Average Seller,2,Average Seller,3.5,0.0,124.6,v1.0,2026-05-22 04:28:50.530
ffa6adafb71b807dc13159e26431354c,76.89539924882484,Average Seller,2,Average Seller,3.7777777777777777,0.0,2669.9,v1.0,2026-05-22 04:28:50.530
ffad1e7127fb622cb64a900751590acd,87.39510302796984,Average Seller,2,Average Seller,4.8,0.0,884.3,v1.0,2026-05-22 04:28:50.530
ffc470761de7d0232558ba5e786e57b7,82.57533439887551,Average Seller,2,Average Seller,4.357142857142857,3.571428571428571,1649.01,v1.0,2026-05-22 04:28:50.530
ffcfefa19b08742c5d315f2791395ee5,44.904452466324415,Underperformer,1,Underperformer,1.0,0.0,69.9,v1.0,2026-05-22 04:28:50.530
ffdd9f82b9a447f6f8d4b91554cc7dd3,83.72967601470424,Average Seller,2,Average Seller,4.333333333333333,0.0,2101.2,v1.0,2026-05-22 04:28:50.530
ffeee66ac5d5a62fe688b9d26f83f534,78.03839080052138,Average Seller,2,Average Seller,4.214285714285714,14.285714285714285,1839.86,v1.0,2026-05-22 04:28:50.530
fffd5413c0700ac820c7069d66d98c89,77.69730875904102,Average Seller,2,Average Seller,3.8666666666666667,11.666666666666666,9062.3,v1.0,2026-05-22 04:28:50.530
ffff564a4f9085cd26170f4732393726,60.56897036985778,Underperformer,1,Underperformer,2.1,0.0,1426.3,v1.0,2026-05-22 04:28:50.530
UNKNOWN,30.0,Underperformer,1,Underperformer,0.0,0.0,0.0,v1.0,2026-05-22 04:28:50.530
