seller_id,seller_city,seller_state,total_orders_fulfilled,total_revenue,avg_order_value,total_items_sold,total_distinct_products_sold,total_distinct_customers_served,total_freight_value,avg_days_to_deliver,avg_days_to_approve,pct_late_deliveries,total_late_orders,avg_review_score,total_reviews_received,pct_1star_reviews,pct_5star_reviews,distinct_categories_sold,top_category,was_acquired_via_mql,mql_origin,business_type,lead_type,lead_behaviour_profile,average_stock,declared_monthly_revenue,declared_product_catalog_size,has_company,has_gtin,days_to_close_deal
0015a82c2db000af6aaaf3ae2ecb0532,SANTO ANDRE,SP,3,2685.0,895.0,3,1,3,63.06,7.333333333333333,0.3333333333333333,0.0,0,3.6666666666666665,3,33.33333333333333,66.66666666666666,1,Small Appliances,0,,,,,,,,,,
001cca7ae9ae17fb1caed9dfb1094831,CARIACICA,ES,200,25080.03,125.40015,239,11,200,8854.14,10.835897435897436,0.51,6.0,12,3.95,200,13.0,52.0,2,Garden Tools,0,,,,,,,,,,
001e6ad469a905060d959994f1b41e4f,SAO GONCALO,RJ,1,250.0,250.0,1,1,1,17.94,,0.0,0.0,0,1.0,1,100.0,0.0,1,Sports Leisure,0,,,,,,,,,,
002100f778ceb8431b7a1020ff7ab48f,FRANCA,SP,51,1234.5,24.205882,55,24,51,793.66,11.9,1.1176470588235294,17.647058823529413,9,3.9019607843137254,51,13.725490196078432,52.94117647058824,1,Furniture Decor,0,,,,,,,,,,
003554e2dce176b5555353e4f3555ac8,GOIANIA,GO,1,120.0,120.0,1,1,1,19.38,4.0,0.0,0.0,0,5.0,1,0.0,100.0,1,Not Specified,0,,,,,,,,,,
004c9cd9d87a3c30c522c48c4fc07416,IBITINGA,SP,158,19712.71,124.763987,170,88,157,3551.23,13.08974358974359,0.45222929936305734,6.329113924050633,10,4.082278481012659,158,9.49367088607595,58.22784810126582,2,Bed Bath Table,0,,,,,,,,,,
00720abe85ba0859807595bbf045a33b,GUARULHOS,SP,13,1007.5,77.5,26,9,12,315.98,8.0,0.3076923076923077,15.384615384615385,2,3.6153846153846154,13,23.076923076923077,46.15384615384615,1,Housewares,0,,,,,,,,,,
00ab3eff1b5192e5f1a63bcecfee11c8,SAO PAULO,SP,1,98.0,98.0,1,1,1,12.08,5.0,0.0,0.0,0,5.0,1,0.0,100.0,1,Health Beauty,0,,,,,,,,,,
00d8b143d12632bad99c0ad66ad52825,BELO HORIZONTE,MG,1,86.0,86.0,1,1,1,51.1,5.0,0.0,0.0,0,5.0,1,0.0,100.0,1,Fashion Bags Accessories,0,,,,,,,,,,
00ee68308b45bc5e2660cd833c3f81cc,SAO PAULO,SP,135,20260.0,150.074074,172,23,134,3180.66,7.644444444444445,0.48148148148148145,7.4074074074074066,10,4.303703703703704,135,8.148148148148149,66.66666666666666,2,Bed Bath Table,0,,,,,,,,,,
00fc707aaaad2d31347cf883cd2dfe10,MARINGA,PR,103,12684.9,123.154368,135,19,102,2285.09,12.184466019417476,0.5242718446601942,3.8834951456310676,4,4.048543689320389,103,13.592233009708737,56.310679611650485,1,Computers Accessories,0,,,,,,,,,,
010543a62bd80aa422851e79a3bc7540,SAO PAULO,SP,2,1416.0,708.0,2,1,2,31.95,5.5,0.5,0.0,0,4.5,2,0.0,50.0,1,Computers Accessories,0,,,,,,,,,,
010da0602d7774602cd1b3f5fb7b709e,SAO BERNARDO DO CAMPO,SP,1,849.5,849.5,5,1,1,230.25,4.0,1.0,0.0,0,1.0,1,100.0,0.0,1,Kitchen Dining Laundry Garden Furniture,0,,,,,,,,,,
011b0eaba87386a2ae96a7d32bb531d1,POMPEIA,SP,1,99.98,99.98,2,1,1,29.18,10.0,1.0,0.0,0,4.0,1,0.0,0.0,1,Health Beauty,0,,,,,,,,,,
01266d4c46afa519678d16a8b683d325,CURITIBA,PR,3,90.25,30.083333,3,3,3,47.23,4.666666666666667,0.6666666666666666,0.0,0,5.0,3,0.0,100.0,1,Costruction Tools Tools,1,Other,Reseller,Online Small,Cat,Not Specified,0.0,0.0,0.0,0.0,11.0
013900e863eace745d3ec7614cab5b1a,CURITIBA,PR,23,1619.7,70.421739,26,19,23,469.67,8.91304347826087,0.13043478260869565,0.0,0,4.695652173913044,23,0.0,82.6086956521739,3,Fashion Shoes,0,,,,,,,,,,
014c0679dd340a0e338872e7ec85666a,TIMOTEO,MG,14,7058.0,504.142857,15,10,14,628.31,14.142857142857142,0.21428571428571427,14.285714285714285,2,3.857142857142857,14,14.285714285714285,50.0,3,Kitchen Dining Laundry Garden Furniture,0,,,,,,,,,,
014d9a685fd57276679edd00e07089e5,MARINGA,PR,11,729.88,66.352727,12,3,11,146.93,6.818181818181818,0.2727272727272727,0.0,0,3.727272727272727,11,18.181818181818183,45.45454545454545,2,Stationery,0,,,,,,,,,,
0176f73cc1195f367f7b32db1e5b3aa8,IBITINGA,SP,38,4733.1,124.555263,39,18,38,1287.01,11.0,0.47368421052631576,10.526315789473683,4,4.078947368421052,38,10.526315789473683,60.526315789473685,1,Bed Bath Table,0,,,,,,,,,,
01bcc9d254a0143f0ce9791b960b2a47,URUACU,GO,11,1521.21,138.291818,11,3,11,277.66,11.2,0.7272727272727273,0.0,0,4.090909090909091,11,9.090909090909092,45.45454545454545,1,Health Beauty,0,,,,,,,,,,
01c97ebb5cdac52891c0ed1c37ba0012,CATANDUVA,SP,9,577.5,64.166666,12,3,9,178.5,12.555555555555555,0.5555555555555556,0.0,0,4.222222222222222,9,0.0,55.55555555555556,1,Computers Accessories,0,,,,,,,,,,
01cf7e3d21494c41fb86034f2e714fa1,FRANCISCO BELTRAO,PR,61,9729.36,159.497704,67,21,61,2008.82,8.983050847457626,0.5081967213114754,4.918032786885246,3,4.163934426229508,61,11.475409836065573,59.01639344262295,9,Air Conditioning,0,,,,,,,,,,
01ed254b9ff8407dfb9d99ba1e17d923,MOGI DAS CRUZES,SP,5,1465.99,293.198,5,2,5,67.72,5.0,0.6,0.0,0,5.0,5,0.0,100.0,1,Watches Gifts,0,,,,,,,,,,
01fd077212124329bac32490e8ef80d9,RIBEIRAO PRETO / SAO PAULO,SP,31,1208.0,38.967741,39,12,31,575.36,6.548387096774194,0.5161290322580645,3.225806451612903,1,4.161290322580645,31,9.67741935483871,61.29032258064516,7,Health Beauty,1,Other,Reseller,Online Medium,Cat,Not Specified,0.0,0.0,0.0,0.0,0.0
01fdefa7697d26ad920e9e0346d4bd1b,LONDRINA,PR,129,14921.43,115.67,131,21,129,2768.64,8.90625,0.4728682170542636,5.426356589147287,7,4.3565891472868215,129,6.2015503875969,63.565891472868216,1,Health Beauty,0,,,,,,,,,,
0241d4d5d36f10f80c644447315af0bd,CURITIBA,PR,238,31397.7,131.923109,246,56,235,6853.91,8.77310924369748,0.5462184873949579,4.621848739495799,11,4.348739495798319,238,7.142857142857142,68.0672268907563,1,Furniture Decor,0,,,,,,,,,,
0249d282d911d23cb8b869ab49c99f53,SAO PAULO,SP,11,393.0,35.727272,11,4,11,138.88,5.7272727272727275,0.36363636363636365,18.181818181818183,2,4.2727272727272725,11,0.0,72.72727272727273,1,Sports Leisure,0,,,,,,,,,,
024b564ae893ce8e9bfa02c10a401ece,SAO PAULO,SP,2,706.4,353.2,8,2,2,212.0,7.0,1.0,0.0,0,4.5,2,0.0,50.0,2,Market Place,0,,,,,,,,,,
028872bfa080090a9d0abd4f1af168f8,RIBEIRAO DAS NEVES,MG,1,70.5,70.5,3,1,1,47.37,12.0,0.0,0.0,0,5.0,1,0.0,100.0,1,Not Specified,0,,,,,,,,,,
02a2272692e13558373c66db98f05e2e,RIO DE JANEIRO,RJ,2,54.98,27.49,2,2,2,38.87,,0.0,0.0,0,3.0,2,50.0,50.0,1,Telephony,0,,,,,,,,,,
02b72cdeb9cfcc429f1af6f4e3f3b737,IBITINGA,SP,4,522.65,130.6625,4,3,4,225.99,10.75,0.75,0.0,0,4.75,4,0.0,75.0,1,Baby,0,,,,,,,,,,
02c988090b766852e088c69d7fb3b551,AMERICANA,SP,13,1618.65,124.511538,17,11,13,218.3,7.666666666666667,0.38461538461538464,0.0,0,4.461538461538462,13,7.6923076923076925,76.92307692307693,2,Signaling And Security,0,,,,,,,,,,
02d35243ea2e497335cd0f076b45675d,NATAL,RN,14,5794.0,413.857142,16,3,14,605.95,15.785714285714286,0.5714285714285714,28.57142857142857,4,2.642857142857143,14,42.857142857142854,14.285714285714285,1,Furniture Decor,0,,,,,,,,,,
02dcd3e8e25bee036e32512bcf175493,CONTAGEM,MG,14,1491.9,106.564285,17,7,12,312.17,12.538461538461538,1.0714285714285714,28.57142857142857,4,3.857142857142857,14,28.57142857142857,71.42857142857143,1,Stationery,0,,,,,,,,,,
02ecc2a19303f05e59ce133fd923fff7,SANTO ANDRE,SP,21,5264.19,250.675714,24,17,21,478.21,7.0,0.8571428571428571,0.0,0,4.619047619047619,21,0.0,80.95238095238095,3,Garden Tools,0,,,,,,,,,,
02f5837340d7eb4f653d676c7256523a,CURITIBA,PR,30,3883.05,129.435,30,3,30,580.83,7.166666666666667,0.3333333333333333,3.3333333333333335,1,4.833333333333333,30,3.3333333333333335,93.33333333333333,1,Luggage Accessories,0,,,,,,,,,,
02f623a8eb246f3c5f7c2f96462654e6,BOTUCATU,SP,44,6378.0,144.954545,44,23,44,829.63,7.136363636363637,0.5454545454545454,6.8181818181818175,3,4.568181818181818,44,4.545454545454546,75.0,2,Sports Leisure,1,Organic Search,Reseller,Online Medium,Eagle,Not Specified,0.0,0.0,0.0,0.0,2.0
0307f7565ff85b299b6e5ef162b1b1a9,SAO JOSE DO RIO PRETO,SP,7,4728.8,675.542857,7,6,7,274.77,8.166666666666666,0.42857142857142855,0.0,0,3.142857142857143,7,28.57142857142857,42.857142857142854,3,Cool Stuff,0,,,,,,,,,,
0336182e1b3e92f029d5354832045fdf,IBITINGA,SP,1,29.8,29.8,2,2,1,17.57,3.0,1.0,0.0,0,2.0,1,0.0,0.0,1,Furniture Decor,0,,,,,,,,,,
034b9387752bfa309f350a70cd45ffa3,BLUMENAU,SC,8,96.0,12.0,8,2,8,144.26,6.25,0.75,0.0,0,4.5,8,0.0,50.0,1,Toys,0,,,,,,,,,,
038b75b729c8a9a04b0d07cba7eabe86,SAO JOSE DOS CAMPOS,SP,2,467.0,233.5,2,1,2,90.85,17.5,3.0,50.0,1,3.5,2,0.0,0.0,1,Housewares,0,,,,,,,,,,
039b29ff3b3473435d0cd59040575de9,RIBEIRAO PIRES,SP,9,114.9,12.766666,9,7,9,100.65,4.555555555555555,0.2222222222222222,0.0,0,4.444444444444445,9,0.0,66.66666666666666,2,Music,0,,,,,,,,,,
039e6ad9dae79614493083e241147386,SAO PAULO,SP,5,12925.0,2585.0,5,4,5,348.42,10.4,0.4,20.0,1,4.0,5,20.0,60.0,1,Garden Tools,0,,,,,,,,,,
03a2a6dcbe45d639c4dc2a0d24769c40,MAUA,SP,9,1078.41,119.823333,9,7,9,172.25,8.555555555555555,0.3333333333333333,11.11111111111111,1,4.111111111111111,9,11.11111111111111,55.55555555555556,1,Garden Tools,1,Social,Reseller,Not Specified,Not Specified,Not Specified,0.0,0.0,0.0,0.0,4.0
03bd479e1d9484cdb14104d3023f7321,UBERLANDIA,MG,3,359.7,119.9,3,3,3,57.72,15.0,0.3333333333333333,0.0,0,4.333333333333333,3,0.0,66.66666666666666,1,Auto,0,,,,,,,,,,
0417b067eeab773d2f7061a726dc477f,SAO BENTO DO SUL,SC,13,1859.18,143.013846,13,11,13,642.57,15.461538461538462,0.5384615384615384,23.076923076923077,3,3.923076923076923,13,23.076923076923077,61.53846153846154,1,Auto,0,,,,,,,,,,
042573af89b6d931f672efaf789d8358,SOROCABA,SP,3,413.48,137.826666,3,3,3,65.09,18.0,0.3333333333333333,33.33333333333333,1,3.6666666666666665,3,33.33333333333333,66.66666666666666,2,Small Appliances,0,,,,,,,,,,
04308b1ee57b6625f47df1d56f00eedf,BOMBINHAS,SC,94,60130.6,639.687234,94,20,94,3054.39,12.478260869565217,0.6276595744680851,7.446808510638298,7,3.882978723404255,94,18.085106382978726,55.319148936170215,1,Health Beauty,0,,,,,,,,,,
0432ead42b6c8a0bdf68154add917fdf,MAUA,SP,85,7792.1,91.671764,90,56,85,1207.52,7.2560975609756095,0.38823529411764707,2.3529411764705883,2,4.458823529411765,85,8.235294117647058,75.29411764705883,3,Toys,0,,,,,,,,,,
044668ccd5316b12a7cf0d54a156e3e9,OSASCO,SP,3,137.8,45.933333,4,1,3,53.55,6.0,0.0,0.0,0,5.0,3,0.0,100.0,1,Food,1,Other,Reseller,Offline,Not Specified,Not Specified,0.0,0.0,0.0,0.0,8.0
04843805947f0fc584fc1969b6e50fe7,IVOTI,RS,1,1400.0,1400.0,2,1,1,74.76,6.0,0.0,0.0,0,5.0,1,0.0,100.0,1,Bed Bath Table,1,Social,Manufacturer,Online Big,Cat,Not Specified,0.0,0.0,0.0,0.0,23.0
048c2757535328e0d7dac690ad3c0aae,FRANCA,SP,51,9264.78,181.662352,51,20,50,1286.28,15.6,0.5294117647058824,11.76470588235294,6,4.117647058823529,51,11.76470588235294,62.745098039215684,1,Fashion Shoes,0,,,,,,,,,,
04aa0a1c5ce6b222003403a3e11c3cc0,COSMOPOLIS,SP,11,5518.0,501.636363,17,8,11,821.51,13.272727272727273,0.5454545454545454,18.181818181818183,2,4.090909090909091,11,18.181818181818183,63.63636363636363,2,Auto,0,,,,,,,,,,
04aba03279157f6d4e0fe8ccaf21963c,SANTO ANTONIO DE PADUA,RJ,16,2575.9,160.99375,16,12,16,346.43,8.0,0.375,6.25,1,4.3125,16,6.25,62.5,1,Health Beauty,0,,,,,,,,,,
04e38a233f726ef161074ab1c9b0399a,SAO PAULO,SP,23,1352.2,58.791304,28,11,23,459.07,6.421052631578948,0.6956521739130435,4.3478260869565215,1,3.652173913043478,23,17.391304347826086,39.130434782608695,3,Sports Leisure,0,,,,,,,,,,
04ee0ec01589969663ba5967c0e0bdc0,LAJEADO,RS,1,289.49,289.49,1,1,1,24.83,3.0,0.0,0.0,0,5.0,1,0.0,100.0,1,Arts And Craftmanship,0,,,,,,,,,,
04fdea0c111866e6cf812f1570d6b5bd,SAO PAULO,SP,10,1055.0,105.5,10,2,10,206.95,13.0,0.6,10.0,1,3.2,10,20.0,30.0,2,Computers Accessories,0,,,,,,,,,,
0509040ea3fe50071181bbc359eb7738,BELO HORIZONTE,MG,89,3737.95,41.999438,98,34,88,1445.15,9.551724137931034,0.4157303370786517,4.49438202247191,4,4.49438202247191,89,1.1235955056179776,64.04494382022472,3,Sports Leisure,0,,,,,,,,,,
052577151711aec5c744fe12e66db3e1,RODEIO,SC,4,2748.0,687.0,4,1,4,222.42,8.0,0.25,0.0,0,2.25,4,50.0,25.0,1,Small Appliances,0,,,,,,,,,,
054694fa03fe82cec4b7551487331d74,ITAJOBI,SP,21,9983.1,475.385714,22,15,21,720.65,20.45,1.0,28.57142857142857,6,3.4761904761904763,21,23.809523809523807,42.857142857142854,4,Small Appliances,0,,,,,,,,,,
056b4ada5bbc2c50cc7842547dda6b51,QUEIMADOS,RJ,65,12333.39,189.744461,66,23,65,1306.02,10.5625,0.49230769230769234,10.76923076923077,7,4.123076923076923,65,13.846153846153847,58.46153846153847,2,Watches Gifts,0,,,,,,,,,,
0570350b23eda5444f8d1d9544932058,SAO PAULO,SP,6,626.9,104.483333,11,3,6,124.86,3.6666666666666665,0.0,0.0,0,5.0,6,0.0,100.0,2,Perfumery,0,,,,,,,,,,
05730013efda596306417c3b09302475,CRICIUMA,SC,4,952.0,238.0,4,4,4,216.67,6.25,1.0,0.0,0,5.0,4,0.0,100.0,2,Furniture Decor,0,,,,,,,,,,
058cb5aeb36d7c0fcae20fc85d5e0a59,RIO DE JANEIRO,RJ,12,1328.0,110.666666,13,8,11,779.42,6.181818181818182,0.75,8.333333333333332,1,3.5833333333333335,12,25.0,33.33333333333333,1,Luggage Accessories,0,,,,,,,,,,
058fd0aa2bfdb2274e05e1ae971dabb6,SANTO ANDRE,SP,61,7667.9,125.703278,64,11,60,887.9,8.25,0.39344262295081966,6.557377049180328,4,4.377049180327869,61,8.19672131147541,72.1311475409836,2,Perfumery,0,,,,,,,,,,
05a48cc8859962767935ab9087417fbb,SAO PAULO,SP,1,42.9,42.9,1,1,1,16.49,5.0,0.0,0.0,0,5.0,1,0.0,100.0,1,Garden Tools,1,Other,Reseller,Not Specified,Cat,Not Specified,0.0,0.0,0.0,0.0,9.0
05a940b4ecae36cadfd8e93bd9c43257,GOIANIA,GO,10,952.0,95.2,10,9,10,196.94,10.666666666666666,0.4,0.0,0,3.9,10,20.0,50.0,3,Cool Stuff,0,,,,,,,,,,
05aebce0b5c8f0d41b29b686f2d05fd3,SAO PAULO,SP,2,74.99,37.495,2,2,2,45.89,2.5,2.5,0.0,0,5.0,2,0.0,100.0,2,Garden Tools,0,,,,,,,,,,
05ca864204d09595ae591b93ea9cf93d,BARUERI,SP,1,179.9,179.9,1,1,1,8.52,1.0,1.0,0.0,0,5.0,1,0.0,100.0,1,Consoles Games,0,,,,,,,,,,
05d2173d43ea568aa0540eba70d2ca76,ALFENAS,MG,62,5759.66,92.897741,66,48,61,1679.27,12.290322580645162,0.7419354838709677,4.838709677419355,3,4.080645161290323,62,11.29032258064516,54.83870967741935,3,Auto,0,,,,,,,,,,
05e107217c7266362fd44b75b2cd4cc4,SAO PAULO - SP,SP,5,193.38,38.676,8,3,5,82.01,5.8,0.6,20.0,1,4.2,5,0.0,40.0,1,Stationery,1,Organic Search,Reseller,Online Medium,Wolf,Not Specified,0.0,0.0,0.0,0.0,49.0
05f51e13da97139648b8125c31e5f51b,BELO HORIZONTE,MG,60,13769.01,229.4835,63,21,60,2019.29,7.368421052631579,0.23333333333333334,15.0,9,4.066666666666666,60,18.333333333333332,61.66666666666667,3,Baby,0,,,,,,,,,,
05feb94f19d094d4b0f9281f0b1d4c99,MOGI DAS CRUZES,SP,6,9353.0,1558.833333,6,2,6,697.04,13.666666666666666,0.16666666666666666,0.0,0,4.5,6,0.0,50.0,2,Garden Tools,0,,,,,,,,,,
05ff92fedb5be47920fea08e501238b9,SANTO ANGELO,RS,59,21992.78,372.758983,62,16,58,1815.39,9.666666666666666,0.4745762711864407,3.389830508474576,2,4.237288135593221,59,6.779661016949152,62.71186440677966,4,Cool Stuff,0,,,,,,,,,,
062c325cd6a2b87845fab56b4ec2eeae,SAO PAULO,SP,2,133.22,66.61,2,2,2,23.86,3.5,0.0,0.0,0,5.0,2,0.0,100.0,2,Baby,0,,,,,,,,,,
062ce95fa2ad4dfaedfc79260130565f,LAJEADO,RS,55,7521.0,136.745454,60,14,55,1200.44,7.685185185185185,0.5272727272727272,3.6363636363636362,2,4.036363636363636,55,10.909090909090908,52.72727272727272,5,Furniture Decor,0,,,,,,,,,,
06532f10282704ef4c69168b914b77be,PAINCANDU,PR,8,10220.5,1277.5625,9,8,8,698.24,13.857142857142858,0.625,0.0,0,4.25,8,12.5,62.5,2,Garden Tools,0,,,,,,,,,,
06579cb253ecd5a3a12a9e6eb6bf8f47,SAO PAULO - SP,SP,62,4727.2,76.245161,72,11,60,1499.41,7.672131147540983,0.43548387096774194,6.451612903225806,4,4.080645161290323,62,11.29032258064516,56.451612903225815,3,Housewares,0,,,,,,,,,,
066a6914e1ebf3ea95a216c73a986b91,FOZ DO IGUACU,PR,68,9410.38,138.387941,74,44,68,1705.57,10.015151515151516,0.2647058823529412,2.941176470588235,2,4.044117647058823,68,8.823529411764707,48.529411764705884,7,Sports Leisure,0,,,,,,,,,,
0691148aee60ca47977c187804f935ae,LONDRINA,PR,47,5868.51,124.861914,53,37,47,1490.94,9.319148936170214,0.3617021276595745,2.127659574468085,1,4.170212765957447,47,10.638297872340425,61.702127659574465,6,Sports Leisure,0,,,,,,,,,,
0692610d8abe24f287e9fae90ea0bbee,SAO PAULO,SP,4,173.99,43.4975,4,3,4,31.73,1.75,0.5,25.0,1,4.0,4,0.0,25.0,2,Computers Accessories,0,,,,,,,,,,
06a2c3af7b3aee5d69171b0e14f0ee87,SAO LUIS,MA,392,36408.95,92.879974,405,44,388,12141.29,12.724935732647815,0.5051020408163265,18.877551020408163,74,3.9693877551020407,392,14.540816326530612,54.08163265306123,1,Health Beauty,0,,,,,,,,,,
06bb3a2fe5e7b7a845b13e8fb91bd944,BELO HORIZONTE,MG,17,1536.19,90.364117,18,14,17,326.14,7.294117647058823,0.5294117647058824,0.0,0,4.588235294117647,17,0.0,64.70588235294117,1,Health Beauty,0,,,,,,,,,,
06df0c10d34e459d9672bc77388742eb,MARINGA,PR,26,9070.0,348.846153,30,1,26,525.77,8.76923076923077,0.15384615384615385,3.8461538461538463,1,4.346153846153846,26,7.6923076923076925,65.38461538461539,1,Sports Leisure,0,,,,,,,,,,
06e5eefc71ec47ae763c5c6f8db7064f,PORTO ALEGRE,RS,92,22188.56,241.18,95,35,92,2193.28,8.433333333333334,0.5217391304347826,0.0,0,3.891304347826087,92,11.956521739130435,44.565217391304344,6,Computers Accessories,0,,,,,,,,,,
07017df32dc5f2f1d2801e579548d620,JOAO PESSOA,PB,8,946.49,118.31125,9,3,8,181.75,7.75,0.625,0.0,0,4.0,8,12.5,62.5,2,Telephony,0,,,,,,,,,,
070d165398b553f3b4b851c216b8a358,SAO PAULO,SP,32,3393.16,106.03625,39,11,31,1003.59,7.903225806451613,0.59375,12.5,4,3.25,32,28.125,37.5,1,Pet Shop,0,,,,,,,,,,
0725b8c0f3f906e58f70cbe76b7c748c,GUARULHOS,SP,17,2190.3,128.841176,37,15,16,715.69,7.4375,0.7647058823529411,23.52941176470588,4,3.411764705882353,17,29.411764705882355,52.94117647058824,5,Housewares,0,,,,,,,,,,
0743a0239d764b9a0f959a57d07e36ab,SAO PAULO,SP,4,336.96,84.24,4,2,4,66.26,3.5,0.0,0.0,0,4.75,4,0.0,75.0,2,Food,0,,,,,,,,,,
0747d5bb69f0586cc869d8af4c50f93e,SAQUAREMA,RJ,14,346.6,24.757142,15,10,14,208.89,8.5,0.5714285714285714,7.142857142857142,1,3.357142857142857,14,28.57142857142857,42.857142857142854,2,Perfumery,0,,,,,,,,,,
0761743cbffb25d7148189e9f1a5f03a,RIBEIRAO PRETO,SP,3,241.2,80.4,7,3,3,86.2,10.0,0.6666666666666666,0.0,0,4.666666666666667,3,0.0,66.66666666666666,2,Health Beauty,0,,,,,,,,,,
077c5fae4bea9500e3737b16f71b9d3a,SOROCABA,SP,4,106.8,26.7,6,3,4,70.44,3.75,0.75,0.0,0,4.5,4,0.0,75.0,1,Housewares,0,,,,,,,,,,
0791d9fc1e30678ecf03d3e55fa108d3,BELO HORIZONTE,MG,5,842.0,168.4,11,5,5,186.99,5.8,0.4,0.0,0,4.0,5,20.0,60.0,1,Housewares,0,,,,,,,,,,
079d295dcbf06ee8bb1b65ba964eb2b6,SAO PAULO,SP,5,349.3,69.86,10,3,5,190.79,7.0,0.4,0.0,0,4.6,5,0.0,60.0,1,Construction Tools Construction,0,,,,,,,,,,
07a9bc7f61396b658ddf3ac534efe44c,SAO PAULO,SP,1,119.9,119.9,1,1,1,15.59,5.0,0.0,0.0,0,3.0,1,0.0,0.0,1,Toys,0,,,,,,,,,,
07bf9669d84d1f11be443a9dd938f698,SAO PAULO,SP,18,1776.0,98.666666,24,11,18,646.22,6.333333333333333,0.3888888888888889,0.0,0,3.7222222222222223,18,22.22222222222222,50.0,2,Kitchen Dining Laundry Garden Furniture,0,,,,,,,,,,
07d75e33f2750d97d467fb57e4dfdd8a,SAO PAULO,SP,2,722.4,361.2,2,2,2,37.19,6.0,1.0,0.0,0,2.5,2,50.0,0.0,2,Computers Accessories,0,,,,,,,,,,
07de60b03d150fb3ea09eab5da5e4c8b,IBITINGA,SP,9,719.1,79.9,9,4,9,169.9,12.11111111111111,0.3333333333333333,11.11111111111111,1,4.333333333333333,9,11.11111111111111,66.66666666666666,1,Bed Bath Table,1,Other,Manufacturer,Industry,Not Specified,Not Specified,0.0,0.0,0.0,0.0,0.0
07e8e8fc5222bb358e6f259da3197074,SAO PAULO,SP,2,51.8,25.9,2,2,2,23.06,4.5,0.0,0.0,0,4.0,2,0.0,50.0,1,Not Specified,0,,,,,,,,,,
080102cd0a76b09e0dcf55fcacc60e05,BELO HORIZONTE,MG,124,5716.78,46.103064,130,43,123,2195.93,8.245901639344263,0.5967741935483871,4.032258064516129,5,4.475806451612903,124,4.838709677419355,71.7741935483871,5,Computers Accessories,0,,,,,,,,,,
080199a181c46c657dc5aa235411be3b,OSASCO,SP,79,14504.2,183.597468,83,40,79,1040.68,5.822784810126582,0.2911392405063291,1.2658227848101267,1,4.620253164556962,79,1.2658227848101267,69.62025316455697,1,Auto,0,,,,,,,,,,
08061dc0fc165ed41288cc7acde738ee,OSASCO,SP,4,123.8,30.95,4,3,4,58.42,11.5,1.5,25.0,1,4.5,4,0.0,75.0,1,Computers Accessories,0,,,,,,,,,,
08084d990eb3f53af056ccbc1730c8a7,SAO PAULO,SP,12,372.5,31.041666,12,3,12,234.29,4.666666666666667,0.16666666666666666,0.0,0,4.166666666666667,12,8.333333333333332,58.333333333333336,1,Electronics,0,,,,,,,,,,
081acf3de680d554796c9cf041be7bc2,VESPASIANO,MG,4,1597.3,399.325,8,4,4,205.5,11.25,0.25,25.0,1,3.25,4,25.0,25.0,2,Furniture Decor,0,,,,,,,,,,
082e0bf4cb865a6533b1e8e498cc0255,BOTUCATU,SP,11,2073.3,188.481818,23,17,11,991.03,12.181818181818182,0.8181818181818182,18.181818181818183,2,3.272727272727273,11,18.181818181818183,27.27272727272727,2,Garden Tools,0,,,,,,,,,,
085f6f7e049c996695fb2074fe38d45e,TAUBATE,SP,6,305.4,50.9,8,6,6,130.56,7.0,0.16666666666666666,0.0,0,4.0,6,16.666666666666664,50.0,5,Housewares,0,,,,,,,,,,
08633c14ef2db992c11f840f04fad4cd,RIBEIRAO PIRES,SP,74,7644.3,103.301351,97,16,72,1424.52,8.324324324324325,0.5675675675675675,5.405405405405405,4,4.364864864864865,74,4.054054054054054,60.810810810810814,5,Sports Leisure,0,,,,,,,,,,
0873d9f8f36123f8d910f4760e788cfb,BARUERI,SP,6,7265.59,1210.931666,6,6,6,161.06,7.5,0.16666666666666666,33.33333333333333,2,3.1666666666666665,6,33.33333333333333,33.33333333333333,2,Telephony,1,Other,Reseller,Online Medium,Cat,Not Specified,0.0,0.0,0.0,0.0,12.0
0885aaf116795758dfeb5f1032487bcd,FERRAZ DE VASCONCELOS,SP,28,2648.0,94.571428,30,20,28,514.32,4.7407407407407405,0.35714285714285715,0.0,0,4.214285714285714,28,3.571428571428571,60.71428571428571,2,Bed Bath Table,0,,,,,,,,,,
0887a9f087bcd5d9f6642b52f897fc6c,CANANEIA,SP,12,1642.0,136.833333,12,3,12,220.35,12.833333333333334,0.3333333333333333,8.333333333333332,1,4.416666666666667,12,0.0,58.333333333333336,3,Telephony,0,,,,,,,,,,
08ad4ac1388e4420ca531c3edfc46198,ITAPEVI,SP,6,221.62,36.936666,7,5,6,89.05,3.6666666666666665,1.1666666666666667,0.0,0,2.8333333333333335,6,33.33333333333333,33.33333333333333,1,Pet Shop,0,,,,,,,,,,
08cdbae123ff67ca4e36d9d641ce0119,UBA,MG,4,3098.99,774.7475,6,3,4,1096.47,13.5,0.5,50.0,2,3.25,4,25.0,50.0,1,Furniture Living Room,0,,,,,,,,,,
08d0949a9a17c027262db1f3c450c26c,CASCAVEL,PR,12,324.8,27.066666,12,9,12,233.04,10.083333333333334,0.16666666666666666,0.0,0,3.75,12,8.333333333333332,50.0,1,Furniture Decor,0,,,,,,,,,,
08d1c9478fb0d7d7fcac9c0da4e82fc7,BELO HORIZONTE,MG,1,538.0,538.0,1,1,1,67.57,4.0,0.0,0.0,0,5.0,1,0.0,100.0,1,Furniture Decor,1,Paid Search,Manufacturer,Online Medium,Wolf,Not Specified,0.0,0.0,0.0,0.0,16.0
08d2d642cf72b622b14dde1d2f5eb2f5,MARILIA,SP,17,914.0,53.764705,21,8,17,321.26,12.1875,0.29411764705882354,11.76470588235294,2,4.117647058823529,17,5.88235294117647,52.94117647058824,6,Stationery,0,,,,,,,,,,
08f5819815f3d06545011850bd70f0a8,SANTOS,SP,3,452.0,150.666666,3,3,3,70.83,6.0,0.0,0.0,0,4.666666666666667,3,0.0,66.66666666666666,1,Health Beauty,0,,,,,,,,,,
091065b789659bc3cd9af9cb3a6253ff,CANOAS,RS,2,1359.0,679.5,2,1,2,85.37,9.5,1.0,0.0,0,3.5,2,0.0,50.0,1,Cool Stuff,0,,,,,,,,,,
0936e1837d0c79253456bbb2ffaaef10,SAO PAULO,SP,1,38.9,38.9,2,1,1,31.12,13.0,1.0,0.0,0,5.0,1,0.0,100.0,1,Garden Tools,0,,,,,,,,,,
093805f8f2aeb63881444571e1f48f30,OSASCO,SP,22,1215.79,55.263181,27,18,22,343.94,5.636363636363637,0.9090909090909091,4.545454545454546,1,4.181818181818182,22,13.636363636363635,63.63636363636363,1,Health Beauty,0,,,,,,,,,,
094ced053e257ae8cae57205592d6712,RIBEIRAO PRETO,SP,19,1519.2,79.957894,19,13,19,459.03,9.894736842105264,0.5789473684210527,0.0,0,4.052631578947368,19,15.789473684210526,63.1578947368421,2,Health Beauty,1,Direct Traffic,Reseller,Online Medium,Cat,Not Specified,0.0,0.0,0.0,0.0,11.0
0951a6e282947e09cd47969f4ed0b47f,TABOAO DA SERRA,SP,7,492.3,70.328571,7,2,7,88.02,3.857142857142857,0.14285714285714285,0.0,0,4.857142857142857,7,0.0,85.71428571428571,2,Perfumery,0,,,,,,,,,,
09883d9ab71c8fe8a9bfc7fc3075b07e,SAO PAULO,SP,5,329.5,65.9,5,5,5,76.67,12.0,1.4,20.0,1,3.4,5,20.0,40.0,2,Health Beauty,0,,,,,,,,,,
099095b050cfe8eb1ddff5317587e96e,SAO PAULO,SP,17,5193.83,305.519411,20,11,17,715.32,8.8125,0.11764705882352941,17.647058823529413,3,3.235294117647059,17,35.294117647058826,47.05882352941176,8,Housewares,0,,,,,,,,,,
09bad886111255c5b5030314fc7f1a4a,SAO PAULO,SP,5,487.5,97.5,5,1,5,72.86,3.2,1.0,0.0,0,5.0,5,0.0,100.0,1,Art,1,Other,Reseller,Offline,Not Specified,Not Specified,0.0,0.0,0.0,0.0,84.0
09f952a5f58d2285b0372551ae8f9b01,SAO BERNARDO DO CAMPO,SP,50,11821.5,236.43,56,11,50,1524.96,10.28,0.72,6.0,3,3.84,50,14.000000000000002,48.0,2,Furniture Decor,0,,,,,,,,,,
0a198e95d32b1be2da9424c962a6ebfa,CONTAGEM,MG,1,69.99,69.99,1,1,1,16.68,4.0,0.0,0.0,0,5.0,1,0.0,100.0,1,Garden Tools,0,,,,,,,,,,
0a82f5fb06a4fe4ac2cf7cb412ec71b8,SAO PAULO,SP,2,462.0,231.0,2,2,2,22.8,1.5,0.0,0.0,0,5.0,2,0.0,100.0,1,Construction Tools Construction,0,,,,,,,,,,
0a85ebe4e328db81ac9109781205e2f7,JUNDIAI,SP,12,667.9,55.658333,12,8,12,137.75,3.3333333333333335,0.6666666666666666,8.333333333333332,1,4.583333333333333,12,0.0,66.66666666666666,2,Furniture Decor,1,Organic Search,Manufacturer,Online Medium,Eagle,Not Specified,0.0,0.0,0.0,0.0,16.0
0aa124728afc1131dff5655f4c6f487b,ALFENAS,MG,2,850.92,425.46,2,2,2,107.86,,1.0,0.0,0,1.0,2,100.0,0.0,2,Auto,0,,,,,,,,,,
0aa2205ca24f113f4658a5c536667426,SAO PAULO,SP,4,815.62,203.905,11,3,4,172.48,6.5,0.5,0.0,0,4.0,4,25.0,75.0,1,Stationery,0,,,,,,,,,,
0ac4201fda2c68ebc0e47cb9423cf3c9,SAO PAULO,SP,13,1676.88,128.990769,14,4,12,233.99,10.384615384615385,0.6153846153846154,7.6923076923076925,1,4.230769230769231,13,7.6923076923076925,69.23076923076923,3,Health Beauty,0,,,,,,,,,,
0ad80de75c811326389cfb1daba7d45e,RIO DE JANEIRO,RJ,6,1449.4,241.566666,6,6,6,115.32,7.166666666666667,1.0,0.0,0,4.833333333333333,6,0.0,83.33333333333334,1,Toys,0,,,,,,,,,,
0adac9fbd9a2b63cccaac4f8756c1ca8,LOUVEIRA,SP,110,15960.95,145.099545,142,66,110,2499.27,8.849056603773585,0.5,5.454545454545454,6,4.0181818181818185,110,11.818181818181818,54.54545454545454,5,Housewares,0,,,,,,,,,,
0ade5cc4a305ed7093a23f68ca47519c,CURITIBA,PR,2,158.88,79.44,2,2,2,42.39,5.0,0.5,0.0,0,5.0,2,0.0,100.0,1,Auto,0,,,,,,,,,,
0aea4c6ae1505b3228ddf3dd7822ee5b,SOROCABA,SP,8,1427.91,178.48875,8,8,8,151.75,16.875,0.625,25.0,2,3.875,8,12.5,50.0,1,Watches Gifts,0,,,,,,,,,,
0af2ab31141893d26aca5a404a537dab,SAO PAULO,SP,1,59.0,59.0,1,1,1,15.51,5.0,1.0,0.0,0,5.0,1,0.0,100.0,1,Computers Accessories,0,,,,,,,,,,
0af977692321d895349eded183341d28,SANTOS,SP,2,257.75,128.875,2,2,2,19.47,1.0,0.0,0.0,0,4.5,2,0.0,50.0,1,Pet Shop,0,,,,,,,,,,
0afccdb8a34ee5c79f7c06faf2b4d56e,UBERLANDIA,MG,25,1225.5,49.02,25,10,25,388.28,9.791666666666666,0.6,8.0,2,3.92,25,12.0,44.0,1,Telephony,0,,,,,,,,,,
0b09101900100c0e9d312861fad5a1b9,SAO PAULO,SP,1,153.75,153.75,1,1,1,14.61,-5.0,0.0,0.0,0,4.0,1,0.0,0.0,1,Furniture Decor,0,,,,,,,,,,
0b0ddbc7b9d9584f442c7ac92b0ff6c9,GUARULHOS,SP,3,1416.76,472.253333,3,3,3,133.88,8.0,0.3333333333333333,0.0,0,4.666666666666667,3,0.0,66.66666666666666,1,Auto,0,,,,,,,,,,
0b18d63d0cd1d723567903fd34a07df2,SP,SP,9,1678.14,186.46,14,9,9,265.89,5.0,0.5555555555555556,0.0,0,4.777777777777778,9,0.0,77.77777777777779,2,Auto,0,,,,,,,,,,
0b1ca3ef18a63d7eb0c8897fa0849c08,SAO ROQUE,SP,1,55.0,55.0,1,1,1,7.87,1.0,1.0,0.0,0,5.0,1,0.0,100.0,1,Health Beauty,1,Organic Search,Manufacturer,Industry,Not Specified,Not Specified,0.0,0.0,0.0,0.0,12.0
0b35c634521043bf4b47e21547b99ab5,TEIXEIRA SOARES,PR,51,13533.65,265.365686,78,39,50,1475.09,15.46,0.5490196078431373,15.686274509803921,8,3.3137254901960786,51,27.450980392156865,43.13725490196079,1,Construction Tools Construction,0,,,,,,,,,,
0b36063d5818f81ccb94b54adfaebbf5,JARAGUA DO SUL,SC,1,765.0,765.0,15,1,1,18.0,13.0,0.0,0.0,0,5.0,1,0.0,100.0,1,Garden Tools,0,,,,,,,,,,
0b3f27369a4d8df98f7eb91077e438ac,ARUJA,SP,2,146.51,73.255,2,2,2,24.88,6.0,0.0,0.0,0,4.0,2,0.0,50.0,2,Furniture Decor,0,,,,,,,,,,
0b46f784306be7200ca1700aa55d819f,BELO HORIZONTE,MG,1,19.9,19.9,1,1,1,10.96,2.0,0.0,0.0,0,5.0,1,0.0,100.0,1,Auto,0,,,,,,,,,,
0b64bcdb0784abc139af04077d49a20e,CANOAS,RS,4,137.6,34.4,4,2,3,68.21,6.0,0.0,0.0,0,4.75,4,0.0,75.0,1,Health Beauty,0,,,,,,,,,,
0b90b6df587eb83608a64ea8b390cf07,MARINGA,PR,164,28592.32,174.343414,210,46,163,3615.32,11.656441717791411,0.4573170731707317,3.6585365853658534,6,4.0,164,14.02439024390244,57.92682926829268,1,Computers Accessories,0,,,,,,,,,,
0bae85eb84b9fb3bd773911e89288d54,ITAJAI,SP,137,7482.21,54.614671,146,45,135,2924.19,8.963235294117647,0.35766423357664234,0.7299270072992701,1,4.2700729927007295,137,5.109489051094891,58.3941605839416,13,Housewares,0,,,,,,,,,,
0bb27263628258b8111a0262769fa9db,SAO PAULO,SP,1,22.2,22.2,1,1,1,10.96,1.0,0.0,0.0,0,5.0,1,0.0,100.0,1,Housewares,0,,,,,,,,,,
0bb738e4d789e63e2267697c42d35a2d,SAO ROQUE,SP,30,2388.3,79.61,31,4,30,642.34,9.107142857142858,0.4666666666666667,3.3333333333333335,1,4.6,30,0.0,63.33333333333333,2,Industry Commerce And Business,0,,,,,,,,,,
0be8ff43f22e456b4e0371b2245e4d01,SAO PAULO,SP,161,11805.5,73.326086,180,121,160,2579.15,7.878205128205129,0.36645962732919257,6.211180124223603,10,3.950310559006211,161,14.285714285714285,55.90062111801242,13,Sports Leisure,0,,,,,,,,,,
0bebbb2cea103a4a020c95d43fd7d754,SAO PAULO,SP,9,1367.2,151.911111,9,9,9,147.14,4.666666666666667,0.0,0.0,0,4.888888888888889,9,0.0,88.88888888888889,2,Health Beauty,0,,,,,,,,,,
0bf0150d5b9d60d9cd2906003332f085,SAO PAULO,SP,39,5774.6,148.066666,62,15,39,1097.74,8.615384615384615,0.5897435897435898,15.384615384615385,6,3.769230769230769,39,17.94871794871795,51.28205128205128,2,Furniture Decor,0,,,,,,,,,,
0bfd0b434243adc5c2e1aa6baf19c6aa,RIO DE JANEIRO,RJ,6,371.2,61.866666,6,6,6,65.79,7.0,0.16666666666666666,0.0,0,3.6666666666666665,6,0.0,0.0,5,Housewares,0,,,,,,,,,,
0c7533c71df861ec58ad7ff999ed0e8d,VALINHOS,SP,61,2989.3,49.004918,73,29,61,874.21,7.934426229508197,0.36065573770491804,4.918032786885246,3,4.147540983606557,61,11.475409836065573,60.65573770491803,1,Perfumery,0,,,,,,,,,,
0c7f30ae9b147eca07affbef92832a6a,PONTA GROSSA,PR,5,479.5,95.9,5,4,5,87.61,6.4,0.0,0.0,0,5.0,5,0.0,100.0,4,Computers Accessories,0,,,,,,,,,,
0c8380b62e38e8a1e6adbeba7eb9688c,TRES CORACOES,MG,182,17348.79,95.323021,220,93,180,4107.04,9.855555555555556,0.3956043956043956,4.945054945054945,9,4.016483516483516,182,10.43956043956044,53.2967032967033,4,Bed Bath Table,0,,,,,,,,,,
0cab2da43793a6f3c5ed8514c5f54627,CURITIBA,PR,3,309.7,103.233333,3,2,3,57.2,4.0,0.3333333333333333,0.0,0,5.0,3,0.0,100.0,2,Stationery,1,Other,Reseller,Offline,Cat,Not Specified,0.0,0.0,0.0,0.0,24.0
0cbcee27c791afa0cdcb08587a2013a8,TRES CORACOES,MG,39,5324.15,136.516666,41,13,39,817.16,10.81578947368421,0.41025641025641024,10.256410256410255,4,3.8461538461538463,39,10.256410256410255,48.717948717948715,3,Fashion Bags Accessories,0,,,,,,,,,,
0d33a55da925bbf1ff02af5f6059fc7f,SAO PAULO,SP,22,547.3,24.877272,24,8,22,385.61,6.681818181818182,0.45454545454545453,4.545454545454546,1,4.454545454545454,22,4.545454545454546,72.72727272727273,4,Books Technical,0,,,,,,,,,,
0d4c8269e7f0401201794deef160edd6,RIBEIRAO PRETO,SP,3,792.64,264.213333,4,4,3,99.39,14.333333333333334,0.3333333333333333,0.0,0,3.6666666666666665,3,33.33333333333333,66.66666666666666,1,Auto,0,,,,,,,,,,
0d83f8e03188682112cc0d93523705cc,PORTO ALEGRE,RS,4,696.26,174.065,8,2,4,124.31,13.75,0.5,25.0,1,3.75,4,25.0,50.0,2,Computers Accessories,0,,,,,,,,,,
0d85bbda9889ce1f7e63778d24f346eb,UBERLANDIA,MG,51,4845.2,95.003921,58,17,51,1624.5,12.549019607843137,0.6078431372549019,11.76470588235294,6,4.137254901960785,51,11.76470588235294,56.86274509803921,3,Stationery,0,,,,,,,,,,
0daf5180aa44356f60f8effa533b55a2,GOIANIA,GO,2,144.8,72.4,2,2,2,38.83,7.0,1.0,0.0,0,5.0,2,0.0,100.0,1,Perfumery,0,,,,,,,,,,
0db783cfcd3b73998abc6e10e59a102f,SANTOS,SP,132,9077.4,68.768181,137,14,132,1999.15,8.681818181818182,0.6183206106870229,3.787878787878788,5,4.204545454545454,132,7.575757575757576,59.84848484848485,5,Telephony,0,,,,,,,,,,
0dd184061fb0eaa7ca37932c68ab91c5,GUARULHOS,SP,161,18446.92,114.577142,193,11,160,5319.5,8.850931677018634,0.39751552795031053,10.559006211180124,17,4.012422360248447,161,11.801242236024844,51.5527950310559,3,Industry Commerce And Business,0,,,,,,,,,,
0ddefe3c7a032b91f4e25b9c3a08fca1,SAO BERNARDO DO CAMPO,SP,9,402.9,44.766666,10,7,8,150.0,5.0,0.4444444444444444,0.0,0,4.555555555555555,9,0.0,66.66666666666666,4,Arts And Craftmanship,1,Paid Search,Reseller,Online Small,Cat,Not Specified,0.0,0.0,0.0,0.0,3.0
0df3984f9dfb3d49ac6366acbd3bbb85,BETIM,MG,87,10021.49,115.18954,89,25,85,1498.72,6.883720930232558,0.42528735632183906,1.1494252873563218,1,4.344827586206897,87,10.344827586206897,65.51724137931035,2,Health Beauty,0,,,,,,,,,,
0dfbed20065e425d2eaefb101f9816c0,PORTO FERREIRA,SP,3,84.35,28.116666,3,2,3,49.25,18.333333333333332,0.0,33.33333333333333,1,2.6666666666666665,3,33.33333333333333,33.33333333333333,2,Baby,0,,,,,,,,,,
0e44d110fa6a54e121cb2c095a77762f,FRANCISCO MORATO,SP,6,223.32,37.22,6,5,6,70.06,7.5,1.0,16.666666666666664,1,4.333333333333333,6,16.666666666666664,83.33333333333334,1,Stationery,0,,,,,,,,,,
0e72c1a751b496722a6cb1f10653b62a,SAO PAULO,SP,3,140.8,46.933333,3,3,3,51.3,5.666666666666667,0.0,0.0,0,4.666666666666667,3,0.0,66.66666666666666,2,Toys,1,Direct Traffic,Reseller,Industry,Wolf,Not Specified,0.0,0.0,0.0,0.0,17.0
0e982cff76cc0579f632cea8a0e38c9d,ITAJAI,SC,7,1307.34,186.762857,12,8,7,172.97,4.166666666666667,0.5714285714285714,0.0,0,4.0,7,0.0,57.14285714285714,1,Musical Instruments,0,,,,,,,,,,
0ea22c1cfbdc755f86b9b54b39c16043,SETE LAGOAS,MG,237,10711.7,45.197046,269,152,221,4363.61,9.012820512820513,0.6413502109704642,0.8438818565400843,2,4.367088607594937,237,5.9071729957805905,66.24472573839662,10,Fashion Bags Accessories,0,,,,,,,,,,
0eaa7e33d73809f1f925f7d07c506cbd,SANTO ANDRE,SP,15,1552.0,103.466666,15,12,15,194.9,4.4,0.5333333333333333,0.0,0,4.6,15,0.0,80.0,2,Toys,0,,,,,,,,,,
0ebd97a106433a45a4aebe57c1799778,CONTAGEM,MG,31,3046.8,98.28387,32,10,31,614.88,6.838709677419355,0.5483870967741935,0.0,0,4.483870967741935,31,6.451612903225806,70.96774193548387,1,Fashion Bags Accessories,0,,,,,,,,,,
0ec28cec4046a4a199b6de9b4c891d97,GOIANIA,GO,3,296.6,98.866666,4,2,3,56.04,6.666666666666667,1.0,0.0,0,5.0,3,0.0,100.0,1,Health Beauty,0,,,,,,,,,,
0ed6ce5d87fd9c69eaacaeb778d67235,AMERICANA,SP,43,2141.42,49.800465,43,26,43,687.83,10.857142857142858,0.3953488372093023,13.953488372093023,6,4.325581395348837,43,4.651162790697675,62.7906976744186,4,Electronics,0,,,,,,,,,,
0ee4fb99ac55ffbbc98795aa01b7f8fa,SANTANA DE PARNAIBA,SP,1,59.9,59.9,1,1,1,11.03,4.0,0.0,0.0,0,5.0,1,0.0,100.0,1,Furniture Decor,0,,,,,,,,,,
0ef83d7d83ed97cd2a0049ac8be5f88a,CURITIBA,PR,48,4421.01,92.104375,55,14,48,1026.8,7.895833333333333,0.25,2.083333333333333,1,4.083333333333333,48,6.25,58.333333333333336,2,Health Beauty,0,,,,,,,,,,
0f0c984a4a955310903b6b6008660bad,FRANCA,SP,4,369.81,92.4525,4,4,4,111.57,12.5,0.25,0.0,0,3.75,4,25.0,50.0,2,Sports Leisure,0,,,,,,,,,,
0f519b0d2e5eb2227c93dd25038bfc01,IBITINGA,SP,1,79.9,79.9,1,1,1,23.0,9.0,0.0,0.0,0,5.0,1,0.0,100.0,1,Furniture Decor,0,,,,,,,,,,
0f7eea709efdf942b5f95c7516dbacd7,PEDRINHAS PAULISTA,SP,3,195.74,65.246666,3,2,3,44.32,5.666666666666667,0.0,0.0,0,4.0,3,0.0,33.33333333333333,1,Health Beauty,0,,,,,,,,,,
0f80a40c312b2472dca482cf50f5186f,LENCOIS PAULISTA,SP,1,129.9,129.9,1,1,1,20.1,5.0,0.0,0.0,0,3.0,1,0.0,0.0,1,Perfumery,0,,,,,,,,,,
0f94588695d71662beec8d883ffacf09,FLORIANOPOLIS,SC,1,9.0,9.0,1,1,1,18.59,15.0,0.0,0.0,0,5.0,1,0.0,100.0,1,Art,0,,,,,,,,,,
0fe2d9733ed841eb064503920015a8c0,OURINHOS,SP,3,389.64,129.88,3,3,3,108.71,8.0,0.0,0.0,0,4.666666666666667,3,0.0,66.66666666666666,1,Auto,0,,,,,,,,,,
0ff83046c3fa22efee8ecf291888b191,CAXIAS DO SUL,RS,10,768.9,76.89,11,6,10,254.48,8.7,0.4,0.0,0,4.8,10,0.0,80.0,1,Sports Leisure,0,,,,,,,,,,
0ffa40d54288e4f3499b8780dd0f144f,PRESIDENTE PRUDENTE,SP,33,2162.8,65.539393,35,21,33,583.67,11.212121212121213,0.5454545454545454,12.121212121212121,4,4.484848484848484,33,3.0303030303030303,75.75757575757575,2,Books Technical,0,,,,,,,,,,
10076e5788b8ee532724bcd460baf762,BATATAIS,SP,23,821.48,35.716521,26,13,23,377.3,8.434782608695652,0.21739130434782608,4.3478260869565215,1,4.565217391304348,23,4.3478260869565215,73.91304347826086,2,Baby,0,,,,,,,,,,
10089e9f2fd0c668a8fd4e52e1698888,SAO JOSE DO RIO PRETO,SP,3,1139.9,379.966666,3,3,3,59.41,6.0,0.0,0.0,0,4.333333333333333,3,0.0,33.33333333333333,1,Air Conditioning,0,,,,,,,,,,
101921376b577a4540dc30e9009133ca,RIO CLARO,SP,1,373.0,373.0,1,1,1,21.49,,4.0,0.0,0,2.0,1,0.0,0.0,1,Cool Stuff,0,,,,,,,,,,
101a3a003516bc11253298b2fad3cb65,RIO CLARO,SP,5,450.0,90.0,6,2,5,74.0,4.4,0.6,0.0,0,4.8,5,0.0,80.0,2,Fashion Male Clothing,0,,,,,,,,,,
1025f0e2d44d7041d6cf58b6550e0bfa,SAO PAULO,SP,915,138968.55,151.878196,1428,154,899,33892.14,8.061538461538461,0.5956284153005464,7.868852459016394,72,3.9737704918032786,915,13.77049180327869,54.75409836065573,4,Furniture Decor,0,,,,,,,,,,
10264f60a8f0a4d2f30810f5c661c673,CAMPINAS,SP,4,284.6,71.15,4,2,4,41.86,2.75,0.25,0.0,0,5.0,4,0.0,100.0,1,Health Beauty,0,,,,,,,,,,
1099a00e0ee3a50935e6c2447ca090c5,RIO DE JANEIRO,RJ,3,849.7,283.233333,3,3,3,61.13,4.333333333333333,0.0,33.33333333333333,1,3.6666666666666665,3,0.0,33.33333333333333,1,Air Conditioning,0,,,,,,,,,,
10cdd491d1dbea8fb4ead97b19c334ce,SANTA RITA DO SAPUCAI,MG,3,208.9,69.633333,3,2,3,78.86,5.333333333333333,0.0,0.0,0,5.0,3,0.0,100.0,1,Pet Shop,0,,,,,,,,,,
10ff823eda2b032e2c93d17a7d294736,PEDERNEIRAS,SP,9,1294.97,143.885555,9,6,9,164.56,7.75,0.2222222222222222,0.0,0,3.888888888888889,9,11.11111111111111,55.55555555555556,2,Housewares,0,,,,,,,,,,
112453736dbe3889cfb74e1aaa0ba0c1,SAO PAULO,SP,7,1890.0,270.0,14,2,7,264.77,8.428571428571429,0.42857142857142855,0.0,0,4.142857142857143,7,0.0,57.14285714285714,2,Auto,0,,,,,,,,,,
1127b7f2594683f2510f1c2c834a486b,CAMPINAS,SP,114,6851.33,60.099385,132,74,114,1821.71,6.818181818181818,0.543859649122807,1.7543859649122806,2,4.087719298245614,114,9.649122807017543,58.77192982456141,4,Garden Tools,0,,,,,,,,,,
11305281b50fff20ae8bb473f8e11876,UBA,MG,35,6528.7,186.534285,40,18,35,1444.51,11.114285714285714,0.6571428571428571,11.428571428571429,4,4.314285714285714,35,5.714285714285714,60.0,6,Home Confort,0,,,,,,,,,,
113e3a788b935f48aad63e1c41dac1bd,APARECIDA,SP,39,847.35,21.726923,48,28,39,686.6,10.512820512820513,0.48717948717948717,5.128205128205128,2,4.333333333333333,39,2.564102564102564,58.97435897435898,1,Christmas Supplies,0,,,,,,,,,,
116ccb1a1604bc88e4d234a8c23f33de,SAO BERNARDO DO CAMPO,SP,61,2004.89,32.867049,73,27,61,943.44,7.213114754098361,0.5901639344262295,3.278688524590164,2,4.639344262295082,61,3.278688524590164,80.32786885245902,6,Auto,0,,,,,,,,,,
11742f81550ac064cc9a40f67151d9ad,CATANDUVA,SP,2,781.9,390.95,2,2,2,49.11,5.0,0.5,0.0,0,5.0,2,0.0,100.0,1,Air Conditioning,1,Paid Search,Reseller,Online Medium,Wolf,Not Specified,0.0,0.0,0.0,0.0,4.0
117cfc326c6d50da67ca858ff5c0c852,SAO JOAO DE MERITI,RJ,5,454.6,90.92,5,2,5,81.48,4.6,0.2,0.0,0,4.6,5,0.0,60.0,2,Housewares,1,Organic Search,Reseller,Online Medium,Wolf,Not Specified,0.0,0.0,0.0,0.0,9.0
11938fcc75f6902fea1d0a6f72b54a57,SAO MIGUEL D'OESTE,SC,2,594.98,297.49,2,2,2,142.16,21.0,0.0,0.0,0,3.0,2,50.0,50.0,1,Bed Bath Table,0,,,,,,,,,,
119c7f1a00ef43fad0e57604e76a747c,SAO PAULO,SP,2,189.8,94.9,2,2,2,17.02,5.0,0.0,0.0,0,4.5,2,0.0,50.0,1,Health Beauty,0,,,,,,,,,,
119d1aef1b4144adba89163f6cd9f5d4,PEDREIRA,SP,4,1094.0,273.5,4,3,4,204.24,2.25,0.0,0.0,0,4.75,4,0.0,75.0,2,Furniture Decor,0,,,,,,,,,,
11bfa66332777660bd0640ee84d47006,RIBEIRAO PRETO,SP,76,3925.87,51.656184,102,40,76,1682.67,13.921052631578947,0.618421052631579,14.473684210526317,11,3.9210526315789473,76,14.473684210526317,55.26315789473685,2,Health Beauty,0,,,,,,,,,,
11d4c477d09821164bca4f70a2eae031,RIBEIRAO PRETO,SP,3,83.04,27.68,4,2,3,57.82,5.666666666666667,0.0,0.0,0,5.0,3,0.0,100.0,1,Costruction Tools Garden,0,,,,,,,,,,
11eac105f3f90a9b87b19c89d91e24f3,SAO PAULO,SP,5,802.89,160.578,5,4,5,124.94,6.4,0.2,0.0,0,3.6,5,20.0,40.0,2,Cool Stuff,0,,,,,,,,,,
11fb6f6d341adbe19e81733701704635,SAO PAULO,SP,3,1197.0,399.0,3,1,3,399.66,3.6666666666666665,0.3333333333333333,0.0,0,5.0,3,0.0,100.0,1,Bed Bath Table,1,Paid Search,Reseller,Online Medium,Wolf,Not Specified,0.0,0.0,0.0,0.0,27.0
120476eb7a04c149d14772edaf5d9bf2,ANGRA DOS REIS,RJ,4,2368.8,592.2,6,4,4,150.83,6.0,0.5,0.0,0,4.25,4,0.0,50.0,3,Construction Tools Construction,1,Paid Search,Reseller,Online Big,Wolf,Not Specified,0.0,0.0,0.0,0.0,328.0
1284de4ae8aa26997e748c851557cf0e,LARANJEIRAS DO SUL,SP,3,1459.97,486.656666,3,3,3,86.87,17.666666666666668,1.0,0.0,0,2.6666666666666665,3,33.33333333333333,33.33333333333333,1,Watches Gifts,0,,,,,,,,,,
128639473a139ac0f3e5f5ade55873a5,MARINGA,PR,533,11908.85,22.343058,560,66,532,9785.6,11.436432637571157,0.4971857410881801,4.127579737335835,22,4.165103189493434,533,8.067542213883677,57.035647279549714,6,Electronics,0,,,,,,,,,,
128f9bfbe4c7d5185033914b1de3d39a,ATIBAIA,SP,14,1277.29,91.235,16,9,14,373.2,7.923076923076923,0.8571428571428571,7.142857142857142,1,4.714285714285714,14,0.0,71.42857142857143,1,Health Beauty,0,,,,,,,,,,
12a8eb0f8d1cd3270695bf2a99f55966,SAO PAULO,SP,2,397.0,198.5,2,2,2,39.67,11.5,0.0,0.0,0,3.5,2,0.0,50.0,1,Luggage Accessories,0,,,,,,,,,,
12b9676b00f60f3b700e83af21824c0e,MONTENEGRO,RS,135,26774.0,198.325925,135,37,135,3568.69,10.466165413533835,0.5777777777777777,0.7407407407407408,1,4.54074074074074,135,2.2222222222222223,70.37037037037037,3,Cool Stuff,0,,,,,,,,,,
12c2ed9cded6138cf0c75f525f565fc7,PRAIA GRANDE,SP,4,314.96,78.74,4,4,4,51.05,9.75,1.5,25.0,1,4.25,4,0.0,50.0,3,Bed Bath Table,0,,,,,,,,,,
13074f016982ff2bd6c58ced8682f000,BENTO GONCALVES,RS,14,2116.0,151.142857,15,5,14,995.7,10.692307692307692,0.42857142857142855,21.428571428571427,3,3.9285714285714284,14,14.285714285714285,42.857142857142854,2,Kitchen Dining Laundry Garden Furniture,0,,,,,,,,,,
131fcb0a0c9a47bba4474aacff0f14b7,SAO PAULO,SP,4,369.8,92.45,4,2,4,36.61,2.0,0.0,0.0,0,4.0,4,0.0,25.0,1,Home Appliances,1,Paid Search,Reseller,Online Medium,Cat,Not Specified,0.0,0.0,0.0,0.0,4.0
1336efc61c316ddf92c899eb817f7cae,ASSIS,SP,74,4837.31,65.369054,85,50,73,1517.98,8.45945945945946,0.4189189189189189,8.108108108108109,6,4.0,74,10.81081081081081,51.35135135135135,8,Pet Shop,0,,,,,,,,,,
134285d1f41da5c13a756ee8142c8a4e,SAO PAULO,SP,3,1572.7,524.233333,4,2,3,80.93,6.333333333333333,0.0,0.0,0,3.3333333333333335,3,33.33333333333333,33.33333333333333,1,Auto,1,Paid Search,Reseller,Online Big,Cat,Not Specified,0.0,0.0,0.0,0.0,15.0
134a288e7de827ec5ec62e3ec9c3a295,SAO PAULO,SP,9,877.45,97.494444,9,7,9,126.55,7.555555555555555,1.3333333333333333,0.0,0,4.777777777777778,9,0.0,77.77777777777779,2,Books Technical,0,,,,,,,,,,
134b867a0f7f8bbe6abf10f91874891e,VALINHOS,SP,1,789.89,789.89,1,1,1,132.95,9.0,1.0,0.0,0,4.0,1,0.0,0.0,1,Auto,0,,,,,,,,,,
13511db12ac61e2f89c53b72a944a60b,CAXIAS DO SUL,RS,6,798.0,133.0,6,4,6,265.97,6.0,0.3333333333333333,0.0,0,3.5,6,33.33333333333333,50.0,2,Auto,1,Display,Manufacturer,Online Big,Wolf,Not Specified,0.0,0.0,0.0,0.0,7.0
1352e06ae67b410cdae0b2a22361167b,RIO DE JANEIRO,RJ,4,696.0,174.0,4,2,4,69.22,16.5,0.0,50.0,2,2.0,4,75.0,25.0,2,Not Specified,0,,,,,,,,,,
1354d51653f645349064725ed204e85e,SAO PAULO,SP,18,2410.0,133.888888,20,13,17,284.72,5.444444444444445,0.6666666666666666,0.0,0,3.9444444444444446,18,11.11111111111111,55.55555555555556,3,Furniture Decor,0,,,,,,,,,,
138dbe45fc62f1e244378131a6801526,SAO PAULO,SP,49,1125.56,22.970612,58,22,49,689.24,4.551020408163265,0.46938775510204084,2.0408163265306123,1,4.081632653061225,49,10.204081632653061,61.224489795918366,7,Housewares,1,Paid Search,Reseller,Online Medium,Eagle,Not Specified,0.0,0.0,0.0,0.0,0.0
139157dd4daa45c25b0807ffff348363,SAO PAULO,SP,1,29.9,29.9,1,1,1,7.78,1.0,0.0,0.0,0,4.0,1,0.0,0.0,1,Books Technical,0,,,,,,,,,,
13c2ed7698b3ca92dad49e849219da59,PONTA GROSSA,PR,8,498.61,62.32625,9,7,8,154.68,8.875,0.125,0.0,0,4.375,8,12.5,75.0,1,Perfumery,0,,,,,,,,,,
13d058e4eeac2ce8217660b2f8a05812,OSASCO,SP,23,3829.77,166.511739,23,3,23,926.11,7.863636363636363,0.6521739130434783,8.695652173913043,2,4.217391304347826,23,8.695652173913043,60.86956521739131,1,Home Appliances 2,0,,,,,,,,,,
13d95f0f6f73943d4ceffad0fc2cd32c,GOIANIA,GO,1,249.99,249.99,1,1,1,59.33,19.0,1.0,100.0,1,3.0,1,0.0,0.0,1,Auto,0,,,,,,,,,,
13dd308f81fea30cc670c656b2b46cc3,SANTA BARBARA D'OESTE,SP,3,117.7,39.233333,3,2,3,33.44,2.3333333333333335,0.3333333333333333,0.0,0,5.0,3,0.0,100.0,1,Health Beauty,0,,,,,,,,,,
13e85aac53340018b40c2af68001b7e0,PEDREIRA,SP,1,17.8,17.8,1,1,1,14.12,5.0,3.0,0.0,0,5.0,1,0.0,100.0,1,Furniture Decor,0,,,,,,,,,,
13f57c12a00ed4610db646b913a7f5c6,SANTOS,SP,7,645.2,92.171428,13,6,7,175.95,9.571428571428571,0.42857142857142855,14.285714285714285,1,4.857142857142857,7,0.0,85.71428571428571,1,Auto,0,,,,,,,,,,
13fa2a6c6b9d0f43cb588d7c82117a12,SAO PAULO,SP,9,4528.0,503.111111,10,4,9,191.44,16.0,0.5555555555555556,33.33333333333333,3,4.111111111111111,9,11.11111111111111,55.55555555555556,1,Health Beauty,0,,,,,,,,,,
141440cad9341e553f8401c574a2aa38,PITANGA,PR,11,1288.2,117.10909,12,9,11,290.8,5.363636363636363,0.18181818181818182,0.0,0,4.454545454545454,11,9.090909090909092,72.72727272727273,2,Drinks,0,,,,,,,,,,
1430239a858e7682bbc43b20758af153,SAO PAULO,SP,18,660.79,36.710555,23,10,18,268.75,6.117647058823529,0.1111111111111111,0.0,0,4.111111111111111,18,11.11111111111111,66.66666666666666,3,Baby,0,,,,,,,,,,
1444c08e64d55fb3c25f0f09c07ffcf2,LAURO DE FREITAS,BA,1,2749.0,2749.0,1,1,1,69.74,6.0,1.0,0.0,0,1.0,1,100.0,0.0,1,Garden Tools,1,Organic Search,Reseller,Not Specified,Not Specified,Not Specified,0.0,0.0,0.0,0.0,43.0
1464afc72f696af775557a821c2e253f,NOVA FRIBURGO,RJ,29,1059.36,36.529655,30,8,29,454.42,10.172413793103448,0.7586206896551724,3.4482758620689653,1,4.241379310344827,29,6.896551724137931,62.06896551724138,2,Perfumery,0,,,,,,,,,,
14a08204d03bb6b6bde8029f801ae0eb,SAO PAULO,SP,28,2185.4,78.05,38,24,28,593.7,5.75,0.42857142857142855,0.0,0,3.892857142857143,28,14.285714285714285,46.42857142857143,6,Electronics,0,,,,,,,,,,
14d7985702e72162bbf13b6beb74ab2b,SANTO ANDRE,SP,37,3887.0,105.054054,38,26,37,554.0,8.594594594594595,0.7297297297297297,10.81081081081081,4,4.324324324324325,37,5.405405405405405,64.86486486486487,1,Sports Leisure,0,,,,,,,,,,
14ee35374a7876217954b5fa08e50463,SAO JOSE DO RIO PRETO,SP,6,809.0,134.833333,6,2,6,114.05,14.666666666666666,0.16666666666666666,16.666666666666664,1,4.333333333333333,6,0.0,50.0,2,Not Specified,0,,,,,,,,,,
14f2b3587172b9db894c9bad8dab520b,IPE,RS,2,244.0,122.0,2,1,2,86.06,4.5,0.0,0.0,0,2.5,2,50.0,0.0,1,Housewares,0,,,,,,,,,,
152ee17e4c8aaf53dac99f3462e4999b,GARUVA,SC,6,308.96,51.493333,6,3,6,95.97,7.666666666666667,1.0,0.0,0,4.333333333333333,6,0.0,50.0,2,Housewares,0,,,,,,,,,,
154bdf805377afea75a3bd158e9eab10,IBITINGA,SP,1,89.9,89.9,1,1,1,19.82,23.0,3.0,100.0,1,1.0,1,100.0,0.0,1,Baby,0,,,,,,,,,,
1554a68530182680ad5c8b042c3ab563,MONTE SIAO,MG,247,29052.53,117.621578,269,70,243,6798.26,11.658536585365853,0.6153846153846154,6.0728744939271255,15,4.287449392712551,247,9.7165991902834,65.58704453441295,5,Furniture Decor,0,,,,,,,,,,
157c3e4b42f81ac4a44e8b1ca2fe9876,SAO PAULO,SP,23,2548.5,110.804347,31,13,23,583.32,7.695652173913044,1.0,8.695652173913043,2,3.6956521739130435,23,17.391304347826086,47.82608695652174,2,Furniture Decor,0,,,,,,,,,,
1588ac4010787100dddef64568f0ae35,MARINGA,PR,3,599.97,199.99,3,2,3,46.0,14.0,2.6666666666666665,0.0,0,3.0,3,33.33333333333333,33.33333333333333,1,Computers Accessories,0,,,,,,,,,,
15aac934c58d886785ac1b17953ea898,MUQUI,ES,25,4353.9,174.156,26,20,25,665.7,11.8,0.72,12.0,3,4.24,25,8.0,56.00000000000001,12,Air Conditioning,0,,,,,,,,,,
15ac3c501e2599e4917316fde5c5669a,SAO PAULO,SP,1,144.2,144.2,1,1,1,51.61,,0.0,0.0,0,1.0,1,100.0,0.0,1,Pet Shop,0,,,,,,,,,,
15aec03fe4cf30dfa574cf550f5ff5ff,RIO DE JANEIRO,RJ,1,28.9,28.9,1,1,1,10.96,,0.0,0.0,0,1.0,1,100.0,0.0,1,Health Beauty,0,,,,,,,,,,
15b3b1b81484422eb41df68ac87f1f50,BAURU,SP,2,78.35,39.175,2,2,2,24.54,8.0,1.5,0.0,0,1.0,2,100.0,0.0,1,Health Beauty,0,,,,,,,,,,
15cd6eefe58588619aaed41dfa6621b1,OURO PRETO,MG,16,1622.74,101.42125,18,8,16,566.12,11.75,0.25,6.25,1,4.25,16,12.5,75.0,1,Not Specified,0,,,,,,,,,,
15ead3a5037a918ddb520dfe39a3d2b9,CONSELHEIRO LAFAIETE,MG,7,275.5,39.357142,8,8,7,158.45,13.666666666666666,0.5714285714285714,14.285714285714285,1,4.285714285714286,7,14.285714285714285,71.42857142857143,1,Books General Interest,0,,,,,,,,,,
15fa791d5e017f66402dc28c44480657,SAO PAULO,SP,8,1802.0,225.25,8,4,8,181.29,10.25,0.125,12.5,1,4.25,8,12.5,62.5,1,Baby,0,,,,,,,,,,
160851d3ece7aa1a510f8d1a4bb8a8af,GARCA,SP,2,102.05,51.025,2,2,2,39.1,4.0,1.5,0.0,0,5.0,2,0.0,100.0,1,Computers Accessories,1,Other,Manufacturer,Industry,Cat,200+,0.0,0.0,1.0,1.0,369.0
16090f2ca825584b5a147ab24aa30c86,ATIBAIA,SP,402,25716.44,63.971243,410,37,400,5456.67,7.090452261306533,0.6840796019900498,7.960199004975125,32,4.054726368159204,402,10.199004975124378,53.233830845771145,7,Auto,0,,,,,,,,,,
160e4f13fd3a64b1b86807be88b5ffb0,COLOMBO,PR,4,886.0,221.5,4,2,4,94.45,6.75,0.0,0.0,0,4.25,4,0.0,75.0,2,Small Appliances,0,,,,,,,,,,
164a5a8794e6d42e14f55e447b12a3bc,GUAIRA,PR,1,73.99,73.99,1,1,1,62.77,13.0,0.0,0.0,0,5.0,1,0.0,100.0,1,Baby,0,,,,,,,,,,
165b1235e9e9942cb5fae67103576fb0,RIBEIRAO PRETO,SP,11,2085.15,189.55909,16,9,11,404.65,6.363636363636363,0.6363636363636364,9.090909090909092,1,4.363636363636363,11,0.0,63.63636363636363,3,Construction Tools Construction,1,Paid Search,Reseller,Online Big,Cat,Not Specified,0.0,0.0,0.0,0.0,194.0
165fc07beebdcb6190fba8a06db2a449,MARINGA,PR,50,17481.4,349.628,64,27,50,1600.03,9.64,0.64,8.0,4,3.8,50,18.0,46.0,2,Computers Accessories,0,,,,,,,,,,
1660ad786c27fd935378b6192a90b417,SAO BERNARDO DO CAMPO,SP,12,1570.0,130.833333,13,9,10,248.28,6.916666666666667,0.3333333333333333,8.333333333333332,1,4.583333333333333,12,8.333333333333332,83.33333333333334,1,Computers Accessories,0,,,,,,,,,,
166e8f1381e09651983c38b1f6f91c11,IMBITUBA,SC,2,78.8,39.4,2,1,2,30.2,9.0,0.5,0.0,0,5.0,2,0.0,100.0,1,Not Specified,0,,,,,,,,,,
167fd940acebc789debd6eb418c46e38,FRANCA,SP,5,1077.58,215.516,5,3,5,100.9,11.0,0.8,20.0,1,3.0,5,40.0,40.0,1,Auto,0,,,,,,,,,,
1690cada046eb7e92c12f98b1f8a8167,SAO PAULO,SP,11,1959.0,178.090909,11,3,11,252.38,5.2,0.8181818181818182,9.090909090909092,1,4.545454545454546,11,9.090909090909092,81.81818181818183,1,Auto,0,,,,,,,,,,
16bdc8cefd0e32a6f0824d296c5ad14a,SP,SP,1,41.76,41.76,1,1,1,19.32,7.0,0.0,0.0,0,5.0,1,0.0,100.0,1,Drinks,0,,,,,,,,,,
1703bc09972dab9782e7a9194943b69f,MINAS GERAIS,MG,1,249.9,249.9,1,1,1,106.21,9.0,0.0,0.0,0,5.0,1,0.0,100.0,1,Auto,0,,,,,,,,,,
1710c3aaa9c6b44ec3883ee0fe300e21,SAO CAETANO DO SUL,SP,2,1188.9,594.45,2,2,2,37.65,5.0,0.0,0.0,0,5.0,2,0.0,100.0,2,Electronics,0,,,,,,,,,,
17306570e772e7718c92a562d33f5f1d,BARIRI,SP,29,9669.8,333.441379,32,21,29,930.83,10.074074074074074,0.3448275862068966,6.896551724137931,2,3.6206896551724137,29,20.689655172413794,44.827586206896555,2,Bed Bath Table,0,,,,,,,,,,
173d56ffbd4c56cb80fc3615487d712b,SAO VICENTE,SP,2,358.0,179.0,2,1,2,39.61,5.0,0.0,0.0,0,5.0,2,0.0,100.0,1,Luggage Accessories,0,,,,,,,,,,
1746c1ae87ac63d530c7c943d0ac42e2,SANTANA DE PARNAIBA,SP,1,229.9,229.9,1,1,1,22.45,15.0,0.0,0.0,0,5.0,1,0.0,100.0,1,Auto,0,,,,,,,,,,
1771297ac436903d1dd6b0e9279aa505,GUARULHOS,SP,28,2881.27,102.9025,36,9,27,585.16,8.107142857142858,0.25,3.571428571428571,1,4.571428571428571,28,0.0,67.85714285714286,3,Baby,0,,,,,,,,,,
1782ce2db72c3dda627d5e7c898104e1,TABOAO DA SERRA,SP,9,2010.8,223.422222,10,7,9,207.37,27.22222222222222,0.2222222222222222,11.11111111111111,1,4.333333333333333,9,0.0,44.44444444444444,3,Sports Leisure,0,,,,,,,,,,
17908cf9b444ee34047cadd5c0f4a516,ANAPOLIS,GO,11,1993.99,181.271818,11,9,11,501.42,15.818181818181818,1.0909090909090908,9.090909090909092,1,4.545454545454546,11,0.0,63.63636363636363,1,Auto,0,,,,,,,,,,
17998cf586426bf0f2c3726cb0a4b211,BELO HORIZONTE,MG,2,69.8,34.9,2,2,2,45.72,6.5,1.0,0.0,0,4.0,2,0.0,50.0,2,Luggage Accessories,0,,,,,,,,,,
179d859f51292aac5c10806a356f7af9,RIBEIRAO PIRES,SP,18,404.47,22.470555,19,8,18,395.8,6.833333333333333,1.1111111111111112,5.555555555555555,1,4.388888888888889,18,5.555555555555555,61.111111111111114,1,Electronics,0,,,,,,,,,,
17a053fcb14bd219540cbde0df490be0,MOGI GUACU,SP,125,40703.14,325.62512,149,87,124,8828.43,8.5,0.832,5.6000000000000005,7,4.2,125,10.4,60.0,2,Office Furniture,0,,,,,,,,,,
17adeba047385fb0c67d8e90b4296d21,GUARULHOS,SP,1,809.7,809.7,3,1,1,287.61,,0.0,0.0,0,1.0,1,100.0,0.0,1,Office Furniture,0,,,,,,,,,,
17ca9b9e9b9ef8fdb529001b49ebb50f,BETIM,MG,116,9754.83,84.093362,129,46,116,2365.89,6.28695652173913,0.6724137931034483,0.8620689655172413,1,4.043103448275862,116,9.482758620689655,55.172413793103445,4,Bed Bath Table,0,,,,,,,,,,
17e34d8224d27a541263c4c64b11a56b,RIBERAO PRETO,SP,255,56363.24,221.032313,268,112,254,5239.96,11.218623481781377,0.37254901960784315,7.450980392156863,19,4.172549019607843,255,10.588235294117647,59.6078431372549,12,Perfumery,0,,,,,,,,,,
17eea220a40cc0d2c0c5346379682398,SAO PAULO,SP,4,1414.98,353.745,4,3,4,98.01,21.0,0.75,50.0,2,3.75,4,25.0,50.0,1,Health Beauty,0,,,,,,,,,,
17f51e7198701186712e53a39c564617,SAO PAULO,SP,56,48019.0,857.482142,61,27,56,9793.43,10.946428571428571,0.5892857142857143,8.928571428571429,5,4.339285714285714,56,5.357142857142857,66.07142857142857,1,Health Beauty,0,,,,,,,,,,
180c3376aff0e43dd5788709df48a843,SAO PAULO,SP,5,4513.0,902.6,10,3,5,209.97,16.8,0.6,20.0,1,4.4,5,0.0,80.0,2,Fixed Telephony,0,,,,,,,,,,
1835b56ce799e6a4dc4eddc053f04066,IBITINGA,SP,423,33344.21,78.827919,558,147,421,8741.95,11.189448441247002,0.47754137115839246,10.16548463356974,43,3.619385342789598,423,21.27659574468085,44.44444444444444,2,Bed Bath Table,0,,,,,,,,,,
1838dd9b8977065acf51d95e0053ea7a,BELO HORIZONTE,MG,64,2820.3,44.067187,67,14,64,1255.58,11.17741935483871,0.5625,3.125,2,4.265625,64,10.9375,70.3125,3,Computers Accessories,0,,,,,,,,,,
184725737946a1a938bbbd1a9e978103,MAUA,SP,3,359.7,119.9,3,2,3,43.87,7.333333333333333,0.0,0.0,0,4.666666666666667,3,0.0,66.66666666666666,2,Health Beauty,1,Other,Reseller,Online Big,Cat,Not Specified,0.0,0.0,0.0,0.0,0.0
184a67a8f9f63234d3a92340bbdb727f,JOINVILLE,SC,8,268.66,33.5825,11,7,8,208.34,12.571428571428571,1.0,0.0,0,3.875,8,12.5,62.5,1,Furniture Decor,0,,,,,,,,,,
186cdd1b2df32caa72cfb410bba768d3,RIO NEGRINHO,SC,6,1341.45,223.575,6,6,6,268.28,6.0,0.16666666666666666,0.0,0,5.0,6,0.0,100.0,1,Housewares,1,Other,Reseller,Online Small,Wolf,Not Specified,0.0,0.0,0.0,0.0,17.0
189ca3538ce9f920cacf0f982cbe223b,SAO PAULO,SP,4,419.0,104.75,5,4,4,62.67,2.25,1.5,0.0,0,4.25,4,0.0,75.0,1,Stationery,1,Paid Search,Manufacturer,Online Medium,Cat,Not Specified,0.0,0.0,0.0,0.0,14.0
18a349e75d307f4b4cc646a691ed4216,SAO PAULO,SP,121,8711.53,71.996115,148,42,120,2198.03,7.284403669724771,0.6363636363636364,4.958677685950414,6,3.4297520661157024,121,25.6198347107438,41.32231404958678,17,Telephony,0,,,,,,,,,,
18e694e0e48ed6f7aa3f24aade5fd697,VARZEA PAULISTA,SP,31,701.54,22.630322,34,4,31,504.23,4.193548387096774,0.45161290322580644,3.225806451612903,1,4.67741935483871,31,0.0,70.96774193548387,3,Computers Accessories,1,Other,Reseller,Online Medium,Wolf,Not Specified,0.0,0.0,0.0,0.0,25.0
1900267e848ceeba8fa32d80c1a5f5a8,IBITINGA,SP,411,24982.53,60.784744,529,127,403,8138.06,10.748768472906404,0.4768856447688564,8.02919708029197,33,3.800486618004866,411,15.571776155717762,48.9051094890511,3,Bed Bath Table,0,,,,,,,,,,
191d55f7edb8524d525ed01b20fe32e8,BRASILIA,DF,3,747.0,249.0,3,3,3,65.8,16.0,0.3333333333333333,33.33333333333333,1,2.3333333333333335,3,66.66666666666666,33.33333333333333,1,Furniture Mattress And Upholstery,0,,,,,,,,,,
1927cdb9fa74f5270097f6250e8e8f34,MARILIA,SP,1,120.0,120.0,1,1,1,58.92,8.0,0.0,0.0,0,5.0,1,0.0,100.0,1,Drinks,0,,,,,,,,,,
19484c79cef6c062cb177aa4ef2fcc3c,VALINHOS,SP,1,201.9,201.9,1,1,1,10.16,2.0,0.0,100.0,1,1.0,1,100.0,0.0,1,Perfumery,0,,,,,,,,,,
1961c3e1272bfeceb05d0b78b5bbfdaf,GUARULHOS,SP,3,896.0,298.666666,4,2,3,49.43,4.0,1.0,0.0,0,3.3333333333333335,3,33.33333333333333,33.33333333333333,1,Pc Gamer,1,Other,Reseller,Online Medium,Not Specified,Not Specified,0.0,0.0,0.0,0.0,41.0
1967a9e2ad6f51802b093147d861df58,SAO PAULO,SP,2,380.0,190.0,2,1,2,45.76,,0.0,0.0,0,1.0,2,100.0,0.0,1,Construction Tools Safety,0,,,,,,,,,,
1976a05ecf2996d6ffb7b5430e635fe7,ASSIS,SP,8,1796.2,224.525,9,4,8,394.46,10.0,0.375,25.0,2,3.875,8,12.5,50.0,4,Furniture Decor,0,,,,,,,,,,
1987cd4be10fe09ee50454f9c354d1c6,OURO FINO,MG,14,2877.7,205.55,16,7,14,257.53,10.285714285714286,0.21428571428571427,7.142857142857142,1,4.357142857142857,14,7.142857142857142,71.42857142857143,1,Pet Shop,0,,,,,,,,,,
198c7ea11960a9844b544d9bcdca860c,JACUTINGA,MG,25,1733.75,69.35,25,4,25,491.63,12.24,0.52,8.0,2,3.88,25,20.0,60.0,2,Small Appliances,0,,,,,,,,,,
1992f8fb6b19fcccd97ca819811e7267,SAO PAULO,SP,1,28.8,28.8,1,1,1,11.22,,0.0,0.0,0,1.0,1,100.0,0.0,1,Diapers And Hygiene,0,,,,,,,,,,
1996942dc085d7773ba77a529b163cd0,PRADOPOLIS,SP,10,2943.51,294.351,10,8,10,239.92,9.333333333333334,0.1,0.0,0,3.9,10,20.0,50.0,3,Watches Gifts,0,,,,,,,,,,
19a7c9f66ffa6452ff4b4c0cca71da27,ITAIPULANDIA,PR,1,279.0,279.0,1,1,1,59.74,21.0,0.0,0.0,0,5.0,1,0.0,100.0,1,Furniture Decor,0,,,,,,,,,,
19d62d484cba71963c93f0f00ab42013,GASPAR,SC,1,139.9,139.9,1,1,1,22.69,7.0,0.0,0.0,0,4.0,1,0.0,0.0,1,Furniture Decor,1,Other,Manufacturer,Not Specified,Cat,Not Specified,0.0,0.0,0.0,0.0,5.0
19e0f40a907ec568c34bfac15de4f4a1,AMERICANA,SP,4,178.0,44.5,4,1,4,41.62,3.25,0.5,0.0,0,5.0,4,0.0,100.0,1,Housewares,0,,,,,,,,,,
1a3df491d1c4f1589fc2b934ada68bf2,JOINVILLE,SC,167,23302.7,139.537125,178,5,167,4291.42,10.9,0.46706586826347307,3.592814371257485,6,4.191616766467066,167,5.389221556886228,56.886227544910184,1,Bed Bath Table,0,,,,,,,,,,
1a6245add4353f18ed55138808906979,SAO BERNARDO DO CAMPO,SP,1,30.0,30.0,1,1,1,9.34,,0.0,0.0,0,1.0,1,100.0,0.0,1,Not Specified,0,,,,,,,,,,
1a8e2d9c38b84a9702ac7922924b0573,ARAQUARI,SC,1,80.0,80.0,1,1,1,17.0,16.0,0.0,0.0,0,5.0,1,0.0,100.0,1,Not Specified,1,Paid Search,Manufacturer,Industry,Not Specified,Not Specified,0.0,0.0,0.0,0.0,10.0
1a932caad4f9d804097d7f8e615baed1,SAO PAULO,SP,20,4661.0,233.05,30,4,20,1040.45,7.9,0.5,15.0,3,3.9,20,15.0,50.0,1,Construction Tools Construction,1,Other,Reseller,Industry,Eagle,Not Specified,0.0,0.0,0.0,0.0,4.0
1acde099eb406aa220b1169b188b42da,SAO PAULO,SP,9,311.1,34.566666,10,9,9,147.4,10.11111111111111,0.5555555555555556,0.0,0,4.222222222222222,9,11.11111111111111,66.66666666666666,1,Furniture Decor,0,,,,,,,,,,
1b0b0f4f95e962d6f32fe90c759d0479,SAO PAULO,SP,2,139.8,69.9,2,2,2,23.37,4.0,0.0,0.0,0,5.0,2,0.0,100.0,1,Health Beauty,0,,,,,,,,,,
1b1ae47a313a825a7ccceb8e2e30fa9d,BOCAIUVA DO SUL,PR,11,2243.9,203.990909,11,6,11,246.5,7.8,0.18181818181818182,0.0,0,3.6363636363636362,11,27.27272727272727,63.63636363636363,4,Sports Leisure,0,,,,,,,,,,
1b45169b635ef59425637e9a33eb5fb3,MARINGA,PR,7,308.9,44.128571,8,6,7,110.45,5.0,0.14285714285714285,0.0,0,4.571428571428571,7,0.0,85.71428571428571,4,Housewares,0,,,,,,,,,,
1b4b28463457a256e9a784ebe2a8f630,PIRACICABA,SP,1,699.42,699.42,1,1,1,15.92,1.0,2.0,100.0,1,1.0,1,100.0,0.0,1,Auto,1,Other,Reseller,Online Medium,Cat,Not Specified,0.0,0.0,0.0,0.0,5.0
1b4c3a6f53068f0b6944d2d005c9fc89,SAO LUDGERO,SC,113,14760.3,130.622123,117,31,113,3031.37,12.45045045045045,0.6637168141592921,4.424778761061947,5,4.221238938053097,113,7.964601769911504,61.06194690265486,9,Housewares,0,,,,,,,,,,
1b61fb1f0f2185d89e9a126c498e9cc7,MARINGA,PR,1,49.7,49.7,1,1,1,16.11,7.0,0.0,0.0,0,5.0,1,0.0,100.0,1,Furniture Decor,0,,,,,,,,,,
1b65c144b17e607c0f37f10bb7dfec8d,RIO DO SUL,SC,5,1109.5,221.9,5,3,5,144.85,7.4,1.4,0.0,0,2.0,5,60.0,0.0,1,Construction Tools Construction,0,,,,,,,,,,
1b7e5006cb25dd23ce8686691013b121,SAO PAULO,SP,11,2636.74,239.703636,11,7,11,149.22,8.454545454545455,0.2727272727272727,18.181818181818183,2,4.363636363636363,11,0.0,63.63636363636363,1,Health Beauty,0,,,,,,,,,,
1b8356dabde1d35e17cef975c3f82730,SAO PAULO,SP,56,3426.39,61.185535,61,14,56,987.22,8.745454545454546,0.44642857142857145,1.7857142857142856,1,4.160714285714286,56,7.142857142857142,57.14285714285714,5,Sports Leisure,0,,,,,,,,,,
1b8b75e227c9a9c100d0c210fb6176ce,SAO PAULO,SP,19,1914.83,100.780526,19,15,18,280.78,5.333333333333333,0.47368421052631576,5.263157894736842,1,3.3684210526315788,19,31.57894736842105,47.368421052631575,2,Fashion Bags Accessories,0,,,,,,,,,,
1b938a7ec6ac5061a66a3766e0e75f90,PENAPOLIS,SP,30,3987.6,132.92,33,8,30,910.23,9.517241379310345,0.6666666666666666,0.0,0,4.3,30,10.0,60.0,6,Baby,0,,,,,,,,,,
1bb2bdb95f4841f1bba2c0d2cd83d3c9,SAO PAULO,SP,81,5002.71,61.761851,85,23,80,1146.56,6.860759493670886,0.6296296296296297,6.172839506172839,5,4.62962962962963,81,3.7037037037037033,77.77777777777779,5,Books General Interest,0,,,,,,,,,,
1bb3812d5f0747a3ab7348f199001a10,SAO PAULO,SP,9,834.4,92.711111,9,8,8,215.17,8.777777777777779,0.8888888888888888,0.0,0,4.888888888888889,9,0.0,88.88888888888889,1,Sports Leisure,0,,,,,,,,,,
1bc2e21de46adfea6b98cc96b00f3b40,JOINVILLE,SC,3,1039.95,346.65,5,2,3,102.6,8.666666666666666,0.6666666666666666,0.0,0,3.3333333333333335,3,0.0,0.0,1,Cool Stuff,0,,,,,,,,,,
1c129092bf23f28a5930387c980c0dfc,SAO PAULO,SP,201,9553.62,47.530447,220,15,200,3035.67,7.795,0.4129353233830846,4.477611940298507,9,4.2288557213930345,201,7.462686567164178,63.681592039801,2,Bed Bath Table,0,,,,,,,,,,
1c40343cc5d18c2d8248ac2f3366de34,LIMEIRA,SP,21,2461.41,117.21,22,12,21,378.01,4.761904761904762,0.3333333333333333,9.523809523809524,2,4.619047619047619,21,0.0,76.19047619047619,7,Perfumery,0,,,,,,,,,,
1c56ffe0e9dea2657fc6e95b53f40b13,SAO CARLOS,SP,3,183.0,61.0,3,2,3,84.39,5.333333333333333,0.6666666666666666,0.0,0,4.333333333333333,3,0.0,66.66666666666666,1,Perfumery,0,,,,,,,,,,
1c5e4e49b9079480255b49d50aac1aa9,SANTOS,SP,12,10173.11,847.759166,12,8,11,889.61,5.5,0.25,0.0,0,4.333333333333333,12,8.333333333333332,58.333333333333336,3,Bed Bath Table,0,,,,,,,,,,
1c68394e931a64f90ea236c5ea590300,SARANDI,PR,142,24832.75,174.878521,171,39,138,2896.41,10.992957746478874,0.5492957746478874,3.5211267605633805,5,3.9014084507042255,142,13.380281690140844,45.07042253521127,2,Computers Accessories,0,,,,,,,,,,
1c742ac33582852aaf3bcfbf5893abcf,BELO HORIZONTE,MG,1,97.9,97.9,1,1,1,15.79,3.0,1.0,0.0,0,5.0,1,0.0,100.0,1,Sports Leisure,1,Organic Search,Manufacturer,Online Medium,Not Specified,Not Specified,0.0,0.0,0.0,0.0,1.0
1c83418358f249c9d6affa52d579db0e,SAO PAULO,SP,1,24.9,24.9,1,1,1,14.52,7.0,0.0,0.0,0,5.0,1,0.0,100.0,1,Music,0,,,,,,,,,,
1ca4bdb0cd7fc48e949bac066188ed26,CATAGUASES,MG,4,1520.0,380.0,4,1,4,443.08,9.666666666666666,0.25,25.0,1,4.5,4,0.0,75.0,1,Office Furniture,0,,,,,,,,,,
1ca7077d890b907f89be8c954a02686a,SANTANA DE PARNAIBA,SP,115,13341.57,116.013652,137,21,113,1659.86,9.925925925925926,0.3739130434782609,15.65217391304348,18,2.3217391304347825,115,53.91304347826087,20.0,3,Not Specified,0,,,,,,,,,,
1caf283236cd69af44cbc09a0a1e7d32,NOVA IGUACU,RJ,33,917.6,27.80606,37,22,32,612.65,11.303030303030303,0.5454545454545454,9.090909090909092,3,4.606060606060606,33,6.0606060606060606,78.78787878787878,4,Toys,0,,,,,,,,,,
1cbcd2ee0afb3fc09963b87eb65e7e4f,CURITIBA,PR,1,90.0,90.0,3,1,1,40.65,2.0,1.0,0.0,0,5.0,1,0.0,100.0,1,Perfumery,0,,,,,,,,,,
1cbd32d00d01bb8087a5eb088612fd9c,SP / SP,SP,11,1045.47,95.042727,12,11,11,244.06,8.181818181818182,0.2727272727272727,9.090909090909092,1,4.181818181818182,11,9.090909090909092,54.54545454545454,5,Health Beauty,1,Organic Search,Reseller,Online Big,Cat,Not Specified,0.0,0.0,0.0,0.0,13.0
1cbd50a8c52e6cf8e315c5709fab386f,FAZENDA RIO GRANDE,PR,9,785.97,87.33,9,7,9,220.69,16.333333333333332,1.4444444444444444,11.11111111111111,1,3.7777777777777777,9,11.11111111111111,44.44444444444444,5,Telephony,0,,,,,,,,,,
1cbdc7cf130a41fd13a3c2a7d2fcfda7,LAMBARI,MG,2,165.8,82.9,2,1,2,59.81,6.5,1.5,0.0,0,5.0,2,0.0,100.0,1,Bed Bath Table,1,Other,Reseller,Offline,Eagle,Not Specified,0.0,0.0,0.0,0.0,16.0
1cd9e0cc1839d55516843def5600816d,SAO PAULO,SP,5,825.0,165.0,5,2,5,101.72,4.4,0.8,0.0,0,5.0,5,0.0,100.0,1,Bed Bath Table,0,,,,,,,,,,
1ce3ae5a399804d1a87e706f8a813c3e,JAGUARUNA,SC,40,2563.0,64.075,44,19,40,853.69,12.125,0.7,7.5,3,3.75,40,15.0,47.5,1,Furniture Decor,0,,,,,,,,,,
1d0646a72178a6fb37ee8082140e06ec,JOINVILLE,SC,2,61.0,30.5,2,2,2,36.62,6.0,0.0,0.0,0,5.0,2,0.0,100.0,2,Health Beauty,0,,,,,,,,,,
1d0997ff06b524ce9289ffd75114ecd3,RECIFE,PE,3,3747.0,1249.0,3,3,3,126.57,12.333333333333334,0.0,33.33333333333333,1,3.6666666666666665,3,33.33333333333333,66.66666666666666,2,Auto,0,,,,,,,,,,
1d139e3a3b14025640d8df1b230aace0,BARRINHA,SP,2,36.49,18.245,2,2,2,34.69,6.5,0.0,0.0,0,3.5,2,0.0,0.0,1,Sports Leisure,0,,,,,,,,,,
1d1bbb8ac1581824986f582583fff01d,INDAIAL,SC,4,166.88,41.72,4,3,4,59.59,5.5,0.0,25.0,1,3.5,4,25.0,25.0,2,Health Beauty,0,,,,,,,,,,
1d2732ef8321502ee8488e8bed1ab8cd,RIO DE JANEIRO,RJ,4,1148.0,287.0,5,4,4,80.18,7.0,1.0,25.0,1,3.0,4,25.0,0.0,1,Computers Accessories,0,,,,,,,,,,
1d29dfba02015238dfbe2449a5eaa361,VICOSA,MG,12,612.8,51.066666,12,3,12,177.12,13.25,1.1666666666666667,8.333333333333332,1,4.5,12,8.333333333333332,75.0,1,Perfumery,0,,,,,,,,,,
1d4587203296c8f4ad134dc286fa6db0,SAO PAULO,SP,42,2323.3,55.316666,43,30,42,704.24,7.625,0.5,2.380952380952381,1,4.285714285714286,42,7.142857142857142,59.523809523809526,1,Auto,0,,,,,,,,,,
1d503743d2526f03f0c2c89540ee008c,SAO PAULO,SP,12,516.04,43.003333,17,7,12,204.49,9.083333333333334,0.25,8.333333333333332,1,3.9166666666666665,12,16.666666666666664,50.0,5,Auto,0,,,,,,,,,,
1d8dbc4f32378d715c717c1c1fc57bae,ARAPONGAS,PR,92,11315.89,122.998804,98,25,91,2105.16,11.406593406593407,0.358695652173913,8.695652173913043,8,4.0,92,10.869565217391305,56.52173913043478,1,Baby,0,,,,,,,,,,
1d953075c2f0dd990bacf27b83b330f1,BELO HORIZONTE,MG,1,59.0,59.0,1,1,1,19.32,6.0,0.0,0.0,0,5.0,1,0.0,100.0,1,Computers Accessories,1,Organic Search,Reseller,Online Medium,Not Specified,Not Specified,0.0,0.0,0.0,0.0,20.0
1da366cade6d8276e7d8beea7af5d4bf,UBA,MG,43,6917.59,160.874186,49,15,43,1756.14,10.047619047619047,0.5813953488372093,6.976744186046512,3,3.86046511627907,43,13.953488372093023,46.51162790697674,3,Furniture Decor,0,,,,,,,,,,
1da3aeb70d7989d1e6d9b0e887f97c23,SAO PAULO,SP,265,8823.52,33.296301,328,155,256,4231.84,6.655172413793103,0.4188679245283019,4.528301886792453,12,4.139622641509434,265,10.18867924528302,59.62264150943396,21,Sports Leisure,0,,,,,,,,,,
1dc2de47ee26a0a5b12dc14fd6dc0dea,IBITINGA,SP,25,1670.3,66.812,27,11,25,617.2,11.92,0.64,4.0,1,4.56,25,0.0,68.0,1,Bed Bath Table,0,,,,,,,,,,
1dcfa3835714681d4ba4a93bc1e0fd41,BIRIGUI,SP,13,1278.5,98.346153,15,4,13,323.6,8.5,1.0,0.0,0,4.0,13,15.384615384615385,53.84615384615385,1,Furniture Living Room,0,,,,,,,,,,
1dd33b8119b3cb1056ed5dc88cd0aaf4,SAO PAULO,SP,8,1513.0,189.125,8,2,8,128.74,8.75,0.75,12.5,1,3.75,8,12.5,25.0,1,Musical Instruments,0,,,,,,,,,,
1de62b6f2fd96227629786db492433db,SP,SP,2,208.8,104.4,2,2,2,28.73,7.5,0.0,0.0,0,5.0,2,0.0,100.0,1,Sports Leisure,0,,,,,,,,,,
1dfe5347016252a7884b694d4f10f5c4,IBITINGA,SP,21,1693.5,80.642857,27,15,21,436.23,16.25,0.5714285714285714,23.809523809523807,5,3.3333333333333335,21,28.57142857142857,38.095238095238095,2,Bed Bath Table,0,,,,,,,,,,
1e26c56af8d48424e1df0140a2401f83,JAGUARIUNA,SP,2,258.9,129.45,2,2,2,33.49,4.5,0.0,0.0,0,5.0,2,0.0,100.0,2,Construction Tools Construction,1,Referral,Reseller,Offline,Cat,Not Specified,0.0,0.0,0.0,0.0,5.0
1e47d8b6546eb3a77b1acddcc9406242,CAMPINAS,SP,1,149.9,149.9,1,1,1,16.81,19.0,0.0,0.0,0,1.0,1,100.0,0.0,1,Fashio Female Clothing,0,,,,,,,,,,
1e47defeeadeca0e9a18fa5a9311e735,CATANDUVA,SP,3,234.12,78.04,3,3,3,57.5,11.666666666666666,0.0,0.0,0,5.0,3,0.0,100.0,2,Sports Leisure,0,,,,,,,,,,
1e483cc5c76fef08d3ca05f9a8af7d01,SAO PAULO,SP,10,171.99,17.199,11,3,10,123.08,5.555555555555555,0.3,0.0,0,4.1,10,10.0,40.0,3,Fashion Underwear Beach,0,,,,,,,,,,
1e8b33f18b4f7598d87f5cbee2282cc2,SAO PAULO,SP,123,17309.06,140.724065,140,30,123,2702.24,6.024590163934426,0.4146341463414634,3.2520325203252036,4,4.333333333333333,123,10.569105691056912,70.73170731707317,1,Bed Bath Table,0,,,,,,,,,,
1e8c6a4c538f286aee9573239740a4b4,ITATIBA,SP,5,359.7,71.94,5,5,5,87.12,5.6,0.2,0.0,0,3.8,5,0.0,40.0,3,Baby,0,,,,,,,,,,
1e9d5a33694bddb76316fd1f54734d20,JACIARA,MT,2,318.0,159.0,2,2,2,150.94,7.5,0.0,0.0,0,4.5,2,0.0,50.0,1,Furniture Bedroom,0,,,,,,,,,,
1eade46fba20122dc4aefb379f8c636b,SAO PAULO,SP,58,3635.37,62.678793,75,8,55,1038.34,10.379310344827585,0.603448275862069,12.068965517241379,7,4.431034482758621,58,5.172413793103448,68.96551724137932,1,Health Beauty,0,,,,,,,,,,
1f1bb1f0859883505541bdd6606193e5,SAO PAULO,SP,27,16040.84,594.105185,29,24,27,522.03,10.11111111111111,0.2222222222222222,11.11111111111111,3,4.333333333333333,27,3.7037037037037033,62.96296296296296,3,Fashion Bags Accessories,0,,,,,,,,,,
1f2eebc0e970fd3c463e4f5d9652687a,SAO PAULO,SP,1,44.99,44.99,1,1,1,8.48,5.0,0.0,100.0,1,5.0,1,0.0,100.0,1,Books Technical,0,,,,,,,,,,
1f50f920176fa81dab994f9023523100,SAO JOSE DO RIO PRETO,SP,1404,106939.21,76.167528,1931,23,1388,35165.77,11.852037169406719,0.6581196581196581,8.831908831908832,124,4.1260683760683765,1404,11.253561253561253,59.82905982905983,3,Garden Tools,0,,,,,,,,,,
1f7dfad2cb384ea4d2d7e1ffbd78c407,SAO PAULO,SP,1,49.0,49.0,1,1,1,8.29,1.0,0.0,0.0,0,1.0,1,100.0,0.0,1,Baby,1,Other,Manufacturer,Industry,Cat,Not Specified,0.0,0.0,0.0,0.0,1.0
1f7fd2a6fcd5a6fa5d8a4dabc72aaae0,VENANCIO AIRES,RS,3,531.8,177.266666,3,2,3,100.88,6.0,0.0,0.0,0,5.0,3,0.0,100.0,1,Housewares,0,,,,,,,,,,
1f867308a0ce13133a4e639ff4de0c02,CURITIBA,PR,7,875.1,125.014285,13,6,7,209.82,6.857142857142857,0.14285714285714285,0.0,0,4.142857142857143,7,14.285714285714285,57.14285714285714,1,Housewares,0,,,,,,,,,,
1f9ab4708f3056ede07124aad39a2554,TUPA,SP,78,13602.73,174.393974,79,5,78,2440.78,11.381578947368421,0.5897435897435898,5.128205128205128,4,4.064102564102564,78,3.8461538461538463,43.58974358974359,1,Baby,0,,,,,,,,,,
1fa2d3def6adfa70e58c276bb64fe5bb,SAO PAULO,SP,1,6.9,6.9,1,1,1,9.0,6.0,0.0,0.0,0,1.0,1,100.0,0.0,1,Housewares,0,,,,,,,,,,
1fbe10c70e30765ed1de86d9f7e98409,MAUA,SP,2,98.75,49.375,6,2,2,59.36,10.5,0.5,0.0,0,2.5,2,50.0,0.0,1,Housewares,0,,,,,,,,,,
1fdc574883ef3b33ad41562d93f3a74a,LIMEIRA,SP,18,4251.0,236.166666,18,14,18,273.27,9.38888888888889,0.4444444444444444,5.555555555555555,1,4.444444444444445,18,0.0,55.55555555555556,1,Auto,0,,,,,,,,,,
1fddcb7b326905d3ad5efe82187db347,SAO PAULO,SP,1,92.0,92.0,1,1,1,13.22,,0.0,0.0,0,1.0,1,100.0,0.0,1,Auto,0,,,,,,,,,,
1fe5540d7c1c37a595fefbacd5570d9e,PARAIBA DO SUL,RJ,20,4537.6,226.88,25,2,19,581.15,9.25,0.35,5.0,1,4.3,20,5.0,55.00000000000001,1,Computers Accessories,1,Paid Search,Reseller,Online Medium,Eagle,50-200,0.0,0.0,0.0,1.0,267.0
1fe61aa5494bd3ae92a2c13e067c810f,SANTA CECILIA,SC,1,537.76,537.76,2,1,1,100.82,8.0,0.0,0.0,0,4.0,1,0.0,0.0,1,Auto,0,,,,,,,,,,
2009a095de2a2a41626f6c6d7722678d,SAO JOSE DO RIO PRETO,SP,8,388.89,48.61125,12,4,8,193.54,7.5,0.5,0.0,0,4.375,8,12.5,75.0,2,Computers Accessories,0,,,,,,,,,,
2039c5e51785b5dde7cf93ccb3b7be2c,GUAIRA,SP,1,159.9,159.9,1,1,1,13.78,7.0,0.0,0.0,0,5.0,1,0.0,100.0,1,Housewares,1,Paid Search,Reseller,Not Specified,Wolf,Not Specified,0.0,0.0,0.0,0.0,130.0
204b4e07bddef3c9b317f70189135b22,BORDA DA MATA,MG,1,73.4,73.4,1,1,1,14.73,7.0,0.0,0.0,0,5.0,1,0.0,100.0,1,Bed Bath Table,0,,,,,,,,,,
2059c39f76271d4ca3f15b5ffaccc8b8,CURITIBA,PR,12,604.9,50.408333,12,2,12,186.39,7.25,0.5,0.0,0,4.5,12,0.0,58.333333333333336,2,Books General Interest,0,,,,,,,,,,
20611af7866c6068fd5ae1f9dbe15c92,PORTO FERREIRA,SP,2,219.8,109.9,2,2,2,114.5,4.5,0.5,0.0,0,4.5,2,0.0,50.0,2,Baby,0,,,,,,,,,,
2063dd1b9f568df1c16741ea7d3e6adb,GUARAPUAVA,PR,3,763.1,254.366666,3,3,3,57.17,11.333333333333334,0.0,0.0,0,5.0,3,0.0,100.0,1,Furniture Decor,0,,,,,,,,,,
2075d8cd4dd63ff12df0749a5866bb06,CURITIBA,PR,3,184.7,61.566666,3,2,3,57.53,3.6666666666666665,0.3333333333333333,0.0,0,5.0,3,0.0,100.0,1,Bed Bath Table,0,,,,,,,,,,
2078fe5066350e7d220c0ad3a3bbc6c1,ARAPONGAS,PR,1,29.9,29.9,1,1,1,38.14,,1.0,0.0,0,2.0,1,0.0,0.0,1,Furniture Decor,0,,,,,,,,,,
2089a6d640999f9b9141ac719b2af596,SAO CARLOS,SP,44,8830.82,200.700454,44,25,41,695.12,10.170731707317072,0.6136363636363636,11.363636363636363,5,3.727272727272727,44,25.0,56.81818181818182,3,Sports Leisure,0,,,,,,,,,,
20a7efa9721046319bdde5d60b6b5365,LAGUNA,SP,3,501.2,167.066666,6,2,3,95.39,18.333333333333332,0.3333333333333333,0.0,0,5.0,3,0.0,100.0,2,Not Specified,0,,,,,,,,,,
20a8b0dc55da94fe74d112082427c84f,ITU,SP,7,407.4,58.2,7,3,7,123.98,4.285714285714286,0.14285714285714285,14.285714285714285,1,4.285714285714286,7,14.285714285714285,71.42857142857143,2,Baby,0,,,,,,,,,,
20b54c376b794ed028df09a3cd88e8dc,SAO CAETANO DO SUL,SP,11,1342.95,122.086363,11,8,11,163.6,10.714285714285714,0.09090909090909091,18.181818181818183,2,3.0,11,36.36363636363637,27.27272727272727,5,Fixed Telephony,0,,,,,,,,,,
20cb7c2fde3e5bf10f0bbe7394e1c6a9,ANDIRA-PR,PR,32,861.9,26.934375,51,2,32,798.38,10.0,0.5625,9.375,3,4.0,32,12.5,53.125,1,Furniture Decor,0,,,,,,,,,,
20d53aad4fe5ee93a64f8839609d3586,SANTA RITA DO SAPUCAI,MG,2,51.9,25.95,2,2,2,34.54,38.0,0.0,50.0,1,2.5,2,50.0,0.0,1,Garden Tools,0,,,,,,,,,,
20d83f3ef0e6925fd74bfd59170babf7,SAO PAULO,SP,40,2903.6,72.59,54,48,40,653.61,7.175,0.45,5.0,2,4.4,40,7.5,70.0,1,Fashion Bags Accessories,0,,,,,,,,,,
20f0aeea30bc3b8c4420be8ced4226c0,SANTA BARBARA D'OESTE,SP,1,14.9,14.9,1,1,1,14.52,6.0,0.0,100.0,1,1.0,1,100.0,0.0,1,Bed Bath Table,0,,,,,,,,,,
20fd2d2080ed85fa67fad3fcbb2c1813,COLOMBO,PR,1,85.9,85.9,1,1,1,19.57,,1.0,0.0,0,1.0,1,100.0,0.0,1,Garden Tools,0,,,,,,,,,,
2138ccb85b11a4ec1e37afbd1c8eda1f,SAO PAULO,SP,396,12357.03,31.204621,429,160,393,6069.22,8.61340206185567,0.5833333333333334,4.545454545454546,18,3.9318181818181817,396,14.898989898989898,53.78787878787878,8,Telephony,0,,,,,,,,,,
213b25e6f54661939f11710a6fddb871,SALTO,SP,155,15379.5,99.22258,194,81,155,3460.46,7.197368421052632,0.4645161290322581,6.451612903225806,10,3.767741935483871,155,15.483870967741936,45.16129032258064,3,Home Construction,0,,,,,,,,,,
213fafb0ca06fb3d5886579c2565791b,SETE LAGOAS,MG,3,189.7,63.233333,3,3,3,27.16,3.3333333333333335,0.6666666666666666,0.0,0,2.3333333333333335,3,33.33333333333333,0.0,3,Cine Photo,1,Other,Reseller,Online Big,Cat,Not Specified,0.0,0.0,0.0,0.0,9.0
2156f2671501a81034d7d07f217609d0,SP,SP,22,2981.5,135.522727,22,12,22,452.39,11.952380952380953,0.7727272727272727,13.636363636363635,3,3.8636363636363638,22,13.636363636363635,45.45454545454545,4,Computers Accessories,0,,,,,,,,,,
217f005bb37ff3aeef5b2ae1788e75ba,OSASCO,SP,3,74.97,24.99,3,1,3,45.25,8.5,0.0,0.0,0,3.3333333333333335,3,33.33333333333333,33.33333333333333,1,Fashion Sport,0,,,,,,,,,,
218d46b86c1881d022bce9c68a7d4b15,RIBEIRAO PRETO,SP,388,55093.28,141.992989,427,143,378,7644.26,11.845549738219896,0.422680412371134,8.505154639175258,33,4.144329896907217,388,11.597938144329897,59.5360824742268,3,Sports Leisure,0,,,,,,,,,,
218f991754f360af9c2daa5e0b8e990c,SAO PAULO,SP,14,3554.32,253.88,17,4,14,265.22,10.357142857142858,0.14285714285714285,14.285714285714285,2,3.642857142857143,14,21.428571428571427,35.714285714285715,1,Housewares,0,,,,,,,,,,
2199e7fe213c16213bf5d6a7eadc9a5d,REGISTRO,SP,25,4078.29,163.1316,31,13,25,569.49,8.875,0.52,4.0,1,4.24,25,8.0,68.0,8,Furniture Decor,0,,,,,,,,,,
21c62b998a043ebe31161d38f84929fc,FORTALEZA,CE,4,750.49,187.6225,4,2,4,90.84,10.5,0.0,0.0,0,4.5,4,0.0,50.0,1,Auto,0,,,,,,,,,,
21d59342ba150175ca2aa4f8faddeca6,ITAQUAQUECETUBA,SP,2,259.9,129.95,2,2,2,74.39,7.5,0.0,0.0,0,4.5,2,0.0,50.0,1,Health Beauty,0,,,,,,,,,,
21e83881401b92b49fb09a16d3852291,UBERLANDIA,MG,14,3588.05,256.289285,15,9,14,594.48,7.333333333333333,0.5,0.0,0,4.357142857142857,14,7.142857142857142,71.42857142857143,2,Garden Tools,0,,,,,,,,,,
2235cf78d3e2073a88146a9cb60f0dd0,SAO PAULO,SP,1,178.99,178.99,1,1,1,25.77,10.0,1.0,0.0,0,5.0,1,0.0,100.0,1,Furniture Living Room,0,,,,,,,,,,
226b05fe067266c59c15dae208213d06,CURITIBA,PR,10,1056.9,105.69,11,8,10,188.68,9.0,0.2,0.0,0,4.5,10,10.0,80.0,2,Not Specified,0,,,,,,,,,,
228e4c1a0be164f613d41c24345f9d2c,BANDEIRANTES,PR,5,539.7,107.94,5,3,5,229.74,6.8,0.2,0.0,0,5.0,5,0.0,100.0,1,Housewares,0,,,,,,,,,,
229c3efbfb0ea2058de4ccdfbc3d784a,BELO HORIZONTE,MG,121,15744.0,130.115702,148,24,118,2362.57,9.067796610169491,0.4628099173553719,1.6528925619834711,2,3.603305785123967,121,21.487603305785125,41.32231404958678,1,Computers Accessories,0,,,,,,,,,,
22a23e5ac7061fc538cc2a019afaaf16,BELO HORIZONTE,MG,1,95.0,95.0,1,1,1,14.42,3.0,0.0,0.0,0,3.0,1,0.0,0.0,1,Food Drink,0,,,,,,,,,,
22c32ec35d0116ef02c281798a25bf8b,MARINGA,PR,4,119.58,29.895,6,2,4,90.43,10.25,0.5,0.0,0,3.75,4,0.0,25.0,2,Sports Leisure,0,,,,,,,,,,
2305ab43e846518f58dd9d59f3f54e96,SAO PAULO,SP,3,788.89,262.963333,3,3,3,42.37,8.333333333333334,0.0,0.0,0,3.6666666666666665,3,33.33333333333333,66.66666666666666,1,Perfumery,0,,,,,,,,,,
232a6014e7b10cba61c6c2b2ea6bb4b0,CAFELANDIA,SP,33,3919.87,118.783939,36,20,33,1213.4,11.65625,0.5151515151515151,3.0303030303030303,1,4.151515151515151,33,12.121212121212121,57.57575757575758,1,Pet Shop,0,,,,,,,,,,
23613d49c3ac2bd302259e55c06c050c,PORTO FERREIRA,SP,70,4293.0,61.328571,80,24,69,2167.76,8.681159420289855,0.7142857142857143,8.571428571428571,6,3.8142857142857145,70,15.714285714285714,54.285714285714285,2,Furniture Decor,0,,,,,,,,,,
236585a4ddb5fea9fa40233e2249ed91,CAXIAS DO SUL,RS,11,649.53,59.048181,11,3,11,188.14,6.818181818181818,0.6363636363636364,9.090909090909092,1,4.090909090909091,11,9.090909090909092,54.54545454545454,2,Computers Accessories,0,,,,,,,,,,
2379bdc3888025689a9deb7b141507d5,MOGI MIRIM,SP,9,999.5,111.055555,9,8,9,126.11,14.555555555555555,0.2222222222222222,22.22222222222222,2,4.333333333333333,9,11.11111111111111,66.66666666666666,2,Perfumery,0,,,,,,,,,,
238fac594e170b59c6d228f5a4f4f1d9,DOIS CORREGOS,SP,29,3126.0,107.793103,30,6,29,1419.52,10.0,0.3103448275862069,10.344827586206897,3,3.9655172413793105,29,10.344827586206897,51.724137931034484,1,Pet Shop,0,,,,,,,,,,
23a0ffca143a15b9b5bbdb7d552f626a,SAO PEDRO,SP,23,3718.51,161.674347,24,12,23,585.77,10.130434782608695,0.30434782608695654,13.043478260869565,3,3.9130434782608696,23,17.391304347826086,60.86956521739131,2,Garden Tools,0,,,,,,,,,,
23c38debaffe4a25a30fdbd9b586a13f,VOTORANTIM,SP,41,5382.18,131.272682,46,12,41,834.38,8.487804878048781,0.5853658536585366,12.195121951219512,5,4.317073170731708,41,2.4390243902439024,58.536585365853654,6,Garden Tools,0,,,,,,,,,,
23ca5f678e0b3ea6c630b30fa8bf51ea,SAO PAULO,SP,6,183.0,30.5,7,4,5,96.39,4.0,0.0,0.0,0,5.0,6,0.0,100.0,1,Home Appliances,0,,,,,,,,,,
23d7c96d4a1160db1c726b248601b25a,CAPIVARI,SP,53,11766.94,222.017735,55,40,53,1379.58,9.52,0.24528301886792453,9.433962264150944,5,3.7169811320754715,53,13.20754716981132,41.509433962264154,11,Cool Stuff,0,,,,,,,,,,
23ff42c4bf1f8f16cddb19d8b972974a,ITAU DE MINAS,MG,2,174.7,87.35,3,2,2,52.97,9.0,0.0,0.0,0,4.0,2,0.0,50.0,1,Sports Leisure,0,,,,,,,,,,
240b9776d844d37535668549a396af32,NITEROI,RJ,36,13592.08,377.557777,36,11,36,860.57,5.857142857142857,0.5,2.7777777777777777,1,4.277777777777778,36,5.555555555555555,61.111111111111114,5,Telephony,0,,,,,,,,,,
244b04680fdbded0acf5aebd9c92b44a,JUNDIAI,SP,3,3477.7,1159.233333,3,3,3,138.81,0.0,0.0,33.33333333333333,1,1.0,3,100.0,0.0,1,Musical Instruments,0,,,,,,,,,,
244c2f1bff6afe1f2eaf9bfe9b2aed38,MOGI DAS CRUZES,SP,23,2580.0,112.173913,27,11,22,1214.87,10.695652173913043,0.4782608695652174,8.695652173913043,2,3.652173913043478,23,17.391304347826086,39.130434782608695,1,Furniture Decor,0,,,,,,,,,,
247587846358bb1d2e4c6522020b36fe,SAO JOSE DO RIO PRETO,SP,1,99.0,99.0,1,1,1,22.51,3.0,0.0,0.0,0,5.0,1,0.0,100.0,1,Pet Shop,0,,,,,,,,,,
2493dc3f20131696a0ecdb9948051a8d,BRASILIA,DF,4,504.38,126.095,4,3,4,70.69,7.5,0.75,0.0,0,4.75,4,0.0,75.0,1,Cool Stuff,0,,,,,,,,,,
249f0e9905a6e06ad6c6bea7547ab9f6,RIO DE JANEIRO,RJ,3,347.95,115.983333,3,3,3,39.04,3.3333333333333335,0.3333333333333333,0.0,0,3.6666666666666665,3,33.33333333333333,66.66666666666666,2,Art,1,Organic Search,Manufacturer,Online Medium,Cat,Not Specified,0.0,0.0,0.0,0.0,2.0
24a6daf925d9d591870a66660416de31,ROBEIRAO PRETO,SP,2,60.0,30.0,2,2,2,30.08,12.5,0.5,0.0,0,4.5,2,0.0,50.0,1,Books General Interest,0,,,,,,,,,,
24c1de8d9551c0b4fbc53317d53efda8,SERRA REDONDA,PB,1,355.0,355.0,1,1,1,57.12,8.0,2.0,0.0,0,5.0,1,0.0,100.0,1,Sports Leisure,0,,,,,,,,,,
2528513dd95219a6013d4d05176e391a,OSASCO,SP,161,32689.1,203.037888,167,84,161,3749.65,7.98125,0.6645962732919255,3.7267080745341614,6,3.9130434782608696,161,15.527950310559005,55.27950310559007,3,Home Confort,0,,,,,,,,,,
2528744c5ef5d955adc318720a94d2e7,JUNDIAI,SP,5,6245.0,1249.0,5,3,5,263.7,6.4,0.8,0.0,0,2.4,5,40.0,20.0,1,Agro Industry And Commerce,0,,,,,,,,,,
252e76235acb79183cfca6e34f13337d,CAMPINAS,SP,3,261.2,87.066666,4,4,3,60.57,10.0,1.3333333333333333,0.0,0,3.3333333333333335,3,33.33333333333333,33.33333333333333,2,Furniture Decor,0,,,,,,,,,,
253c025bab43881055aeecde5e2d8b77,CURITIBA,PR,2,94.82,47.41,2,1,2,29.51,13.5,0.5,50.0,1,4.5,2,0.0,50.0,1,Housewares,0,,,,,,,,,,
253f95b3a0e6983ae18aed49fbc2b845,SAO PAULO,SP,5,799.5,159.9,5,2,5,91.44,6.8,0.4,0.0,0,4.4,5,0.0,60.0,1,Auto,0,,,,,,,,,,
257e61d3251fb5efb9daadddbc2cf7ca,APUCARANA,PR,12,7729.0,644.083333,12,12,12,1077.18,6.416666666666667,0.5,0.0,0,4.75,12,0.0,83.33333333333334,2,Baby,0,,,,,,,,,,
258447aad3f7b01e2643c89f64dc5647,CIANORTE,PR,1,51.9,51.9,1,1,1,19.55,7.0,0.0,0.0,0,5.0,1,0.0,100.0,1,Health Beauty,0,,,,,,,,,,
259f7b5e6e482c230e5bfaa670b6bb8f,POA,SP,138,8526.04,61.782898,165,24,138,2739.21,6.852941176470588,0.5579710144927537,1.4492753623188406,2,4.27536231884058,138,9.420289855072465,67.3913043478261,2,Bed Bath Table,0,,,,,,,,,,
25be943a321c8938947bdaabca979a90,SAO BERNARDO DO CAMPO,SP,5,769.0,153.8,5,2,4,138.55,1.0,0.0,0.0,0,3.0,5,40.0,20.0,1,Kitchen Dining Laundry Garden Furniture,0,,,,,,,,,,
25c5c91f63607446a97b143d2d535d31,ITAUNA,MG,158,54679.22,346.071012,269,18,152,7000.11,9.435897435897436,0.7911392405063291,6.962025316455696,11,3.8164556962025316,158,14.556962025316455,46.835443037974684,2,Computers Accessories,0,,,,,,,,,,
25cf099de44674fde97473224f9d59ab,COTIA,SP,50,1654.36,33.0872,50,30,49,705.19,7.6,0.44,4.0,2,4.26,50,6.0,64.0,1,Auto,0,,,,,,,,,,
25debeafbce801fdd479539350185eee,IGARACU DO TIETE,SP,6,302.84,50.473333,7,3,6,100.01,9.4,0.3333333333333333,0.0,0,2.6666666666666665,6,50.0,16.666666666666664,2,Perfumery,0,,,,,,,,,,
25e47381a6c510ddeb36084e33b89f0c,PRAIA GRANDE,SP,16,1289.6,80.6,17,11,16,282.11,6.625,0.6875,0.0,0,4.25,16,6.25,56.25,2,Bed Bath Table,0,,,,,,,,,,
25e6ffe976bd75618accfe16cefcbd0d,SAO PAULO,SP,108,11691.61,108.255648,117,54,108,1705.24,7.962264150943396,0.5462962962962963,2.7777777777777777,3,4.407407407407407,108,6.481481481481481,67.5925925925926,6,Toys,0,,,,,,,,,,
262237171f48e85819065498cac80d7b,BRUSQUE,SC,4,599.0,149.75,10,1,3,150.0,9.25,0.5,0.0,0,4.25,4,0.0,25.0,1,Sports Leisure,0,,,,,,,,,,
2646baaf662d4d92ac48f047e35db92d,SAO PAULO,SP,15,1263.05,84.203333,18,10,15,286.34,3.8666666666666667,0.4,6.666666666666667,1,4.466666666666667,15,6.666666666666667,80.0,4,Auto,1,Other,Reseller,Online Medium,Eagle,Not Specified,0.0,0.0,0.0,0.0,1.0
26562f211dd1364af2a8596dc945e8ae,SAO BERNARDO DO CAMPO,SP,2,99.0,49.5,2,2,2,16.11,1.0,0.0,0.0,0,5.0,2,0.0,100.0,2,Bed Bath Table,0,,,,,,,,,,
265fdc289dffa9f1ad801c74f7d0de47,JACI,SP,1,495.0,495.0,1,1,1,51.55,6.0,0.0,0.0,0,5.0,1,0.0,100.0,1,Furniture Bedroom,0,,,,,,,,,,
26785a546900236d66f2e4197c211158,SAO PAULO,SP,15,1019.2,67.946666,15,12,15,225.45,3.3333333333333335,0.26666666666666666,0.0,0,4.666666666666667,15,6.666666666666667,86.66666666666667,1,Consoles Games,0,,,,,,,,,,
269c5fc9fcadee614364c3620c30a1f9,GUARULHOS,SP,3,209.6,69.866666,6,2,3,45.12,1.6666666666666667,0.0,0.0,0,5.0,3,0.0,100.0,1,Luggage Accessories,1,Paid Search,Reseller,Offline,Wolf,Not Specified,0.0,0.0,0.0,0.0,62.0
269cff2d3c8d205c11f37a52402ea93b,CATANDUVA,SP,4,1281.59,320.3975,5,3,4,133.41,5.25,0.0,0.0,0,4.5,4,0.0,50.0,2,Agro Industry And Commerce,0,,,,,,,,,,
26af45f5dfd967225a832838aa4e24a3,CURITIBA,PR,10,573.1,57.31,11,7,10,198.51,7.8,0.5,0.0,0,4.1,10,20.0,70.0,1,Auto,0,,,,,,,,,,
26b482dccfa29bd2e40703ba45523702,SANTA BARBARA D´OESTE,SP,3,344.78,114.926666,4,3,3,67.63,2.3333333333333335,0.0,0.0,0,5.0,3,0.0,100.0,2,Pet Shop,0,,,,,,,,,,
26bad72add1f86e08a776ce4ffdaf1ca,PEDREGULHO,SP,7,622.0,88.857142,7,5,7,123.92,8.571428571428571,0.5714285714285714,0.0,0,4.428571428571429,7,0.0,57.14285714285714,1,Food Drink,0,,,,,,,,,,
26d6bbee02420494d471c9f6436929c0,CURITIBA,PR,12,434.51,36.209166,13,10,12,247.19,6.666666666666667,0.75,0.0,0,4.666666666666667,12,0.0,66.66666666666666,4,Auto,0,,,,,,,,,,
26d8a1c7c75d513045798992ead43aa2,APUCARANA,PR,36,8244.12,229.003333,38,21,36,701.66,9.470588235294118,0.2777777777777778,8.333333333333332,3,4.305555555555555,36,11.11111111111111,69.44444444444444,3,Perfumery,0,,,,,,,,,,
26e13b6ff5b641b329e5524241ee2c93,FRANCA,SP,4,119.7,29.925,4,4,4,69.98,6.0,0.0,0.0,0,4.0,4,25.0,75.0,2,Fashion Bags Accessories,0,,,,,,,,,,
26e2c91ef821e1ff8985f408788fe35b,IBITINGA,SP,12,1649.4,137.45,14,10,12,274.47,23.083333333333332,0.5833333333333334,41.66666666666667,5,3.0,12,25.0,25.0,1,Bed Bath Table,1,Direct Traffic,Manufacturer,Not Specified,Not Specified,Not Specified,0.0,0.0,0.0,0.0,33.0
26e2e5033827d2ba53929f43e03d8ffe,SAO PAULO,SP,1,139.49,139.49,1,1,1,15.29,3.0,0.0,0.0,0,5.0,1,0.0,100.0,1,Furniture Decor,0,,,,,,,,,,
26f6b7ab07be3e9e69ce82a6552efc19,RIO DE JANEIRO,RJ,2,54.8,27.4,2,2,2,25.95,3.5,1.0,50.0,1,3.0,2,50.0,50.0,2,Sports Leisure,0,,,,,,,,,,
270297ead4c65a6cd2593960d2af6b21,SAO PAULO,SP,18,9422.4,523.466666,20,12,17,546.1,11.176470588235293,0.2222222222222222,0.0,0,3.888888888888889,18,5.555555555555555,50.0,3,Furniture Decor,0,,,,,,,,,,
270572bb714b00531be85e16e1550f26,MAUA,SP,1,96.99,96.99,1,1,1,14.77,9.0,0.0,0.0,0,5.0,1,0.0,100.0,1,Bed Bath Table,0,,,,,,,,,,
2709af9587499e95e803a6498a5a56e9,SAO PAULO,SP,26,1279.56,49.213846,47,15,26,579.46,8.56,0.6538461538461539,11.538461538461538,3,3.8076923076923075,26,19.230769230769234,53.84615384615385,2,Health Beauty,0,,,,,,,,,,
270d3ef21830ad0ecf3a6c53d08a533a,CARAPICUIBA,SP,6,509.0,84.833333,18,3,5,234.67,6.6,0.5,0.0,0,2.3333333333333335,6,50.0,16.666666666666664,1,Diapers And Hygiene,0,,,,,,,,,,
271b8923c6a549e02d3c9fd1f8c0422b,PRAIA GRANDE,SP,1,105.19,105.19,1,1,1,13.4,5.0,2.0,100.0,1,4.0,1,0.0,0.0,1,Construction Tools Construction,1,Other,Reseller,Offline,Cat,Not Specified,0.0,0.0,0.0,0.0,35.0
271c58a1d139c45eaf3316107c6d3a3b,SAO PAULO,SP,29,3897.52,134.397241,29,6,29,671.19,7.037037037037037,0.4482758620689655,6.896551724137931,2,4.068965517241379,29,6.896551724137931,62.06896551724138,1,Baby,1,Organic Search,Reseller,Not Specified,Cat,Not Specified,0.0,0.0,0.0,0.0,47.0
272f092de69afedd4d2969440b37f18f,SAO PAULO,SP,26,1935.33,74.435769,40,25,23,536.01,7.36,0.2692307692307692,0.0,0,3.730769230769231,26,23.076923076923077,50.0,4,Fashion Bags Accessories,0,,,,,,,,,,
2745f798279e0ed033addcc1474776d7,SAO PAULO,SP,32,3668.53,114.641562,32,13,31,696.46,9.875,0.75,9.375,3,3.90625,32,9.375,50.0,1,Sports Leisure,0,,,,,,,,,,
276677b5d08786d5dce7c2149dcce48b,BELO HORIZONTE,MG,33,3522.0,106.727272,47,18,32,798.64,9.709677419354838,0.8787878787878788,6.0606060606060606,2,3.909090909090909,33,15.151515151515152,54.54545454545454,6,Housewares,0,,,,,,,,,,
278b6e0b20c4f61fefaa0577943d7a35,ITAJAI,SC,1,1078.0,1078.0,2,1,1,74.62,,5.0,0.0,0,1.0,1,100.0,0.0,1,Construction Tools Lights,0,,,,,,,,,,
27a56ff04b34c2ba34ce6ba4d3b9d616,CAMPINAS,SP,8,349.29,43.66125,8,7,8,102.98,9.625,0.375,12.5,1,4.125,8,12.5,62.5,2,Market Place,0,,,,,,,,,,
282c7480173bb9c01dd41cc739fec010,SAO PAULO,SP,5,4274.2,854.84,8,4,5,192.11,11.8,1.0,20.0,1,3.4,5,40.0,60.0,2,Health Beauty,0,,,,,,,,,,
282f23a9769b2690c5dda22e316f9941,BELO HORIZONTE,MG,99,6505.08,65.707878,110,41,99,1881.88,7.744897959183674,0.6161616161616161,4.040404040404041,4,4.333333333333333,99,4.040404040404041,60.60606060606061,6,Food Drink,0,,,,,,,,,,
28405831a29823802aa22c084cfd0649,SAO PAULO,SP,7,245.0,35.0,7,1,7,88.18,2.5,0.7142857142857143,0.0,0,4.285714285714286,7,0.0,42.857142857142854,1,Christmas Supplies,0,,,,,,,,,,
28872dc528e978a639754bc8c2ce5a4c,CAXIAS DO SUL,RS,1,1009.9,1009.9,1,1,1,29.0,3.0,0.0,0.0,0,5.0,1,0.0,100.0,1,Housewares,1,Paid Search,Manufacturer,Online Medium,Cat,Not Specified,0.0,0.0,0.0,0.0,29.0
289cdb325fb7e7f891c38608bf9e0962,BELO HORIZONTE,SP,110,13544.95,123.135909,126,25,109,2094.34,5.027522935779817,0.5545454545454546,1.8181818181818181,2,4.572727272727272,110,4.545454545454546,76.36363636363637,4,Perfumery,0,,,,,,,,,,
28a26ebce31d5918b181ede016fd693b,BELO HORIZONTE,MG,1,29.9,29.9,1,1,1,17.14,8.0,0.0,0.0,0,5.0,1,0.0,100.0,1,Health Beauty,0,,,,,,,,,,
28c7d8743fbc8679f484868cc0fcaefb,ITAPORANGA,SP,3,201.5,67.166666,3,2,3,68.86,10.666666666666666,0.0,0.0,0,5.0,3,0.0,100.0,1,Health Beauty,1,Social,Reseller,Offline,Wolf,Not Specified,0.0,0.0,0.0,0.0,29.0
28d162ab86bb49d719c32f0ee6186eaa,RIBEIRAO PRETO,SP,1,109.99,109.99,1,1,1,17.21,16.0,0.0,0.0,0,4.0,1,0.0,0.0,1,Sports Leisure,0,,,,,,,,,,
28ea411b354f14b1a494be4e79f0ce02,SAO PAULO,SP,6,820.0,136.666666,6,6,6,76.93,7.0,0.0,0.0,0,4.666666666666667,6,0.0,66.66666666666666,2,Bed Bath Table,0,,,,,,,,,,
28f10b1c5e5abb9d4857745bede6147c,SAO PAULO,SP,28,835.0,29.821428,28,4,28,350.42,5.785714285714286,0.39285714285714285,14.285714285714285,4,4.0,28,14.285714285714285,53.57142857142857,3,Electronics,1,Social,Reseller,Online Big,Cat,Not Specified,0.0,0.0,0.0,0.0,1.0
28fb0829fd777877cdc350d25cb5bd5b,SAO JOSE DO RIO PRET,SP,4,499.6,124.9,4,2,4,69.66,13.0,0.25,0.0,0,3.75,4,25.0,50.0,1,Health Beauty,0,,,,,,,,,,
293dee954235e4e4e43f129313625ebe,BRASILIA,DF,8,1778.92,222.365,8,6,8,240.3,12.375,0.875,0.0,0,5.0,8,0.0,100.0,2,Not Specified,0,,,,,,,,,,
2953ce3a88f5e3c3b696d77fc9e4c8eb,SAO PAULO,SP,14,470.0,33.571428,15,7,14,161.32,5.642857142857143,0.5714285714285714,7.142857142857142,1,4.642857142857143,14,7.142857142857142,85.71428571428571,2,Books Technical,0,,,,,,,,,,
296729ffb9b684050dd24836dac4494a,CURITIBA,SP,2,114.0,57.0,2,2,2,35.61,5.0,1.0,0.0,0,5.0,2,0.0,100.0,2,Bed Bath Table,0,,,,,,,,,,
297d5eccd19fa9a83b2630071ff105e4,CURITIBA,PR,8,834.97,104.37125,8,3,8,141.76,5.25,0.875,0.0,0,5.0,8,0.0,100.0,1,Housewares,0,,,,,,,,,,
299c89a525fee36c567f4fe72f038100,VARZEA ALEGRE,CE,2,658.0,329.0,2,2,2,99.75,9.0,0.0,0.0,0,2.0,2,50.0,0.0,2,Agro Industry And Commerce,1,Organic Search,Manufacturer,Online Big,Not Specified,Not Specified,0.0,0.0,0.0,0.0,22.0
29c322e3f09f886f8bacbe91dfbd979e,SANTA MARIA,RS,1,48.98,48.98,2,2,1,56.59,5.0,2.0,0.0,0,5.0,1,0.0,100.0,1,Auto,0,,,,,,,,,,
29e6e05b65f93bc224c644319dc52ecf,JUIZ DE FORA,MG,4,475.6,118.9,4,3,4,83.32,5.75,0.0,0.0,0,4.75,4,0.0,75.0,1,Baby,0,,,,,,,,,,
29fe9f200d3fa0c668d2aa1ec7e08dfb,BALNEARIO CAMBORIU,SC,5,400.0,80.0,5,4,5,114.16,7.4,0.0,0.0,0,4.0,5,20.0,60.0,1,Telephony,0,,,,,,,,,,
2a1348e9addc1af5aaa619b1a3679d6b,BELO HORIZONTE,MG,52,2843.0,54.673076,55,34,52,788.4,22.1875,0.46153846153846156,25.0,13,3.076923076923077,52,36.53846153846153,32.69230769230769,12,Furniture Decor,0,,,,,,,,,,
2a167ca73899c85001a837d8fb4962f6,SAO PAULO,SP,2,4097.0,2048.5,3,2,2,100.62,5.0,0.0,0.0,0,4.5,2,0.0,50.0,1,Costruction Tools Tools,0,,,,,,,,,,
2a261b5b644fa05f4f2700eb93544f2c,PORTO FERREIRA,SP,51,5355.0,105.0,82,21,50,2041.73,11.882352941176471,0.5490196078431373,15.686274509803921,8,3.843137254901961,51,19.607843137254903,50.98039215686274,1,Furniture Decor,0,,,,,,,,,,
2a50b7ee5aebecc6fd0ff9784a4747d6,BRASILIA,DF,1,199.8,199.8,2,1,1,64.44,36.0,0.0,100.0,1,1.0,1,100.0,0.0,1,Construction Tools Construction,0,,,,,,,,,,
2a5b78b41cd05baeac8df54c6606b92c,FORMIGA,MG,49,19025.36,388.272653,60,23,47,1107.47,7.260869565217392,0.3673469387755102,2.0408163265306123,1,4.326530612244898,49,10.204081632653061,71.42857142857143,1,Health Beauty,0,,,,,,,,,,
2a61c271b1ac763450d846849783e922,SANTO ANDRE,SP,18,1516.76,84.264444,23,6,18,496.37,17.333333333333332,0.4444444444444444,22.22222222222222,4,4.055555555555555,18,11.11111111111111,66.66666666666666,2,Health Beauty,0,,,,,,,,,,
2a6fbeaa7ab9e5d59a35841a8da71ce4,JARAGUA DO SUL,SC,30,1632.79,54.426333,30,10,30,632.49,10.333333333333334,0.26666666666666666,6.666666666666667,2,3.8666666666666667,30,13.333333333333334,53.333333333333336,4,Small Appliances,0,,,,,,,,,,
2a73cba571d90c694b7caca072ccf6ce,SAO CAETANO DO SUL,SP,1,342.78,342.78,2,1,1,38.7,9.0,1.0,0.0,0,5.0,1,0.0,100.0,1,Furniture Decor,0,,,,,,,,,,
2a7c6c0b0d5efde2bf75ec1e1cec2d41,MARINGA,PR,3,147.6,49.2,3,3,3,44.44,7.0,0.6666666666666666,0.0,0,3.3333333333333335,3,33.33333333333333,33.33333333333333,1,Furniture Decor,0,,,,,,,,,,
2a7dc43cecabf23403078e2188437d1d,SAO PAULO,SP,52,4795.91,92.229038,54,14,52,833.71,8.942307692307692,0.46153846153846156,5.769230769230769,3,4.096153846153846,52,9.615384615384617,51.92307692307693,6,Furniture Decor,0,,,,,,,,,,
2a84855fd20af891be03bc5924d2b453,BELO HORIZONTE,MG,164,15819.1,96.457926,168,55,163,3451.51,6.638709677419355,0.4573170731707317,2.4390243902439024,4,4.237804878048781,164,9.75609756097561,65.2439024390244,8,Stationery,0,,,,,,,,,,
2aa3443d7bf9d9bb11133f420d75e083,RIO DE JANEIRO,RJ,10,647.0,64.7,10,7,10,134.12,8.4,0.2,20.0,2,3.0,10,40.0,30.0,3,Sports Leisure,0,,,,,,,,,,
2aafae69bf4c41fbd94053d9413e87ee,PORTO ALEGRE,RS,2,94.0,47.0,2,2,2,29.87,5.5,1.0,0.0,0,4.5,2,0.0,50.0,1,Stationery,1,Social,Manufacturer,Online Medium,Cat,Not Specified,0.0,0.0,0.0,0.0,16.0
2addf05f476d0637864454e93ba673d5,BRASILIA,DF,12,4552.0,379.333333,12,8,11,325.64,9.0,0.25,0.0,0,5.0,12,0.0,100.0,1,Computers Accessories,0,,,,,,,,,,
2b03ac196f5ed62ac483960fe0fa3b65,SAO PAULO,SP,7,843.1,120.442857,7,5,7,92.09,11.428571428571429,0.14285714285714285,14.285714285714285,1,4.142857142857143,7,14.285714285714285,57.14285714285714,2,Health Beauty,0,,,,,,,,,,
2b1a40c1daabc6ca280c4b815c101841,DIVINOPOLIS,MG,23,12732.6,553.591304,35,20,23,1902.28,12.272727272727273,0.391304347826087,4.3478260869565215,1,3.6956521739130435,23,17.391304347826086,47.82608695652174,1,Auto,0,,,,,,,,,,
2b2fed75b8e5ea3a052fc4c0825da485,JUIZ DE FORA,MG,3,510.9,170.3,4,3,3,59.93,3.3333333333333335,1.6666666666666667,0.0,0,5.0,3,0.0,100.0,1,Toys,0,,,,,,,,,,
2b3b9ce054da76a7428df143a567b156,SAO PAULO,SP,5,301.0,60.2,6,3,5,62.28,5.6,0.6,0.0,0,3.6,5,20.0,20.0,1,Furniture Decor,0,,,,,,,,,,
2b3e4a2a3ea8e01938cabda2a3e5cc79,SAO PAULO,SP,52,23629.15,454.40673,54,13,52,905.95,5.730769230769231,0.8461538461538461,0.0,0,4.365384615384615,52,7.6923076923076925,67.3076923076923,1,Computers Accessories,0,,,,,,,,,,
2b402d5dc42554061f8ea98d1916f148,IRECE,BA,1,299.89,299.89,1,1,1,63.9,4.0,0.0,0.0,0,5.0,1,0.0,100.0,1,Toys,0,,,,,,,,,,
2b5ed0c9139dae8883a200dfcb272ece,SAO PAULO,SP,4,85.41,21.3525,4,1,4,59.34,13.5,0.5,25.0,1,4.25,4,0.0,50.0,1,Stationery,0,,,,,,,,,,
2ba91c7ad80ff88b23b7db823b43c233,ITU,SP,6,740.4,123.4,6,4,6,99.93,17.5,0.3333333333333333,16.666666666666664,1,3.8333333333333335,6,0.0,33.33333333333333,2,Pet Shop,1,Direct Traffic,Reseller,Not Specified,Not Specified,Not Specified,0.0,0.0,0.0,0.0,32.0
2bd05d410a8fd26dc4184a15f4f2f588,BELO HORIZONTE,MG,6,1316.73,219.455,7,6,6,198.54,6.166666666666667,0.6666666666666666,0.0,0,5.0,6,0.0,100.0,3,Cool Stuff,0,,,,,,,,,,
2bdb95a56a36ebbc6640337ac5eac174,SAO PAULO,SP,1,89.9,89.9,1,1,1,18.0,2.0,4.0,0.0,0,5.0,1,0.0,100.0,1,Health Beauty,0,,,,,,,,,,
2be17df1c49978426251562096c3cc09,TUBARAO,SC,16,2165.0,135.3125,16,10,16,312.55,10.5625,0.3125,6.25,1,4.1875,16,6.25,50.0,3,Fashion Bags Accessories,0,,,,,,,,,,
2bf28e311bba65237358230cabac3f15,LONDRINA,PR,7,294.0,42.0,8,6,7,183.88,7.428571428571429,1.2857142857142858,28.57142857142857,2,3.7142857142857144,7,28.57142857142857,57.14285714285714,3,Costruction Tools Garden,0,,,,,,,,,,
2bf6a2c1e71bbd29a4ad64e6d3c3629f,NOVA FRIBURGO,RJ,30,50628.9,1687.63,31,28,30,1000.59,10.933333333333334,0.5333333333333333,6.666666666666667,2,4.166666666666667,30,13.333333333333334,63.33333333333333,2,Watches Gifts,0,,,,,,,,,,
2c00c85d30361cd2ced2969cffbbffa3,BELO HORIZONTE,MG,1,49.8,49.8,1,1,1,7.71,1.0,0.0,0.0,0,5.0,1,0.0,100.0,1,Baby,0,,,,,,,,,,
2c2c9832d1bb38c5b0034a3b47d313ee,SANTA MARIA,RS,1,49.9,49.9,1,1,1,18.45,7.0,0.0,0.0,0,3.0,1,0.0,0.0,1,Perfumery,1,Paid Search,Manufacturer,Industry,Cat,Not Specified,0.0,0.0,0.0,0.0,3.0
2c3d56f92f360fb89d849b84e8f50eae,BARUERI,SP,8,465.6,58.2,8,5,8,124.84,11.857142857142858,0.375,12.5,1,3.125,8,37.5,50.0,4,Health Beauty,0,,,,,,,,,,
2c43fb513632d29b3b58df74816f1b06,BELO HORIZONTE,MG,3,858.0,286.0,3,3,3,72.17,3.0,0.3333333333333333,0.0,0,3.6666666666666665,3,33.33333333333333,66.66666666666666,2,Pet Shop,1,Organic Search,Reseller,Online Medium,Cat,Not Specified,0.0,0.0,0.0,0.0,5.0
2c4c47cb51acd5ea5db5e0ae0e26542a,BURITAMA,SP,12,2575.9,214.658333,15,4,11,341.47,8.333333333333334,0.5833333333333334,0.0,0,4.666666666666667,12,0.0,66.66666666666666,1,Pet Shop,0,,,,,,,,,,
2c538755f1ca9540af144f266e70df6c,CASTRO PIRES,MG,1,334.99,334.99,1,1,1,24.92,4.0,0.0,0.0,0,5.0,1,0.0,100.0,1,Auto,0,,,,,,,,,,
2c54051840f19eca309a5423cf22df36,CURITIBA,PR,2,23.7,11.85,2,2,2,28.57,3.5,0.0,0.0,0,4.5,2,0.0,50.0,1,Sports Leisure,0,,,,,,,,,,
2c9005d8043aff18b8557ffb7b13cda4,CACHOEIRO DE ITAPEMIRIM,ES,1,109.9,109.9,1,1,1,19.74,5.0,1.0,0.0,0,5.0,1,0.0,100.0,1,Furniture Decor,0,,,,,,,,,,
2c9e548be18521d1c43cde1c582c6de8,MOGI DAS CRUZES,SP,126,6109.44,48.487619,174,15,125,2493.61,11.701612903225806,0.5238095238095238,15.079365079365079,19,4.079365079365079,126,12.698412698412698,58.730158730158735,5,Stationery,0,,,,,,,,,,
2cb4700db635baa1c0d4f90ed27b6669,CURITIBA,PR,2,199.8,99.9,2,2,2,28.92,3.0,0.0,0.0,0,2.0,2,50.0,0.0,1,Baby,0,,,,,,,,,,
2cb6eb1b7185064167657fa09f541105,SABARA,MG,6,1217.9,202.983333,7,6,6,164.78,4.666666666666667,0.5,0.0,0,4.333333333333333,6,16.666666666666664,83.33333333333334,4,Furniture Decor,1,Paid Search,Manufacturer,Online Medium,Not Specified,Not Specified,0.0,0.0,0.0,0.0,7.0
2cb98e27ce1c18abdb42209b34c382a7,RIBEIRAO PRETO,SP,1,62.49,62.49,1,1,1,57.21,18.0,0.0,0.0,0,4.0,1,0.0,0.0,1,Auto,1,Other,Reseller,Not Specified,Cat,Not Specified,0.0,0.0,0.0,0.0,6.0
2d20f1cd18725c91147da0791d498022,LONDRINA,PR,1,99.8,99.8,1,1,1,19.89,8.0,0.0,0.0,0,5.0,1,0.0,100.0,1,Housewares,0,,,,,,,,,,
2d22fc3089eb907b29ebff50581fb472,MACAE,RJ,3,317.7,105.9,3,1,3,59.69,8.666666666666666,0.0,0.0,0,3.6666666666666665,3,0.0,33.33333333333333,1,Home Construction,0,,,,,,,,,,
2d2322d842118867781fc737e96d59a1,SAO PAULO,SP,8,176.4,22.05,10,5,8,104.97,5.875,1.375,12.5,1,4.875,8,0.0,87.5,1,Health Beauty,1,Direct Traffic,Reseller,Online Medium,Cat,Not Specified,0.0,0.0,0.0,0.0,37.0
2d2c62bef4c8ba0dd74e0e228e808539,RIBEIRAO PRETO,SP,16,3749.0,234.3125,16,9,16,481.48,8.5625,0.0625,12.5,2,4.125,16,18.75,75.0,4,Small Appliances,0,,,,,,,,,,
2d34636518ba88f5349b732fcf8ba2e4,SAO PAULO,SP,1,150.0,150.0,1,1,1,18.63,9.0,1.0,0.0,0,5.0,1,0.0,100.0,1,Music,1,Other,Reseller,Industry,Not Specified,Not Specified,0.0,0.0,0.0,0.0,14.0
2d378dbb39815785238c0139c7647fb7,SAO FRANCISCO DO SUL,SC,2,1154.0,577.0,2,1,2,300.44,13.0,3.0,0.0,0,5.0,2,0.0,100.0,1,Furniture Living Room,0,,,,,,,,,,
2d42ebcda99fd55f6f4bc2f1ca035d50,URUACU,GO,10,921.5,92.15,11,3,10,282.47,7.9,0.4,0.0,0,4.3,10,10.0,60.0,2,Small Appliances,1,Social,Reseller,Online Big,Cat,Not Specified,0.0,0.0,0.0,0.0,45.0
2d50d6282f8aa2257819a77bfaa0efe0,IBITINGA,SP,44,3353.48,76.215454,45,15,44,798.04,10.642857142857142,0.5454545454545454,9.090909090909092,4,3.7045454545454546,44,18.181818181818183,45.45454545454545,3,Bed Bath Table,0,,,,,,,,,,
2d518637f53161b973e01f56ea4bb88e,SAO PAULO,SP,13,1219.89,93.837692,13,2,13,319.81,9.307692307692308,0.7692307692307693,0.0,0,4.923076923076923,13,0.0,92.3076923076923,1,Sports Leisure,0,,,,,,,,,,
2d8cfba3fcd3170555941605edaa196a,OSASCO,SP,1,45.0,45.0,1,1,1,10.96,4.0,0.0,0.0,0,5.0,1,0.0,100.0,1,Books Technical,0,,,,,,,,,,
2d9e8987a2ea5cf88dce330249043ff1,JACI,SP,2,239.8,119.9,2,2,2,104.37,7.0,0.0,0.0,0,4.5,2,0.0,50.0,1,Furniture Living Room,0,,,,,,,,,,
2dcf93836ae3ce0d7c93e2f10876467a,SAO JOSE DOS CAMPOS,SP,9,1443.8,160.422222,12,9,9,178.64,4.333333333333333,0.5555555555555556,22.22222222222222,2,4.111111111111111,9,0.0,55.55555555555556,2,Housewares,0,,,,,,,,,,
2dd1fb6f0e42a2243b8a01e40cd41216,CURITIBA,PR,4,845.89,211.4725,5,4,4,96.84,12.333333333333334,0.75,0.0,0,3.0,4,50.0,50.0,1,Sports Leisure,0,,,,,,,,,,
2dee2ce60de9709b1a24083217181a1f,SINOP,MT,54,7784.5,144.157407,55,8,54,2060.06,12.018518518518519,0.5185185185185185,1.8518518518518516,1,4.425925925925926,54,3.7037037037037033,66.66666666666666,1,Perfumery,0,,,,,,,,,,
2e0dba2da448400b1c11d7b4b22f32a4,SANTO ANDRE,SP,7,235.87,33.695714,13,5,7,171.83,5.714285714285714,1.2857142857142858,0.0,0,3.142857142857143,7,28.57142857142857,28.57142857142857,1,Auto,0,,,,,,,,,,
2e13c71026e1a39ba5cc1b86dcb679aa,SAO PAULO,SP,24,3793.0,158.041666,28,9,24,517.21,7.583333333333333,0.4583333333333333,4.166666666666666,1,4.375,24,8.333333333333332,75.0,1,Sports Leisure,0,,,,,,,,,,
2e1a7d075abe038c1b2743005fe42ff1,SAO PAULO,SP,19,1396.7,73.510526,23,13,18,353.85,9.222222222222221,0.42105263157894735,15.789473684210526,3,4.052631578947368,19,15.789473684210526,63.1578947368421,2,Health Beauty,0,,,,,,,,,,
2e1c9f22be269ef4643f826c9e650a52,SAO PAULO,SP,167,12687.68,75.974131,173,72,165,2434.69,7.627329192546584,0.3592814371257485,5.9880239520958085,10,4.107784431137724,167,13.17365269461078,61.07784431137725,3,Health Beauty,0,,,,,,,,,,
2e2f44824ab87a0cb961f68bf4073e7f,CURITIBA,PR,1,48.0,48.0,1,1,1,17.93,2.0,2.0,0.0,0,2.0,1,0.0,0.0,1,Not Specified,0,,,,,,,,,,
2e3be8a987a30d7544dbbda6861cc14e,BELO HORIZONTE,MG,18,4430.84,246.157777,19,16,18,346.71,11.357142857142858,0.4444444444444444,5.555555555555555,1,3.1666666666666665,18,33.33333333333333,27.77777777777778,1,Computers Accessories,0,,,,,,,,,,
2e7ea2aafec5835e781b21d6d1faf1f1,SAO PAULO,SP,7,528.4,75.485714,7,4,7,118.22,4.428571428571429,0.14285714285714285,14.285714285714285,1,4.0,7,14.285714285714285,42.857142857142854,1,Health Beauty,1,Email,Reseller,Online Medium,Cat,Not Specified,0.0,0.0,0.0,0.0,88.0
2e90cb1677d35cfe24eef47d441b7c87,SAO PAULO,SP,127,13894.71,109.407165,137,22,124,2887.45,10.05511811023622,0.47244094488188976,12.598425196850393,16,4.118110236220472,127,11.811023622047244,61.417322834645674,3,Electronics,0,,,,,,,,,,
2ea0861cc19e94cad86438c984c52da4,SAO PAULO,SP,6,165.6,27.6,6,5,6,62.45,3.1666666666666665,0.6666666666666666,0.0,0,3.3333333333333335,6,16.666666666666664,16.666666666666664,5,Housewares,0,,,,,,,,,,
2eb70248d66e0e3ef83659f71b244378,CAMPINAS,SP,202,42628.61,211.032722,212,33,201,3231.49,6.679144385026738,0.45544554455445546,10.396039603960396,21,2.6633663366336635,202,41.584158415841586,23.26732673267327,12,Watches Gifts,0,,,,,,,,,,
2ec6e37d992a95eaddb3369dcbcc76d9,PORTO ALEGRE,RS,2,159.8,79.9,2,1,2,24.14,6.0,0.5,0.0,0,1.5,2,50.0,0.0,1,Housewares,0,,,,,,,,,,
2ee0a0689f2f6a72f35a7cb6033f6e7e,PRESIDENTE PRUDENTE,SP,4,272.0,68.0,4,2,3,52.84,8.0,1.5,0.0,0,4.0,4,0.0,25.0,1,Fashion Bags Accessories,0,,,,,,,,,,
2eeb6531ee027a48d401e72bebdd87d3,SAO JOSE DOS CAMPOS,SP,3,38.7,12.9,3,3,3,40.0,9.666666666666666,1.0,0.0,0,4.333333333333333,3,0.0,33.33333333333333,1,Perfumery,0,,,,,,,,,,
2ef086a599b597572aca4433b7ed6b3d,JARAGUA DO SUL,SC,1,49.0,49.0,1,1,1,15.1,10.0,0.0,0.0,0,5.0,1,0.0,100.0,1,Health Beauty,0,,,,,,,,,,
2f09f7d37a97956d11cc1a7cadd5262b,RIBEIRAO PRETO,SP,11,2005.0,182.272727,12,5,11,463.41,8.285714285714286,0.8181818181818182,9.090909090909092,1,2.909090909090909,11,45.45454545454545,36.36363636363637,3,Sports Leisure,0,,,,,,,,,,
2f1e7b90e01d9f086cbcb301c0c3d406,BLUMENAU,SC,1,59.0,59.0,1,1,1,12.66,7.0,0.0,0.0,0,5.0,1,0.0,100.0,1,Construction Tools Construction,0,,,,,,,,,,
2f3d8b4c9e2ee165075331fea3f3095a,SAO JOSE,SC,1,130.0,130.0,1,1,1,17.35,7.0,0.0,0.0,0,5.0,1,0.0,100.0,1,Not Specified,0,,,,,,,,,,
2f4b0d3b9634b647d4edee577d7ebb7e,SAO PAULO,SP,10,337.9,33.79,11,3,10,84.41,1.9,0.4,0.0,0,4.9,10,0.0,90.0,2,Perfumery,0,,,,,,,,,,
2f4b9d112bfa44a214bc6cef085d17c8,AFONSO CLAUDIO,ES,5,293.99,58.798,6,3,5,119.27,11.6,0.4,0.0,0,4.4,5,0.0,40.0,3,Computers Accessories,0,,,,,,,,,,
2f73e04d12cdf0c945ded66bb3fcf6c7,CACHOEIRO DE ITAPEMIRIM,ES,3,1359.0,453.0,3,3,3,101.85,11.666666666666666,0.6666666666666666,0.0,0,3.3333333333333335,3,0.0,0.0,1,Garden Tools,0,,,,,,,,,,
2f74af7a0ee5636f12c2336f9fffed47,SAO PAULO,SP,13,560.7,43.130769,13,12,13,163.77,5.769230769230769,0.23076923076923078,0.0,0,4.3076923076923075,13,7.6923076923076925,69.23076923076923,3,Sports Leisure,0,,,,,,,,,,
2f9b7ce230a057a98a9f5df5893ee36c,BARUERI,SP,2,141.82,70.91,2,2,2,30.03,6.0,1.0,0.0,0,4.5,2,0.0,50.0,1,Housewares,0,,,,,,,,,,
2fa13c8bd5705d279f7ed5cc9ec61c68,SAO PAULO,SP,2,87.4,43.7,4,2,2,61.3,3.5,0.0,0.0,0,5.0,2,0.0,100.0,2,Perfumery,1,Other,Reseller,Online Medium,Not Specified,Not Specified,0.0,0.0,0.0,0.0,6.0
2fb25ab44bdbeae6a4d816e0d0c9d500,VOLTA REDONDA,RJ,5,683.08,136.616,5,2,5,78.21,6.0,0.4,0.0,0,4.8,5,0.0,80.0,2,Small Appliances,0,,,,,,,,,,
2fdde51ad3e12f297da656d4fbd5d0b5,JOINVILLE,SC,10,6252.0,625.2,10,3,10,622.14,12.555555555555555,0.5,0.0,0,4.7,10,0.0,70.0,2,Garden Tools,0,,,,,,,,,,
2ff6b7bff164ef05590a52734e1296da,LONDRINA,PR,7,1803.59,257.655714,7,6,7,151.53,9.714285714285714,0.2857142857142857,0.0,0,4.714285714285714,7,0.0,71.42857142857143,4,Industry Commerce And Business,0,,,,,,,,,,
2ff97219cb8622eaf3cd89b7d9c09824,SALTO,SP,89,4476.9,50.302247,96,45,89,1389.13,7.252873563218391,0.550561797752809,3.3707865168539324,3,4.52808988764045,89,2.247191011235955,67.41573033707866,14,Housewares,0,,,,,,,,,,
3076499bbc033a927bf4a8a41bcf7fd4,AURIFLAMA,SP,7,359.33,51.332857,9,7,7,124.3,4.571428571428571,0.7142857142857143,0.0,0,4.285714285714286,7,0.0,71.42857142857143,2,Furniture Decor,0,,,,,,,,,,
3078096983cf766a32a06257648502d1,SCAO JOSE DO RIO PARDO,SP,59,8285.42,140.430847,64,39,59,1415.48,10.160714285714286,0.3559322033898305,3.389830508474576,2,4.203389830508475,59,10.16949152542373,64.40677966101694,11,Toys,0,,,,,,,,,,
30829ded4523ab9224b93bc49a62c95f,PARAI,RS,18,6911.71,383.983888,31,13,18,638.0,7.777777777777778,0.5555555555555556,5.555555555555555,1,3.7777777777777777,18,16.666666666666664,50.0,1,Computers Accessories,0,,,,,,,,,,
3092c0b297aacfb4bb6e056ebe13b9b8,ARUJA,SP,19,1623.9,85.468421,21,17,19,360.09,9.625,0.21052631578947367,0.0,0,3.6315789473684212,19,15.789473684210526,52.63157894736842,7,Housewares,0,,,,,,,,,,
30a2f535bb48308f991d0b9ad4a8c4bb,SANTA BARBARA D'OESTE,SP,71,4731.3,66.638028,87,20,71,1084.06,6.577464788732394,0.43661971830985913,2.8169014084507045,2,4.28169014084507,71,11.267605633802818,71.83098591549296,1,Furniture Decor,0,,,,,,,,,,
30a81d8cf85fb2ada1b1b094c9583a95,SAO PAULO,SP,17,1245.42,73.26,20,7,17,168.1,2.7058823529411766,0.35294117647058826,0.0,0,4.823529411764706,17,0.0,82.35294117647058,1,Pet Shop,1,Other,Reseller,Not Specified,Not Specified,Not Specified,0.0,0.0,0.0,0.0,16.0
30c7f28fd3a5897b2c82d152bb760c17,NITEROI,RJ,7,2178.27,311.181428,7,5,7,324.89,10.333333333333334,0.8571428571428571,14.285714285714285,1,1.5714285714285714,7,71.42857142857143,0.0,4,Toys,0,,,,,,,,,,
312ba1d77e9c332ef21f9598b7f64cd7,GUARULHOS,SP,9,756.0,84.0,10,4,9,132.05,14.714285714285714,0.2222222222222222,44.44444444444444,4,2.7777777777777777,9,22.22222222222222,22.22222222222222,2,Toys,0,,,,,,,,,,
31344c16881c08a8a72c6d2eb29918c1,UBA,MG,43,9615.7,223.62093,43,10,43,2296.92,12.595238095238095,0.5116279069767442,4.651162790697675,2,4.348837209302325,43,11.627906976744185,74.4186046511628,1,Furniture Decor,0,,,,,,,,,,
31561f325664a8a7aba4c8d0c3a9b3db,SAO PAULO,SP,36,2702.19,75.060833,38,25,36,627.17,5.277777777777778,0.4166666666666667,0.0,0,4.638888888888889,36,0.0,75.0,2,Auto,0,,,,,,,,,,
318f287a62ab7ac10b703ac37435a231,SAO PAULO,SP,52,2517.48,48.413076,62,7,50,1117.12,7.176470588235294,0.3269230769230769,9.615384615384617,5,3.8653846153846154,52,15.384615384615385,53.84615384615385,2,Bed Bath Table,0,,,,,,,,,,
31ae0774c17fabd06ff707cc5bde005f,AMERICANA,SP,11,6719.85,610.895454,11,9,11,850.82,9.636363636363637,0.9090909090909091,9.090909090909092,1,4.0,11,18.181818181818183,63.63636363636363,3,Agro Industry And Commerce,0,,,,,,,,,,
31be790e64fc99f8ff48ec2bd18a3104,SAO BERNARDO DO CAMPO,SP,6,241.4,40.233333,6,3,6,72.28,2.3333333333333335,0.6666666666666666,33.33333333333333,2,4.333333333333333,6,0.0,50.0,1,Housewares,1,Social,Reseller,Not Specified,Eagle,Not Specified,0.0,0.0,0.0,0.0,57.0
31da954dc0855f2495c6310f70a2f931,ARARAS,SP,29,4583.0,158.034482,30,14,29,449.71,6.586206896551724,0.5517241379310345,6.896551724137931,2,4.206896551724138,29,10.344827586206897,62.06896551724138,2,Health Beauty,0,,,,,,,,,,
31e60bf8d103ce47932a85f5562deb16,GOIANIA,GO,1,181.0,181.0,1,1,1,58.04,14.0,0.0,0.0,0,5.0,1,0.0,100.0,1,Luggage Accessories,0,,,,,,,,,,
31eec405c9bb71dec8e2629a92e764fa,CACHOEIRO DE ITAPEMIRIM,ES,5,256.89,51.378,5,5,5,170.24,6.8,0.8,0.0,0,4.6,5,0.0,60.0,5,Auto,0,,,,,,,,,,
323ce52b5b81df2cd804b017b7f09aa7,SAO PAULO,SP,30,2554.2,85.14,30,14,30,401.47,12.931034482758621,0.3333333333333333,13.333333333333334,4,4.266666666666667,30,6.666666666666667,56.666666666666664,2,Stationery,0,,,,,,,,,,
324583d68897f5ddbaf38f6248322176,SAO JOSE DO RIO PRETO,SP,2,84.0,42.0,3,1,2,43.99,18.5,0.5,50.0,1,1.0,2,100.0,0.0,1,Furniture Decor,0,,,,,,,,,,
325f3178fb58e2a9778334621eecdbf9,TABOAO DA SERRA,SP,36,981.7,27.269444,46,13,36,451.67,4.361111111111111,0.5833333333333334,0.0,0,4.444444444444445,36,5.555555555555555,72.22222222222221,4,Perfumery,0,,,,,,,,,,
327b89b872c14d1c0be7235ef4871685,MANAUS,AM,3,1177.0,392.333333,3,3,3,81.8,44.666666666666664,0.0,33.33333333333333,1,2.3333333333333335,3,66.66666666666666,33.33333333333333,1,Telephony,0,,,,,,,,,,
3289d8c3eef4873f91ce0b1343c0dd58,PRAIA GRANDE,SP,1,199.99,199.99,1,1,1,19.28,11.0,0.0,0.0,0,5.0,1,0.0,100.0,1,Sports Leisure,1,Referral,Manufacturer,Online Small,Cat,Not Specified,0.0,0.0,0.0,0.0,30.0
328acb143b4a73aad6bee8e734f5d20d,FOZ DO IGUACU,PR,2,699.98,349.99,2,2,2,34.77,9.5,0.0,0.0,0,4.0,2,0.0,0.0,2,Computers Accessories,0,,,,,,,,,,
3296662b1331dea51e744505065ae889,CATANDUVA,SP,1,517.8,517.8,1,1,1,27.71,2.0,0.0,0.0,0,5.0,1,0.0,100.0,1,Portateis Cozinha E Preparadores De Alimentos,0,,,,,,,,,,
32b8764b4ef628b53608fc34011fcc13,LAGES,SC,36,8884.0,246.777777,38,11,36,2970.42,9.13888888888889,0.5833333333333334,2.7777777777777777,1,4.194444444444445,36,5.555555555555555,55.55555555555556,1,Housewares,0,,,,,,,,,,
32e5635e63cb374eb63afdd242fb6134,RIO DE JANEIRO,RJ,1,910.0,910.0,1,1,1,17.82,2.0,3.0,0.0,0,5.0,1,0.0,100.0,1,Small Appliances,0,,,,,,,,,,
32f1bb9dfa65bc7df5c0d9d95a616be4,SAO PAULO,SP,5,276.39,55.278,6,5,5,55.78,3.0,0.8,20.0,1,3.4,5,40.0,60.0,3,Housewares,0,,,,,,,,,,
32f83ffe11cd40f7adcf4eef171f52d9,URUGUAIANA,RS,1,29.99,29.99,1,1,1,15.1,7.0,2.0,0.0,0,5.0,1,0.0,100.0,1,Health Beauty,0,,,,,,,,,,
32fdd5d44ecb43dfd6a24b9369eca144,CARMO DO CAJURU,MG,8,479.2,59.9,8,5,8,138.68,13.5,0.875,0.0,0,4.375,8,0.0,62.5,2,Stationery,0,,,,,,,,,,
3338e7a0710a195872be80e0d2423867,PIRACICABA,SP,1,45.0,45.0,1,1,1,20.43,,0.0,0.0,0,1.0,1,100.0,0.0,1,Furniture Decor,0,,,,,,,,,,
333c4210e76a1aa2ab817b99437e3ff1,VARGEM GRANDE DO SUL,SP,2,335.0,167.5,2,2,2,67.43,6.5,0.0,0.0,0,5.0,2,0.0,100.0,1,Auto,0,,,,,,,,,,
3340ef1913fb70d28420f6ceb685c339,MARINGA,PR,32,6731.15,210.348437,42,15,31,750.4,14.53125,0.34375,3.125,1,4.375,32,6.25,68.75,1,Computers Accessories,0,,,,,,,,,,
334cab711dee080b079fa5779b584783,SANTO ANDRE,SP,11,1069.7,97.245454,26,10,11,351.67,6.363636363636363,1.4545454545454546,0.0,0,4.909090909090909,11,0.0,90.9090909090909,1,Furniture Decor,0,,,,,,,,,,
33576ec5412fb5905d876f12f33bfde6,CURITIBA,PR,31,2718.0,87.677419,32,1,31,569.98,6.225806451612903,0.4838709677419355,3.225806451612903,1,4.096774193548387,31,9.67741935483871,51.61290322580645,1,Fashion Bags Accessories,0,,,,,,,,,,
3361277dc30b7cccdb0c286b24219756,MARINGA,PR,29,3905.05,134.656896,42,18,28,635.85,10.241379310344827,0.6551724137931034,6.896551724137931,2,4.344827586206897,29,6.896551724137931,65.51724137931035,3,Pet Shop,0,,,,,,,,,,
3364a91ec4d56c98e44174de954b94f6,PORTO VELHO,RO,6,3579.94,596.656666,6,4,6,273.91,13.333333333333334,0.16666666666666666,0.0,0,3.8333333333333335,6,16.666666666666664,66.66666666666666,1,Auto,0,,,,,,,,,,
33a17d60c64393351ebf1ef860f4e0f2,PORTO ALEGRE,RS,43,8152.48,189.592558,47,11,43,1279.38,7.209302325581396,0.4418604651162791,2.3255813953488373,1,4.627906976744186,43,2.3255813953488373,76.74418604651163,1,Housewares,0,,,,,,,,,,
33a6f4b1e7cdc205511e76ba1b6e0186,GUARULHOS,SP,105,10295.01,98.047714,126,15,104,1888.9,6.685714285714286,0.34285714285714286,1.9047619047619049,2,4.40952380952381,105,5.714285714285714,68.57142857142857,2,Bed Bath Table,0,,,,,,,,,,
33ab10be054370c254ddfcf0a6253422,RIO DE JANEIRO,RJ,4,213.2,53.3,4,2,4,52.33,3.75,0.0,0.0,0,5.0,4,0.0,100.0,1,Health Beauty,0,,,,,,,,,,
33ac3e28642ab8bda860a2f693000e78,COTIA,SP,34,3661.03,107.677352,35,18,34,490.09,5.9411764705882355,0.2647058823529412,0.0,0,4.205882352941177,34,5.88235294117647,58.82352941176471,2,Sports Leisure,0,,,,,,,,,,
33c51922b6e3c16b24a8f28e5833c99d,LONDRINA,PR,18,6657.87,369.881666,20,11,18,368.01,7.722222222222222,0.4444444444444444,5.555555555555555,1,4.111111111111111,18,11.11111111111111,61.111111111111114,4,Perfumery,0,,,,,,,,,,
33cbbec1e7e1044aaf11d152172c776f,BENTO GONCALVES,RS,15,730.67,48.711333,16,9,15,398.83,7.266666666666667,0.4666666666666667,0.0,0,4.733333333333333,15,0.0,73.33333333333333,1,Small Appliances,1,Other,Reseller,Online Big,Not Specified,Not Specified,0.0,0.0,0.0,0.0,31.0
33cbda8716511e27e556dff9d8418bf2,BLUMENAU,SC,5,507.4,101.48,6,5,5,108.17,10.4,0.4,0.0,0,4.8,5,0.0,80.0,3,Home Confort,0,,,,,,,,,,
33d677f27a69b84051204ee4ae76eaca,JOINVILLE,SC,9,165.0,18.333333,10,5,9,173.49,5.666666666666667,0.4444444444444444,0.0,0,4.555555555555555,9,0.0,77.77777777777779,3,Food Drink,1,Direct Traffic,Reseller,Offline,Not Specified,Not Specified,0.0,0.0,0.0,0.0,2.0
33dd941c27854f7625b968cc6195a552,VILA VELHA,ES,5,6787.5,1357.5,5,1,5,380.91,9.4,0.2,0.0,0,4.4,5,0.0,80.0,1,Housewares,1,Email,Reseller,Online Medium,Cat,Not Specified,0.0,0.0,0.0,0.0,1.0
33fd411ed63a7c2f9005e3f065d9f85d,CONDOR,RS,1,24.9,24.9,1,1,1,18.23,6.0,2.0,0.0,0,4.0,1,0.0,0.0,1,Health Beauty,0,,,,,,,,,,
34056b8b55c1775a22af2331670a799c,PENAPOLIS,SP,78,6455.4,82.761538,78,58,78,1774.49,10.909090909090908,0.6538461538461539,11.538461538461538,9,4.0,78,11.538461538461538,50.0,1,Auto,0,,,,,,,,,,
340636a908b13bbe0f4fb63fbe1d0c03,SAO JOSE DOS CAMPOS,SP,5,823.2,164.64,6,4,5,169.95,4.0,0.8,0.0,0,3.4,5,40.0,60.0,1,Pet Shop,0,,,,,,,,,,
343e716476e3748b069f980efbaa294e,CAMPINAS,SP,17,922.6,54.270588,24,6,15,312.1,7.4375,0.35294117647058826,5.88235294117647,1,4.352941176470588,17,5.88235294117647,70.58823529411765,1,Books General Interest,0,,,,,,,,,,
3442033154be05bac582e173ef54fd12,SAO PAULO,SP,1,161.0,161.0,1,1,1,8.39,3.0,0.0,0.0,0,5.0,1,0.0,100.0,1,Telephony,0,,,,,,,,,,
344223b2a90784f64136a8a5da012e7f,GASPAR,SC,1,10.9,10.9,1,1,1,16.79,27.0,0.0,0.0,0,2.0,1,0.0,0.0,1,Food Drink,0,,,,,,,,,,
3442f8959a84dea7ee197c632cb2df15,CAMPINAS,SP,3,218.7,72.9,3,3,3,27.9,8.0,0.0,33.33333333333333,1,3.0,3,33.33333333333333,33.33333333333333,1,Sports Leisure,0,,,,,,,,,,
34675b28b826facfde119785bf287dc1,CASCAVAEL,PR,1,21.99,21.99,1,1,1,15.1,5.0,0.0,0.0,0,4.0,1,0.0,0.0,1,Auto,0,,,,,,,,,,
3481aa57cd91f9f9d3fa1fa12d9a3bf7,CAPIVARI,SP,25,1773.03,70.9212,25,7,24,774.14,5.44,0.875,0.0,0,3.88,25,12.0,52.0,3,Furniture Decor,0,,,,,,,,,,
3492e68f37fd1df87f4f2f2ea247f445,SALTO,SP,8,787.86,98.4825,9,5,8,169.4,6.375,1.125,0.0,0,3.875,8,12.5,50.0,3,Auto,1,Organic Search,Reseller,Online Medium,Cat,Not Specified,0.0,0.0,0.0,0.0,0.0
34a557286ead8fe75c989e0afcf7d98c,FRANCA,SP,4,414.9,103.725,4,2,4,58.56,6.25,0.75,0.0,0,4.75,4,0.0,75.0,1,Health Beauty,0,,,,,,,,,,
34aefe746cd81b7f3b23253ea28bef39,CURITIBA,PR,1,8.0,8.0,1,1,1,14.52,,0.0,0.0,0,1.0,1,100.0,0.0,1,Food Drink,0,,,,,,,,,,
34d1ca11b242c0fee2c834ae8d788566,CONGONHAS,MG,40,13422.24,335.556,41,4,40,982.04,10.975,0.675,0.0,0,4.25,40,2.5,55.00000000000001,1,Computers Accessories,0,,,,,,,,,,
34f563c82a85b99ae9e6d60db5fc2e28,CAMPO BOM,RS,8,2332.3,291.5375,8,4,8,246.2,7.625,0.5,0.0,0,4.625,8,0.0,62.5,3,Musical Instruments,1,Organic Search,Reseller,Online Medium,Eagle,Not Specified,0.0,0.0,0.0,0.0,1.0
3504c0cb71d7fa48d967e0e4c94d59d9,MAUA,SP,53,2349.94,44.33849,53,14,53,687.37,5.39622641509434,0.24528301886792453,0.0,0,4.415094339622642,53,1.8867924528301887,60.37735849056604,6,Cool Stuff,0,,,,,,,,,,
35281d148dcf7134bae913c57db4e6da,SAO PAULO,SP,1,119.99,119.99,1,1,1,17.03,2.0,0.0,0.0,0,5.0,1,0.0,100.0,1,Housewares,0,,,,,,,,,,
353e21e8bf8de2722b4fae1636664b76,CANOAS,RS,4,208.0,52.0,4,2,4,91.89,6.75,0.75,0.0,0,2.5,4,50.0,25.0,1,Auto,0,,,,,,,,,,
35857757f553273b1056c1cabdace7fb,RIBEIRAO PRETO,SP,6,454.6,75.766666,6,6,6,118.74,16.166666666666668,0.0,16.666666666666664,1,4.0,6,16.666666666666664,50.0,1,Auto,0,,,,,,,,,,
3586b8580d9c917874e053a1bb37b5ff,ARARAQUARA,SP,36,1524.7,42.352777,43,5,36,827.65,11.194444444444445,0.9722222222222222,2.7777777777777777,1,4.416666666666667,36,0.0,61.111111111111114,2,Stationery,0,,,,,,,,,,
35b96509602ec4b7da831b5cd73ff2c2,SAO LEOPOLDO,RS,2,558.9,279.45,2,2,2,47.55,7.0,0.5,0.0,0,4.5,2,0.0,50.0,1,Sports Leisure,0,,,,,,,,,,
35ef5aa32949680f627efec3c23e705c,SOMBRIO,SC,4,361.6,90.4,5,3,4,156.81,6.25,0.5,0.0,0,3.75,4,25.0,50.0,1,Musical Instruments,0,,,,,,,,,,
35fb511489d9ee3ee27a76debce9df06,LONDRINA,PR,7,414.5,59.214285,7,4,7,172.29,12.142857142857142,0.14285714285714285,14.285714285714285,1,3.5714285714285716,7,14.285714285714285,14.285714285714285,1,Pet Shop,0,,,,,,,,,,
3606774ec64634822d78dc2db6d37045,SAO CAETANO DO SUL,SP,2,299.8,149.9,2,2,2,45.4,5.0,1.5,0.0,0,3.0,2,50.0,50.0,1,Garden Tools,0,,,,,,,,,,
365e445f796710c3431557e85caa25db,SAO PAULO,SP,4,1115.0,278.75,5,4,4,79.3,7.75,0.0,0.0,0,4.5,4,0.0,50.0,2,Not Specified,0,,,,,,,,,,
365e4bce19bda0082c3d15d83fdb8bcd,SAO CAETANO DO SUL,SP,6,796.4,132.733333,7,6,6,98.62,8.666666666666666,0.16666666666666666,0.0,0,4.666666666666667,6,0.0,66.66666666666666,2,Sports Leisure,0,,,,,,,,,,
36890be00bbfc1cdb9a4a38a6af05a69,OSASCO,SP,13,1361.3,104.715384,13,5,13,239.58,6.076923076923077,0.6153846153846154,15.384615384615385,2,4.230769230769231,13,7.6923076923076925,69.23076923076923,3,Baby,0,,,,,,,,,,
36a968b544695394e4e9d7572688598f,SANTOS,SP,154,9482.87,61.577077,162,43,154,2146.0,6.635135135135135,0.538961038961039,3.2467532467532463,5,3.6493506493506493,154,19.480519480519483,43.506493506493506,10,Computers Accessories,0,,,,,,,,,,
36f98ad67cc981f50ce8aed093d5783c,TOLEDO,PR,2,119.4,59.7,2,2,2,39.22,5.5,1.0,0.0,0,4.0,2,0.0,50.0,1,Electronics,1,Social,Reseller,Online Small,Eagle,Not Specified,0.0,0.0,0.0,0.0,12.0
37303482a42fb700d8d127e70a9cd6c8,CAMPINAS,SP,2,148.89,74.445,2,2,2,22.49,1.0,0.5,0.0,0,3.0,2,50.0,50.0,1,Toys,0,,,,,,,,,,
373ee4a3a775a733770ca3f790b8b9ac,RIO DE JANEIRO,RJ,13,2141.49,164.73,22,9,13,290.32,4.538461538461538,1.0769230769230769,7.6923076923076925,1,3.923076923076923,13,23.076923076923077,61.53846153846154,5,Sports Leisure,0,,,,,,,,,,
37515688008a7a40ac93e3b2e4ab203f,DRACENA,SP,228,5986.6,26.257017,240,3,228,3431.1,10.167400881057269,0.6798245614035088,7.894736842105263,18,4.0701754385964914,228,6.578947368421052,51.75438596491229,2,Consoles Games,0,,,,,,,,,,
376a891762bbdecbc02b4b6adec3fdda,GOIANIA,GO,57,6406.23,112.39,58,13,57,1287.4,10.508771929824562,0.631578947368421,3.508771929824561,2,4.666666666666667,57,1.7543859649122806,77.19298245614034,5,Sports Leisure,0,,,,,,,,,,
376d67b61dce0c990155286e7ae486a4,SAO PAULO,SP,1,94.0,94.0,1,1,1,17.91,13.0,0.0,0.0,0,4.0,1,0.0,0.0,1,Health Beauty,0,,,,,,,,,,
3771c85bac139d2344864ede5d9341e3,SOROCABA,SP,26,1433.3,55.126923,30,7,26,408.96,9.0,0.5769230769230769,11.538461538461538,3,3.8461538461538463,26,11.538461538461538,50.0,2,Not Specified,0,,,,,,,,,,
377bc18334c78dd2f1535ef22a3ad225,SAO JOSE DOS PINHAIS,PR,1,135.98,135.98,1,1,1,88.46,8.0,0.0,0.0,0,5.0,1,0.0,100.0,1,Garden Tools,1,Other,Reseller,Online Big,Cat,Not Specified,0.0,0.0,0.0,0.0,28.0
3785b653b1b82de85ab47dd139938091,AMPERE,PR,21,1552.0,73.904761,24,7,20,481.27,10.0,0.6190476190476191,0.0,0,4.714285714285714,21,0.0,76.19047619047619,1,Housewares,0,,,,,,,,,,
37be5a7c751166fbc5f8ccba4119e043,SAO PAULO,SP,272,55350.55,203.494669,281,9,268,6083.33,7.256505576208179,0.4264705882352941,2.5735294117647056,7,4.3125,272,5.514705882352941,60.66176470588235,2,Bed Bath Table,0,,,,,,,,,,
37ceb404da208418c9032f0674e57804,SAO PAULO,SP,1,204.93,204.93,3,1,1,69.18,,0.0,0.0,0,1.0,1,100.0,0.0,1,Furniture Decor,0,,,,,,,,,,
37dd29b36c458d82f74a953c40c43645,LIMEIRA,SP,7,4536.99,648.141428,8,5,7,479.44,12.428571428571429,0.14285714285714285,14.285714285714285,1,3.857142857142857,7,0.0,42.857142857142854,1,Home Construction,0,,,,,,,,,,
38102b031c2a15e54623d711bfc753d3,MUCAMBO,CE,9,457.0,50.777777,11,5,9,352.41,13.875,0.6666666666666666,0.0,0,3.6666666666666665,9,11.11111111111111,33.33333333333333,3,Furniture Decor,0,,,,,,,,,,
381c83fdca332ea6afd896da20bf6e4a,CURITIBA,PR,46,7355.8,159.908695,46,37,46,999.21,10.08695652173913,0.34782608695652173,2.1739130434782608,1,4.391304347826087,46,8.695652173913043,65.21739130434783,2,Watches Gifts,0,,,,,,,,,,
3820c6537b3853be1a0687d5a60807ec,COTIA,SP,1,25.0,25.0,1,1,1,10.96,,0.0,0.0,0,1.0,1,100.0,0.0,1,Food Drink,0,,,,,,,,,,
382229d1e840115ffe3dbf5ff460e417,RIO DE JANEIRO,RJ,46,4096.96,89.064347,49,24,46,869.66,7.4,0.391304347826087,6.521739130434782,3,4.217391304347826,46,8.695652173913043,60.86956521739131,9,Housewares,1,Organic Search,Reseller,Online Big,Shark,Not Specified,0.0,0.0,0.0,0.0,5.0
385799a1cddbd26dfeb9157356a42282,SAO PAULO,SP,5,633.93,126.786,7,4,5,82.61,3.75,0.6,0.0,0,4.0,5,20.0,60.0,2,Sports Leisure,0,,,,,,,,,,
38874e327ce94d11390b96eb42d61928,ITAQUAQUECETUBA,SP,6,3779.94,629.99,6,2,6,378.49,5.166666666666667,0.16666666666666666,16.666666666666664,1,4.0,6,0.0,33.33333333333333,1,Office Furniture,0,,,,,,,,,,
389e45560e33d2d0747f949dcddbc08e,SAO JOSE DOS CAMPOS,SP,1,39.0,39.0,1,1,1,8.43,3.0,0.0,0.0,0,5.0,1,0.0,100.0,1,Auto,0,,,,,,,,,,
38af8acfd46ac4a7bf754e8ca6736664,SAO PAULO,SP,5,345.0,69.0,5,2,5,52.94,3.4,0.8,0.0,0,4.8,5,0.0,80.0,1,Cool Stuff,0,,,,,,,,,,
38e679b9e0064cd94c6f035707344dae,LONDRINA,PR,28,3694.51,131.946785,30,12,28,723.59,8.481481481481481,0.4642857142857143,3.571428571428571,1,4.035714285714286,28,17.857142857142858,60.71428571428571,2,Sports Leisure,0,,,,,,,,,,
38e6dada03429a47197d5d584d793b41,SAO PAULO,SP,7,596.14,85.162857,12,8,6,206.91,5.285714285714286,0.2857142857142857,0.0,0,4.428571428571429,7,14.285714285714285,85.71428571428571,2,Not Specified,0,,,,,,,,,,
38f276ca6e7cc95a6d1bb55ac9e5550f,MARILIA,SP,1,24.99,24.99,1,1,1,11.85,3.0,0.0,0.0,0,5.0,1,0.0,100.0,1,Not Specified,0,,,,,,,,,,
3903c788ded8dc03b5ebab37a2f3e9a1,CARAPICUIBA,SP,5,119.98,23.996,5,4,5,51.27,5.0,1.4,20.0,1,4.0,5,0.0,40.0,2,Health Beauty,1,Other,Reseller,Online Big,Wolf,Not Specified,0.0,0.0,0.0,0.0,4.0
391bbd13b6452244774beff1824006ed,CAMPINAS,SP,2,127.8,63.9,2,1,2,35.4,30.0,0.5,50.0,1,1.0,2,100.0,0.0,1,Sports Leisure,0,,,,,,,,,,
391fc6631aebcf3004804e51b40bcf1e,IBITINGA,SP,526,39951.95,75.954277,613,131,523,10190.88,10.915547024952016,0.41825095057034223,8.555133079847907,45,4.020912547528517,526,11.02661596958175,53.80228136882129,3,Furniture Decor,0,,,,,,,,,,
392353362d22cc2c236e1ee81ff19890,BLUMENAU,SC,5,288.7,57.74,10,3,5,191.97,5.6,0.8,0.0,0,4.6,5,0.0,80.0,2,Construction Tools Construction,0,,,,,,,,,,
392e0502231ae2f8b29994ef6398cd77,CERQUEIRA CESAR,SP,20,1871.7,93.585,20,12,20,355.89,14.529411764705882,0.25,10.0,2,4.0,20,15.0,55.00000000000001,1,Health Beauty,0,,,,,,,,,,
392f7f2c797e4dc077e4311bde2ab8ce,RIO DE JANEIRO,RN,2,52.0,26.0,2,1,2,36.56,4.0,1.0,0.0,0,5.0,2,0.0,100.0,1,Auto,0,,,,,,,,,,
3935fe5fe0f82787a9dcb8deb62be09d,SAO PAULO,SP,16,1681.69,105.105625,17,8,16,419.66,9.1875,0.25,12.5,2,4.0,16,6.25,43.75,3,Computers Accessories,0,,,,,,,,,,
3968920b9aa752ab98f7d5888c9252f2,BAURU,SP,8,523.3,65.4125,10,8,8,157.71,7.625,0.5,12.5,1,3.875,8,25.0,62.5,4,Housewares,0,,,,,,,,,,
3969863bb8af7f72580b3b1ffd3a17b3,SAO PAULO,SP,12,623.15,51.929166,13,5,12,226.87,5.833333333333333,0.16666666666666666,0.0,0,4.083333333333333,12,8.333333333333332,50.0,4,Sports Leisure,0,,,,,,,,,,
397c4d0c005b6f41f90098ac724e28cb,SANTO ANDRE,SP,5,8177.0,1635.4,5,4,5,445.37,11.2,0.6,40.0,2,4.4,5,0.0,40.0,4,Small Appliances,0,,,,,,,,,,
3985a3c45be355a4c57fde108bfabd1c,ROLANTE,RS,7,344.2,49.171428,8,5,7,172.0,9.857142857142858,0.8571428571428571,0.0,0,4.0,7,14.285714285714285,42.857142857142854,1,Consoles Games,0,,,,,,,,,,
3986c0b54f6b748b75e7bd4e092aa3e5,CURITIBA,PR,1,24.99,24.99,1,1,1,15.28,3.0,0.0,0.0,0,5.0,1,0.0,100.0,1,Perfumery,0,,,,,,,,,,
398cb257329ef7af7f1943a8974a3cbc,SALVADOR,BA,1,145.9,145.9,1,1,1,15.47,4.0,0.0,0.0,0,5.0,1,0.0,100.0,1,Drinks,1,Organic Search,Manufacturer,Online Medium,Cat,Not Specified,0.0,0.0,0.0,0.0,10.0
39a5005f2605cbdb4f9ac14485cabfd1,BARRETOS,SP,3,501.07,167.023333,8,3,3,232.59,7.666666666666667,1.0,0.0,0,5.0,3,0.0,100.0,1,Auto,0,,,,,,,,,,
39c763cca83e654764b7a4a650fb9b7c,GOIANIA,GO,11,761.0,69.181818,11,4,10,223.21,11.181818181818182,0.36363636363636365,18.181818181818183,2,3.8181818181818183,11,27.27272727272727,63.63636363636363,2,Sports Leisure,0,,,,,,,,,,
39d54ff918774174706fb065d7f9dc07,SAO PAULO,SP,23,1593.59,69.286521,25,16,23,363.4,11.272727272727273,0.30434782608695654,8.695652173913043,2,3.9130434782608696,23,21.73913043478261,65.21739130434783,1,Auto,0,,,,,,,,,,
39d61be7a92eb77b7da367bd4845bc0e,SAO PAULO,SP,7,700.59,100.084285,14,6,7,209.03,6.285714285714286,0.8571428571428571,0.0,0,4.0,7,0.0,42.857142857142854,1,Furniture Decor,0,,,,,,,,,,
39f776d2974049026ff531fc42ef2a3e,GOIANIA,GO,3,1084.04,361.346666,4,3,3,90.37,6.666666666666667,0.3333333333333333,0.0,0,3.6666666666666665,3,33.33333333333333,66.66666666666666,1,Construction Tools Safety,0,,,,,,,,,,
3a1a1fec38dd360f15fc912e821e169d,SAO PAULO,SP,15,2007.38,133.825333,15,12,15,371.25,11.0,0.4666666666666667,26.666666666666668,4,3.8666666666666667,15,13.333333333333334,53.333333333333336,1,Auto,0,,,,,,,,,,
3a3c180dd702a725bd0ba4117689239e,UNIAO DA VITORIA,PR,1,41.9,41.9,1,1,1,35.48,11.0,0.0,0.0,0,4.0,1,0.0,0.0,1,Pet Shop,0,,,,,,,,,,
3a3e46d10f74d8a6ca76e2b538f106a0,SAO PAULO,SP,3,334.9,111.633333,6,3,3,75.08,16.5,0.3333333333333333,0.0,0,3.3333333333333335,3,33.33333333333333,33.33333333333333,1,Food Drink,0,,,,,,,,,,
3a4127e1ba7208ea37044c5092aae170,SAO PAULO,SP,6,2219.6,369.933333,6,3,6,91.35,8.6,0.5,0.0,0,3.5,6,33.33333333333333,50.0,2,Telephony,0,,,,,,,,,,
3a490ba60afa30ece0e7d50cfe74a4f0,BELO HORIZONTE,MG,8,1529.2,191.15,8,3,8,165.87,10.625,0.125,0.0,0,4.625,8,0.0,75.0,1,Fashion Bags Accessories,0,,,,,,,,,,
3a52d63a8f9daf5a28f3626d7eb9bd28,AGUAS CLARAS DF,SP,1,35.0,35.0,1,1,1,17.78,4.0,0.0,0.0,0,1.0,1,100.0,0.0,1,Sports Leisure,0,,,,,,,,,,
3a734b715d333a2588a3d54a0c9b8746,OSASCO,SP,18,2463.52,136.862222,24,10,18,395.64,9.4,0.4444444444444444,5.555555555555555,1,3.9444444444444446,18,16.666666666666664,55.55555555555556,7,Telephony,0,,,,,,,,,,
3a79f35a2344ede41af21267f61d5ec6,CAMPINAS,SP,1,186.0,186.0,1,1,1,31.71,8.0,2.0,0.0,0,1.0,1,100.0,0.0,1,Not Specified,0,,,,,,,,,,
3aa3c89ae3cd482385568be76120f63c,GOIANIA,GO,1,29.9,29.9,1,1,1,19.04,4.0,2.0,0.0,0,4.0,1,0.0,0.0,1,Auto,0,,,,,,,,,,
3ab971ce71839580d2ae5b4e40fe8044,SAO PAULO,SP,36,5002.9,138.969444,38,9,36,896.15,4.571428571428571,0.5,5.555555555555555,2,3.75,36,19.444444444444446,47.22222222222222,2,Housewares,1,Organic Search,Reseller,Online Big,Cat,Not Specified,0.0,0.0,0.0,0.0,23.0
3ac588cd562971392504a9e17130c40b,LIMEIRA,SP,1,11.9,11.9,1,1,1,7.39,1.0,0.0,0.0,0,5.0,1,0.0,100.0,1,Fashion Bags Accessories,0,,,,,,,,,,
3ade81dab5a172b88e1871c28ae05260,SAO JOSE DO RIO PRETO,SP,30,5751.6,191.72,32,10,30,1551.39,10.357142857142858,0.4,10.0,3,3.9,30,20.0,60.0,2,Furniture Bedroom,0,,,,,,,,,,
3afc536624bc2e65bddfb5db33cc01f3,BELO HORIZONTE,MG,6,312.0,52.0,6,1,6,107.07,6.666666666666667,0.6666666666666666,0.0,0,3.5,6,33.33333333333333,50.0,1,Electronics,0,,,,,,,,,,
3b15288545f8928d3e65a8f949a28291,IBITINGA,SP,104,14061.79,135.209519,121,46,104,2451.9,11.217821782178218,0.375,6.730769230769231,7,3.980769230769231,104,12.5,50.0,3,Bed Bath Table,0,,,,,,,,,,
3b18f9856c6eb2413eafedb58e9eecd9,SANTO ANDRE,SP,1,315.0,315.0,1,1,1,20.09,4.0,2.0,0.0,0,5.0,1,0.0,100.0,1,Construction Tools Lights,0,,,,,,,,,,
3b872fd4747f01cc56206f2934198618,IBITINGA,SP,25,2726.74,109.0696,27,13,25,1116.37,11.96,0.64,16.0,4,3.88,25,12.0,52.0,1,Bed Bath Table,0,,,,,,,,,,
3bb32fedaa74e4ad20f4ce067733bd31,PORTO BELO,SC,2,103.7,51.85,3,2,2,58.86,5.5,0.5,0.0,0,4.5,2,0.0,50.0,1,Sports Leisure,0,,,,,,,,,,
3bb548e3cb7f70f28e3f11ee9dce0e59,MARINGA,PR,46,7690.02,167.174347,53,22,46,896.79,7.782608695652174,0.5869565217391305,0.0,0,4.195652173913044,46,8.695652173913043,58.69565217391305,1,Computers Accessories,0,,,,,,,,,,
3bdff180c7e1f6551a643b99c265a120,SAO PAULO,SP,59,3114.9,52.794915,61,17,57,1046.96,7.892857142857143,0.6271186440677966,1.694915254237288,1,4.033898305084746,59,10.16949152542373,54.23728813559322,1,Computers Accessories,0,,,,,,,,,,
3be5841cdcc46de4ed3f9116f104b2c5,BARUERI,SP,4,599.6,149.9,4,4,4,88.35,4.75,1.75,0.0,0,4.75,4,0.0,75.0,3,Construction Tools Construction,0,,,,,,,,,,
3be634553519fb6536a03e1358e9fdc7,SAO PAULO,SP,83,5370.95,64.71024,99,39,82,1855.7,7.525,0.30120481927710846,7.228915662650602,6,3.9397590361445785,83,8.433734939759036,49.39759036144578,6,Housewares,0,,,,,,,,,,
3bfad056cf05c00dabe2f895925d83b1,OSASCO,SP,1,206.65,206.65,5,1,1,46.7,,1.0,0.0,0,1.0,1,100.0,0.0,1,Not Specified,0,,,,,,,,,,
3bfba5a77604f6dfae7e6dd7aaf65821,LONDRINA,PR,4,2095.5,523.875,4,4,4,122.69,7.75,0.75,0.0,0,5.0,4,0.0,100.0,1,Health Beauty,0,,,,,,,,,,
3c010235b7345c92f125d14ee232a76b,MANDIRITUBA,PR,15,3578.0,238.533333,15,6,15,427.32,5.733333333333333,0.6,0.0,0,4.666666666666667,15,0.0,73.33333333333333,1,Pet Shop,0,,,,,,,,,,
3c03b12bab54d8b37d79d914bfdb1aa0,SAO JOAO DE MERITI,RJ,37,4236.34,114.495675,43,12,37,683.43,11.891891891891891,0.3783783783783784,16.216216216216218,6,3.7567567567567566,37,21.62162162162162,48.64864864864865,2,Sports Leisure,0,,,,,,,,,,
3c3017960b2dbd72711a61f0400aab8f,JARAGUA DO SUL,SC,10,968.8,96.88,10,4,10,254.09,11.333333333333334,0.8,0.0,0,4.0,10,20.0,70.0,3,Furniture Decor,0,,,,,,,,,,
3c487ae8f8d7542beff5788e2e0aea83,GAMA,DF,30,9385.7,312.856666,33,11,27,719.65,10.3,0.5666666666666667,3.3333333333333335,1,4.2,30,10.0,56.666666666666664,1,Fashion Bags Accessories,0,,,,,,,,,,
3c4e0452bff7a2a788179488d3d77032,COLOMBO,PR,32,3746.4,117.075,36,10,32,606.12,11.3125,0.40625,3.125,1,3.875,32,12.5,46.875,2,Toys,0,,,,,,,,,,
3c7c4a49ec3c6550809089c6a2ca9370,SAO PAULO,SP,141,4033.64,28.607375,160,24,140,1824.66,7.237410071942446,0.7446808510638298,5.673758865248227,8,3.6595744680851063,141,22.69503546099291,54.60992907801418,1,Perfumery,0,,,,,,,,,,
3c88ed2e76a2247933a15daa7161eb1c,COSMOPOLIS,SP,1,155.0,155.0,1,1,1,151.2,15.0,0.0,0.0,0,5.0,1,0.0,100.0,1,Pet Shop,0,,,,,,,,,,
3ca08eeb8d5595949fed424bd3677742,CURITIBA,PR,14,1768.87,126.347857,14,7,14,466.23,8.0,0.35714285714285715,0.0,0,4.428571428571429,14,7.142857142857142,71.42857142857143,1,Toys,0,,,,,,,,,,
3cfa1358a6caa965278721344c8d76f2,SAO BERNARDO DO CAMPO,SP,5,3140.28,628.056,5,4,5,81.25,3.6,0.6,0.0,0,4.8,5,0.0,80.0,2,Home Construction,0,,,,,,,,,,
3d01d1c414c44b5943a09619ff3853cb,CAMPINAS,SP,5,402.6,80.52,5,2,5,82.34,11.75,1.4,0.0,0,3.8,5,20.0,60.0,1,Baby,0,,,,,,,,,,
3d0cd21d41671c46f82cd11176bf7277,JOINVILLE,SC,9,447.8,49.755555,11,6,9,174.58,9.222222222222221,0.2222222222222222,0.0,0,4.666666666666667,9,0.0,77.77777777777779,4,Cool Stuff,0,,,,,,,,,,
3d2400ac620cffa23ac81bd192f7f555,SAO BERNARDO DO CAMPO,SP,1,105.0,105.0,1,1,1,8.9,4.0,0.0,0.0,0,5.0,1,0.0,100.0,1,Costruction Tools Tools,0,,,,,,,,,,
3d2531eccfbde1d7c8db7a3a12fb267a,CONTAGEM,MG,10,1999.54,199.954,10,2,10,213.06,7.0,0.9,0.0,0,3.9,10,10.0,50.0,1,Health Beauty,1,Organic Search,Reseller,Online Medium,Not Specified,Not Specified,0.0,0.0,0.0,0.0,63.0
3d290fe363c60a77498c1126fd3fb8d3,ITAPEVI,SP,3,198.98,66.326666,3,2,3,35.06,3.6666666666666665,0.6666666666666666,0.0,0,4.333333333333333,3,0.0,66.66666666666666,1,Computers Accessories,0,,,,,,,,,,
3d39fbf22a665714baf62fae36029e23,CAMPINAS,SP,8,2504.2,313.025,8,4,8,130.63,6.25,0.125,0.0,0,4.75,8,0.0,75.0,2,Sports Leisure,0,,,,,,,,,,
3d3ccf2b2f8134b10dce9dd446f0e075,IBITINGA,SP,3,608.6,202.866666,3,3,3,141.93,13.666666666666666,0.6666666666666666,33.33333333333333,1,3.3333333333333335,3,33.33333333333333,33.33333333333333,1,Bed Bath Table,1,Paid Search,Reseller,Online Medium,Cat,Not Specified,0.0,0.0,0.0,0.0,6.0
3d4824f20035949c710eaf111f869d39,SOROCABA,SP,9,1041.04,115.671111,10,8,9,173.54,4.375,0.2222222222222222,11.11111111111111,1,4.111111111111111,9,11.11111111111111,66.66666666666666,7,Music,0,,,,,,,,,,
3d49bfdd1b43a7fe169b3740067acc61,MONTES CLAROS,MG,3,215.0,71.666666,3,2,3,61.82,6.666666666666667,1.6666666666666667,0.0,0,4.666666666666667,3,0.0,66.66666666666666,1,Construction Tools Construction,0,,,,,,,,,,
3d4b1ae7539303b5704493798893e82c,SAO PAULO,SP,6,1076.0,179.333333,9,6,6,145.69,9.5,0.8333333333333334,0.0,0,4.833333333333333,6,0.0,83.33333333333334,2,Musical Instruments,0,,,,,,,,,,
3d5d0dc7073a299e31fa718ce1bc00b6,RIO DE JANEIRO,RJ,23,790.7,34.37826,24,8,23,387.43,6.428571428571429,0.6956521739130435,4.3478260869565215,1,4.304347826086956,23,13.043478260869565,78.26086956521739,6,Health Beauty,1,Paid Search,Reseller,Online Medium,Cat,Not Specified,0.0,0.0,0.0,0.0,17.0
3d621842b2ed28e2b474132480edac3c,SAO PAULO,SP,10,928.91,92.891,10,5,10,151.79,5.875,0.4,0.0,0,3.9,10,20.0,50.0,1,Auto,0,,,,,,,,,,
3d62f86afa7c73be2628a3be1423f5a0,JACAREI,SP,2,12.0,6.0,2,1,2,42.42,12.5,0.5,0.0,0,4.0,2,0.0,0.0,1,Books General Interest,0,,,,,,,,,,
3d68c634a99a1ba46dbca3967a69c623,NOVA TRENTO,SC,2,594.0,297.0,2,1,2,263.7,8.0,0.5,0.0,0,5.0,2,0.0,100.0,1,Cool Stuff,0,,,,,,,,,,
3d700782d7818f2c1e0d7a9e9d75fc00,SERTANOPOLIS,SP,3,149.7,49.9,3,1,3,85.41,23.666666666666668,0.3333333333333333,33.33333333333333,1,3.6666666666666665,3,33.33333333333333,66.66666666666666,1,Pet Shop,0,,,,,,,,,,
3d871de0142ce09b7081e2b9d1733cb1,CAMPO LIMPO PAULISTA,SP,1080,94914.2,87.883518,1147,202,1074,22433.51,10.191729323308271,0.4444444444444444,5.37037037037037,58,4.135185185185185,1080,8.981481481481483,56.018518518518526,6,Stationery,0,,,,,,,,,,
3d8fa2f5b647373c8620330c4e077a9f,SAO PAULO,SP,43,3571.73,83.063488,48,11,43,818.82,5.857142857142857,0.3953488372093023,2.3255813953488373,1,4.093023255813954,43,11.627906976744185,60.46511627906976,6,Garden Tools,0,,,,,,,,,,
3da38366e7bd9baf6369071f782ecdf0,FORTALEZA,CE,1,59.47,59.47,1,1,1,26.96,30.0,1.0,100.0,1,1.0,1,100.0,0.0,1,Auto,0,,,,,,,,,,
3db66a856d18a9cba7c9241fc5221c50,PONTE NOVA,MG,94,9478.3,100.832978,97,38,93,2044.36,10.212765957446809,0.5425531914893617,10.638297872340425,10,4.202127659574468,94,9.574468085106384,57.446808510638306,6,Sports Leisure,0,,,,,,,,,,
3dbbce181edfaa4a597ec858c382d2ec,CURITIBA,PR,17,848.3,49.9,20,13,17,440.27,10.529411764705882,0.5882352941176471,5.88235294117647,1,4.235294117647059,17,11.76470588235294,64.70588235294117,3,Books General Interest,0,,,,,,,,,,
3dc69bf2c42f0568a5c4791ec3fd3745,SAO PAULO,SP,2,300.0,150.0,2,1,2,34.43,26.0,0.5,0.0,0,4.0,2,0.0,50.0,1,Health Beauty,0,,,,,,,,,,
3ded4e2d5f135cb103e5949d7263d2dd,POUSO ALEGRE,MG,1,49.9,49.9,1,1,1,12.48,3.0,1.0,0.0,0,5.0,1,0.0,100.0,1,Computers Accessories,0,,,,,,,,,,
3df020b72d3d44b3af9d110fa3940b65,JALES,SP,55,5039.9,91.634545,101,13,53,1709.57,11.345454545454546,0.509090909090909,9.090909090909092,5,4.054545454545455,55,12.727272727272727,52.72727272727272,1,Furniture Decor,0,,,,,,,,,,
3dfd3dc96f7f8598eca74e9ac8a2fa31,SAO PAULO,SP,6,183.0,30.5,6,6,6,75.7,9.666666666666666,0.0,16.666666666666664,1,4.0,6,16.666666666666664,66.66666666666666,4,Housewares,0,,,,,,,,,,
3e35a8bb43569389d3cebef0ce820f69,SAO PAULO,SP,1,55.8,55.8,2,1,1,28.88,2.0,0.0,0.0,0,5.0,1,0.0,100.0,1,Drinks,1,Other,Reseller,Industry,Not Specified,Not Specified,0.0,0.0,0.0,0.0,14.0
3e46a38ee171c503c3b4a3f23fe3bf0c,SOROCABA,SP,1,59.9,59.9,1,1,1,9.11,1.0,0.0,0.0,0,5.0,1,0.0,100.0,1,Health Beauty,0,,,,,,,,,,
3e51f9cbe317bc3a88f2c76583811ee4,SAO PAULO,SP,1,76.09,76.09,1,1,1,8.69,5.0,0.0,0.0,0,5.0,1,0.0,100.0,1,Health Beauty,0,,,,,,,,,,
3e8bd881d92466e63ba9e3e809cd3c50,RIO DE JANEIRO,RJ,9,2242.28,249.142222,10,8,9,207.97,12.5,0.6666666666666666,22.22222222222222,2,3.7777777777777777,9,22.22222222222222,55.55555555555556,4,Electronics,0,,,,,,,,,,
3ea00e1dea2b0659dbaf654735929220,CURITIBA,PR,7,505.0,72.142857,7,2,7,144.97,8.571428571428571,1.4285714285714286,0.0,0,4.857142857142857,7,0.0,85.71428571428571,1,Cool Stuff,0,,,,,,,,,,
3ea08c48e851106d2f584349daba335f,BARBACENA,MG,1,170.0,170.0,1,1,1,22.94,1.0,0.0,0.0,0,4.0,1,0.0,0.0,1,Baby,1,Social,Manufacturer,Online Medium,Cat,Not Specified,0.0,0.0,0.0,0.0,84.0
3ef37b7ca6dd2b80bd8af81a62504996,SAO PAULO,SP,2,700.0,350.0,2,2,2,40.97,6.5,2.0,0.0,0,4.5,2,0.0,50.0,1,Cool Stuff,0,,,,,,,,,,
3f0e48d209018b466fcd3bb4ccfeb520,CURITIBA,PR,9,5399.0,599.888888,10,3,9,255.8,8.222222222222221,0.2222222222222222,0.0,0,3.888888888888889,9,11.11111111111111,55.55555555555556,1,Pet Shop,0,,,,,,,,,,
3f2af2670e104d1bcb54022274daeac5,TERRA BOA,PR,6,973.6,162.266666,7,5,6,360.58,9.2,0.5,16.666666666666664,1,3.3333333333333335,6,33.33333333333333,33.33333333333333,1,Furniture Decor,0,,,,,,,,,,
3f3486b61f45078d4f31ee5e43d8c5bb,SAO PAULO,SP,40,3829.73,95.74325,40,12,40,896.84,11.923076923076923,0.5,10.0,4,4.325,40,2.5,57.49999999999999,3,Luggage Accessories,0,,,,,,,,,,
3f8034bfc6b8b4135534975d49f04c63,CURITIBA,PR,12,1313.9,109.491666,16,8,12,280.61,9.181818181818182,0.3333333333333333,0.0,0,3.75,12,25.0,50.0,2,Baby,0,,,,,,,,,,
3f8247d0f772ffa58560e5c682521ad5,JOINVILLE,SC,1,139.9,139.9,1,1,1,18.55,,0.0,0.0,0,3.0,1,0.0,0.0,1,Signaling And Security,0,,,,,,,,,,
3f84fefc07dc159b268d4a77d3e8c425,FAZENDA RIO GRANDE,PR,3,200.6,66.866666,3,3,3,51.32,5.0,0.0,0.0,0,5.0,3,0.0,100.0,1,Health Beauty,0,,,,,,,,,,
3f995f07c49d0d55a99d5c54957f7d81,ITAPECERICA DA SERRA,SP,43,3955.7,91.993023,43,3,43,671.5,7.744186046511628,0.5348837209302325,2.3255813953488373,1,4.209302325581396,43,6.976744186046512,58.139534883720934,2,Auto,0,,,,,,,,,,
3f9be91358837bff69df67edfa3e42e8,LONDRINA,PR,7,569.7,81.385714,7,4,7,132.36,8.428571428571429,0.2857142857142857,0.0,0,4.428571428571429,7,14.285714285714285,85.71428571428571,1,Pet Shop,1,Paid Search,Reseller,Online Medium,Cat,Not Specified,0.0,0.0,0.0,0.0,10.0
3f9c56764fabca627406093dcb3ef0b4,RIO DE JANEIRO,RJ,7,909.3,129.9,7,3,7,105.65,5.428571428571429,0.42857142857142855,0.0,0,4.714285714285714,7,0.0,71.42857142857143,1,Sports Leisure,0,,,,,,,,,,
3fac58ce0ad699020c7944d53c41329c,SAO PAULO,SP,10,1244.95,124.495,16,13,10,183.02,2.2,0.2,0.0,0,4.4,10,0.0,60.0,2,Construction Tools Lights,0,,,,,,,,,,
3fadb4cba4c35bce6a7eaf9872d5623a,CAXIAS DO SUL,RS,3,209.5,69.833333,5,1,3,68.02,5.666666666666667,2.3333333333333335,0.0,0,3.3333333333333335,3,33.33333333333333,33.33333333333333,1,Health Beauty,0,,,,,,,,,,
3faf68a3b0af94b10bac70d86077be49,HOLAMBRA,SP,7,1322.93,188.99,7,3,7,119.16,6.285714285714286,0.14285714285714285,0.0,0,4.571428571428571,7,0.0,57.14285714285714,1,Not Specified,0,,,,,,,,,,
3fd1e727ba94cfe122d165e176ce7967,ARARAQUARA,SP,37,2805.2,75.816216,38,12,37,589.22,13.342857142857143,0.2972972972972973,18.91891891891892,7,3.7837837837837838,37,18.91891891891892,51.35135135135135,1,Sports Leisure,0,,,,,,,,,,
3fe7120d6257285ac6a3ce7cb071ccec,GOVERNADOR VALADARES,MG,2,199.98,99.99,2,1,2,28.28,6.0,0.0,0.0,0,3.5,2,0.0,0.0,1,Health Beauty,0,,,,,,,,,,
3febca52652e7209509ccfe61cbde40e,ITAQUAQUECETUBA,SP,2,84.0,42.0,2,1,2,16.9,,1.0,0.0,0,2.0,2,50.0,0.0,1,Health Beauty,0,,,,,,,,,,
3fefda3299e6dfaea3466ef346a3571a,CURITIBA,PR,1,209.0,209.0,1,1,1,16.21,3.0,1.0,0.0,0,4.0,1,0.0,0.0,1,Electronics,0,,,,,,,,,,
4003520d80d0bad1d5623f7aa3c63cda,RIO DE JANEIRO,RJ,1,70.0,70.0,1,1,1,16.74,15.0,0.0,0.0,0,1.0,1,100.0,0.0,1,Baby,0,,,,,,,,,,
400f221ab83037c0ea78f1267da9624d,OSVALDO CRUZ,SP,1,865.0,865.0,1,1,1,20.8,,0.0,0.0,0,1.0,1,100.0,0.0,1,Telephony,0,,,,,,,,,,
402916f742e5c740cc751493d9cf5053,GUANHAES,MG,9,1252.0,139.111111,10,5,9,226.43,5.333333333333333,0.1111111111111111,0.0,0,4.666666666666667,9,0.0,66.66666666666666,3,Health Beauty,0,,,,,,,,,,
403aa86912527d730337ffcb0fb096ab,BELO HORIZONTE,MG,11,8959.89,814.535454,11,6,11,204.62,7.545454545454546,0.6363636363636364,0.0,0,3.727272727272727,11,18.181818181818183,36.36363636363637,6,Telephony,0,,,,,,,,,,
4049512728d969bec69f84088b012416,BELO HORIZONTE,MG,7,389.84,55.691428,9,7,7,160.43,7.285714285714286,0.7142857142857143,0.0,0,5.0,7,0.0,100.0,2,Sports Leisure,0,,,,,,,,,,
404e1ba01358af4cd63f679b2c4d1fa1,JUIZ DE FORA,MG,8,373.9,46.7375,12,7,8,177.83,5.75,0.0,0.0,0,5.0,8,0.0,100.0,3,Pet Shop,0,,,,,,,,,,
40536e7ca18e1bce252828e5876466cc,CAIEIRAS,SP,2,463.96,231.98,4,1,2,499.04,,1.5,0.0,0,1.0,2,100.0,0.0,1,Cool Stuff,0,,,,,,,,,,
406740ee611378a662d274c7d8c43c4a,VITORIA,ES,8,1790.0,223.75,10,2,8,182.08,12.125,1.0,12.5,1,4.375,8,12.5,75.0,2,Fixed Telephony,0,,,,,,,,,,
406822777a0b9eb5c50e442dd4cd3ec5,TATUI,SP,45,3648.08,81.068444,47,19,45,948.26,11.045454545454545,0.3111111111111111,11.11111111111111,5,4.222222222222222,45,8.88888888888889,64.44444444444444,2,Toys,0,,,,,,,,,,
4091f77d8c768fc3e81c20761471761d,SAO PAULO,SP,8,1079.0,134.875,8,6,8,230.87,15.75,0.75,25.0,2,2.75,8,25.0,0.0,1,Baby,0,,,,,,,,,,
40d54b51e962dbe09cabbcfd33298dee,SANTO ANDRE,SP,30,6785.56,226.185333,31,13,30,537.69,4.9,0.4666666666666667,0.0,0,4.0,30,20.0,63.33333333333333,3,Health Beauty,0,,,,,,,,,,
40db9e9aa57f7bb151bcda6b0f9bdbb7,RECIFE,PE,12,23168.0,1930.666666,12,9,12,655.99,8.666666666666666,0.8333333333333334,8.333333333333332,1,2.25,12,58.333333333333336,25.0,1,Auto,0,,,,,,,,,,
40ec8ab6cdafbcc4f544da38c67da39a,FRANCISCO BELTRAO,PR,2,117.8,58.9,2,1,2,39.2,4.5,0.0,0.0,0,5.0,2,0.0,100.0,1,Housewares,0,,,,,,,,,,
411f3b52d857390502ee4e4d5ceabc2d,RIBEIRAO PIRES,SP,21,1804.01,85.905238,30,13,21,378.71,7.904761904761905,0.7619047619047619,9.523809523809524,2,3.9047619047619047,21,19.047619047619047,52.38095238095239,4,Construction Tools Construction,0,,,,,,,,,,
4125d9385a25e82d2f72d3a0fd55bc3f,SANTOS,SP,1,42.9,42.9,1,1,1,18.4,4.0,0.0,0.0,0,5.0,1,0.0,100.0,1,Housewares,1,Direct Traffic,Reseller,Online Medium,Cat,Not Specified,0.0,0.0,0.0,0.0,6.0
412a4720f3e9431b4afa1476a1acddbe,CAMPINAS,SP,21,2058.1,98.004761,22,8,20,511.06,8.857142857142858,0.8095238095238095,4.761904761904762,1,4.238095238095238,21,4.761904761904762,52.38095238095239,3,Sports Leisure,0,,,,,,,,,,
4170f6a9367e6b5d6401d03ce6d54569,BRASILIA DF,DF,4,568.78,142.195,5,3,4,93.03,8.75,1.0,25.0,1,4.0,4,25.0,75.0,2,Computers Accessories,0,,,,,,,,,,
417a1e6c7321084d2a0ae0d023cfad93,IMIGRANTE,RS,1,48.9,48.9,1,1,1,12.48,4.0,0.0,0.0,0,5.0,1,0.0,100.0,1,Housewares,0,,,,,,,,,,
41958cbd3335433c8740300e8cd600d5,SAO PAULO,SP,1,32.99,32.99,1,1,1,7.39,1.0,0.0,0.0,0,5.0,1,0.0,100.0,1,Small Appliances,0,,,,,,,,,,
41ab63a91b8b264e8c8780368bf1dd5b,BELO HORIZONTE,MG,12,2571.95,214.329166,13,9,12,302.27,8.75,0.75,0.0,0,4.25,12,8.333333333333332,66.66666666666666,7,Small Appliances,0,,,,,,,,,,
41b14765bd56c8ad10971074380f9c0c,SANTO ANDRE,SP,8,395.5,49.4375,10,2,8,119.13,5.125,0.375,0.0,0,4.625,8,0.0,87.5,1,Computers Accessories,1,Paid Search,Reseller,Industry,Not Specified,Not Specified,0.0,0.0,0.0,0.0,9.0
41b39e28db005d9731d9d485a83b4c38,SANTO ANDRE,SP,195,17112.55,87.756666,231,132,193,3930.36,7.775401069518717,0.46153846153846156,4.615384615384616,9,4.087179487179487,195,13.333333333333334,61.02564102564103,5,Bed Bath Table,0,,,,,,,,,,
41b86b552e54e3a7009596125aa8b167,SAO PAULO,SP,10,1595.3,159.53,11,11,10,234.61,11.7,0.3,0.0,0,4.3,10,10.0,70.0,1,Sports Leisure,0,,,,,,,,,,
41c2bad7229b0c25e6becf179ebf63ff,NATAL,RN,20,782.0,39.1,23,4,20,189.92,2.85,0.7,0.0,0,4.95,20,0.0,95.0,1,Books General Interest,0,,,,,,,,,,
41c9d3997dd3c072c31139dc5bb5761f,ARAXA,MG,3,998.8,332.933333,3,1,3,111.74,11.333333333333334,1.0,0.0,0,4.333333333333333,3,0.0,33.33333333333333,1,Stationery,0,,,,,,,,,,
41da412d33e8da4f22baf55cb1bde82c,DOMINGOS MARTINS,ES,15,862.9,57.526666,21,10,14,374.16,8.066666666666666,0.6666666666666666,0.0,0,4.666666666666667,15,0.0,73.33333333333333,1,Sports Leisure,1,Paid Search,Manufacturer,Industry,Not Specified,Not Specified,0.0,0.0,0.0,0.0,20.0
41e0fa5761c886a630994a55c12087e7,GUARUJA,SP,5,423.6,84.72,5,2,5,68.31,7.4,1.0,0.0,0,5.0,5,0.0,100.0,1,Health Beauty,0,,,,,,,,,,
4200ddf1967c5e41e48db62bc6d4b5ac,SAO BERNARDO DO CAMPO,SP,22,734.8,33.4,42,25,21,487.93,7.863636363636363,0.7272727272727273,4.545454545454546,1,4.0,22,13.636363636363635,59.09090909090909,2,Bed Bath Table,0,,,,,,,,,,
4221a7df464f1fe2955934e30ff3a5a1,BAHIA,BA,5,849.5,169.9,5,1,5,239.54,11.4,0.4,0.0,0,4.8,5,0.0,80.0,1,Baby,0,,,,,,,,,,
422be4cc81a457fdb46f47edeb968ae5,IBITINGA,SP,1,239.9,239.9,1,1,1,77.47,10.0,0.0,0.0,0,5.0,1,0.0,100.0,1,Furniture Decor,0,,,,,,,,,,
427165bf50f8ca07efc7bdc2bfcf1688,AMERICANA,SP,5,1603.5,320.7,5,3,5,89.4,37.2,0.2,60.0,3,3.2,5,40.0,40.0,1,Health Beauty,0,,,,,,,,,,
42b6488f5b8246d9141712abd4b1b693,MARINGA,PR,2,247.99,123.995,2,2,2,41.81,6.5,0.0,0.0,0,4.0,2,0.0,50.0,2,Health Beauty,0,,,,,,,,,,
42b729f859728f5079499127a9c2ef37,SAO PAULO,SP,104,4118.86,39.604423,132,18,102,1315.21,4.407766990291262,0.46153846153846156,7.6923076923076925,8,4.451923076923077,104,5.769230769230769,72.11538461538461,4,Health Beauty,0,,,,,,,,,,
42bde9fef835393bb8a8849cb6b7f245,BRASILIA,DF,35,7703.0,220.085714,40,15,34,784.84,8.029411764705882,0.2571428571428571,2.857142857142857,1,4.257142857142857,35,5.714285714285714,60.0,3,Toys,0,,,,,,,,,,
42d4b7e70819438f5ada61c965e92d7e,GOIANIA,GO,1,49.6,49.6,3,2,1,51.18,13.0,0.0,0.0,0,1.0,1,100.0,0.0,2,Auto,0,,,,,,,,,,
42ef3192a9ff87a22d1867b74b3ee205,SANTO ANDRE,SP,23,1354.09,58.873478,23,20,23,301.88,5.086956521739131,0.4782608695652174,0.0,0,4.6521739130434785,23,4.3478260869565215,82.6086956521739,4,Toys,0,,,,,,,,,,
42fa4ee7240e9b8eb4576358ec142ba7,CAXIAS DO SUL,RS,22,3845.7,174.804545,22,7,22,518.77,5.545454545454546,0.2727272727272727,0.0,0,4.7272727272727275,22,0.0,77.27272727272727,3,Not Specified,1,Other,Reseller,Online Medium,Not Specified,Not Specified,0.0,0.0,0.0,0.0,7.0
42fb44130ac3134cde8e35cf8ec7df25,PINHALZINHO,SP,3,62.7,20.9,3,2,3,36.44,5.0,0.0,0.0,0,3.6666666666666665,3,33.33333333333333,66.66666666666666,1,Fashion Bags Accessories,0,,,,,,,,,,
430315b7bb4b6e4b3c978f9dfa9b0558,SAO PAULO,SP,20,3118.4,155.92,21,14,20,586.23,9.31578947368421,0.35,5.0,1,3.8,20,25.0,60.0,9,Housewares,0,,,,,,,,,,
4305fe92735c8a43d154ff6dd2b8d927,CORONEL FABRICIANO,MG,19,2885.9,151.889473,21,5,19,428.35,8.647058823529411,0.3157894736842105,0.0,0,3.9473684210526314,19,5.263157894736842,52.63157894736842,3,Sports Leisure,0,,,,,,,,,,
431050a06a317f2b38168dec3dcd2b46,SAO PAULO,SP,12,1487.8,123.983333,12,7,12,233.15,6.2,0.16666666666666666,0.0,0,4.25,12,8.333333333333332,58.333333333333336,2,Health Beauty,0,,,,,,,,,,
431af27f296bc6519d890aa5a05fdb11,RIBEIRAO PRETO,SP,117,13109.5,112.047008,125,20,117,2141.35,12.431034482758621,0.452991452991453,13.675213675213676,16,3.752136752136752,117,19.65811965811966,50.427350427350426,1,Health Beauty,0,,,,,,,,,,
4324dd16853115efb0fd9d0d131ba6f4,SAO JOSE DO RIO PARDO,SP,12,1052.25,87.6875,18,6,12,327.22,11.166666666666666,0.9166666666666666,8.333333333333332,1,4.083333333333333,12,16.666666666666664,58.333333333333336,1,Computers Accessories,0,,,,,,,,,,
432c37c9dfba871172ec162e20118b8c,BRASILIA,DF,46,2968.87,64.540652,57,17,46,969.67,10.068181818181818,0.717391304347826,8.695652173913043,4,4.108695652173913,46,10.869565217391305,56.52173913043478,7,Cool Stuff,0,,,,,,,,,,
432c67955c0acd1fd6b0b5d678766a71,SAO PAULO,SP,3,1151.0,383.666666,3,3,3,137.41,1.0,1.3333333333333333,0.0,0,2.3333333333333335,3,66.66666666666666,33.33333333333333,2,Health Beauty,0,,,,,,,,,,
43402bdf22aa2310e8f99e2f94f78628,RIBEIRAO PIRES,SP,4,649.95,162.4875,5,3,4,187.15,5.0,1.0,0.0,0,2.5,4,50.0,0.0,2,Furniture Bedroom,1,Other,Manufacturer,Industry,Cat,Not Specified,0.0,0.0,0.0,0.0,8.0
4342d4b2ba6b161468c63a7e7cfce593,RIO DE JANEIRO,RJ,20,2867.1,143.355,20,3,20,296.21,11.5,0.45,5.0,1,1.25,20,90.0,5.0,1,Watches Gifts,0,,,,,,,,,,
436bf27f2f18474fc6047702e9f8a866,CAMPINAS,SP,1,29.9,29.9,1,1,1,14.52,14.0,0.0,0.0,0,5.0,1,0.0,100.0,1,Baby,0,,,,,,,,,,
4371b634e0efc0e22b09b52907d9d469,SAO PAULO,SP,102,8194.0,80.333333,112,40,101,1484.79,9.356435643564357,0.49019607843137253,6.862745098039216,7,4.411764705882353,102,6.862745098039216,72.54901960784314,4,Sports Leisure,0,,,,,,,,,,
43753b27d77860f1654aa72e251a7878,BARRO ALTO,BA,1,23.9,23.9,1,1,1,42.38,21.0,3.0,0.0,0,5.0,1,0.0,100.0,1,Furniture Decor,0,,,,,,,,,,
4391ea5c5990502176a1dcda44a2373d,PORTO ALEGRE,RS,3,2349.0,783.0,5,3,3,135.3,10.0,1.0,0.0,0,4.666666666666667,3,0.0,66.66666666666666,2,Air Conditioning,0,,,,,,,,,,
439a47cc365d6e3bd526812ea9de3c29,MOGI DAS CRUZES,SP,8,1186.5,148.3125,13,5,8,224.43,5.875,0.375,0.0,0,4.25,8,12.5,62.5,1,Bed Bath Table,0,,,,,,,,,,
43a1d4bab73b816e44ef4e4facd9f9b5,MARINGA,PR,1,189.9,189.9,1,1,1,15.5,8.0,0.0,0.0,0,4.0,1,0.0,0.0,1,Health Beauty,0,,,,,,,,,,
43a5d4a57af536fddc96d08be3afdfcb,VARGINHA,MG,1,75.0,75.0,1,1,1,24.83,-1.0,0.0,0.0,0,1.0,1,100.0,0.0,1,Home Confort,0,,,,,,,,,,
43b2c864251aa0ce4030c746984e088a,BRASILIA,DF,2,94.8,47.4,2,2,2,34.52,4.5,0.0,0.0,0,3.0,2,50.0,50.0,2,Housewares,0,,,,,,,,,,
43f8c9950d11ecd03a0304a49e010da6,CARAPICUIBA,SP,41,4249.59,103.648536,41,21,41,557.63,9.560975609756097,0.6097560975609756,4.878048780487805,2,4.560975609756097,41,2.4390243902439024,75.60975609756098,1,Consoles Games,0,,,,,,,,,,
44073f8b7e41514de3b7815dd0237f4f,BRASILIA,DF,144,18729.64,130.066944,153,77,144,3172.29,10.077464788732394,0.4861111111111111,3.4722222222222223,5,3.75,144,16.666666666666664,47.22222222222222,15,Health Beauty,0,,,,,,,,,,
440dd6ab244315c632130ecfb63827b1,VOTUPORANGA,SP,94,13696.9,145.711702,95,28,94,2096.31,13.593406593406593,0.43617021276595747,12.76595744680851,12,3.8191489361702127,94,14.893617021276595,46.808510638297875,2,Sports Leisure,0,,,,,,,,,,
443d880f15cbd3572885e1d44bf2c478,MARILIA,SP,1,94.8,94.8,2,1,1,30.2,7.0,0.0,0.0,0,2.0,1,0.0,0.0,1,Furniture Decor,0,,,,,,,,,,
4450bd8327d471c4a11a83d1445b1b62,COTIA,SP,1,199.0,199.0,1,1,1,15.56,6.0,0.0,0.0,0,5.0,1,0.0,100.0,1,Health Beauty,0,,,,,,,,,,
446cc09cdbb130904da114e807dbec40,SAO PAULO,SP,3,252.8,84.266666,3,3,3,54.17,2.6666666666666665,0.6666666666666666,0.0,0,4.666666666666667,3,0.0,66.66666666666666,1,Party Supplies,0,,,,,,,,,,
44717f64ec2a457979cf83c429077666,SANTA ROSA,RS,2,107.0,53.5,3,2,2,63.91,3.5,1.5,0.0,0,5.0,2,0.0,100.0,1,Construction Tools Lights,1,Direct Traffic,Reseller,Online Medium,Cat,Not Specified,0.0,0.0,0.0,0.0,1.0
447d377bdb757058acb569025ee18a93,CARAZINHO,RS,1,64.99,64.99,1,1,1,18.02,14.0,0.0,0.0,0,5.0,1,0.0,100.0,1,Stationery,1,Organic Search,Reseller,Online Medium,Not Specified,Not Specified,0.0,0.0,0.0,0.0,3.0
44ed138eca6214d572ce1d813fb0049b,CANOAS,RS,2,129.79,64.895,3,2,2,56.01,5.5,0.0,0.0,0,4.5,2,0.0,50.0,2,Health Beauty,1,Other,Manufacturer,Offline,Cat,Not Specified,0.0,0.0,0.0,0.0,4.0
44f091b5abab8018f682fce8124b85e5,SAO PAULO,SP,6,1680.1,280.016666,6,4,6,107.61,3.6666666666666665,0.5,33.33333333333333,2,2.5,6,33.33333333333333,16.666666666666664,1,Sports Leisure,0,,,,,,,,,,
45213867cefbf2cd4c6177e10216a951,ARARAS,SP,14,4955.42,353.958571,14,9,14,433.74,11.928571428571429,0.7142857142857143,7.142857142857142,1,3.857142857142857,14,14.285714285714285,42.857142857142854,2,Musical Instruments,0,,,,,,,,,,
4559697a8f7e637227c2eeaed843baff,PRESIDENTE PRUDENTE,SP,42,3696.0,88.0,42,3,40,778.27,10.461538461538462,0.5476190476190477,7.142857142857142,3,4.0476190476190474,42,14.285714285714285,54.761904761904766,3,Home Appliances,0,,,,,,,,,,
455befea1bb853c75ccbca94cff26e5c,RESENDE,RJ,1,19.99,19.99,1,1,1,22.06,7.0,2.0,0.0,0,3.0,1,0.0,0.0,1,Health Beauty,1,Organic Search,Not Specified,Offline,Cat,Not Specified,0.0,0.0,0.0,0.0,2.0
455c5640e8c5bd1b2ee85c0158f85727,LUIZ ALVES,SC,8,6729.5,841.1875,8,7,8,457.39,12.75,0.75,0.0,0,4.5,8,0.0,62.5,4,Musical Instruments,0,,,,,,,,,,
455f46ef09a9e45667e2981df84b5cc2,SOROCABA,SP,2,59.8,29.9,2,1,2,31.18,4.0,0.0,0.0,0,2.5,2,50.0,0.0,1,Electronics,0,,,,,,,,,,
457fe919b032a3f7dadba6fb92cf7855,PAULINIA,SP,9,1104.89,122.765555,12,8,9,141.22,3.6666666666666665,0.0,0.0,0,4.777777777777778,9,0.0,77.77777777777779,1,Bed Bath Table,0,,,,,,,,,,
458c6fa920810ce2492da71bc26d9eec,CATANDUVA,SP,2,756.76,378.38,2,1,2,105.61,21.0,0.0,0.0,0,2.5,2,0.0,0.0,1,Health Beauty,0,,,,,,,,,,
458d868c9642f55f18f04e951a3fdde6,PORTO ALEGRE,RS,2,2718.0,1359.0,2,1,2,104.75,11.5,0.0,0.0,0,5.0,2,0.0,100.0,1,Health Beauty,0,,,,,,,,,,
45a3d05fb00435e52a28859dd03703b3,GUARULHOS,SP,1,1299.0,1299.0,1,1,1,24.79,9.0,1.0,0.0,0,5.0,1,0.0,100.0,1,Toys,0,,,,,,,,,,
45ba18c210d42734ec52c0c1c574e9ee,SAO ROQUE,SP,38,5589.13,147.082368,41,29,38,972.96,5.571428571428571,1.0526315789473684,5.263157894736842,2,3.8684210526315788,38,21.052631578947366,52.63157894736842,9,Baby,0,,,,,,,,,,
45c20d94d9171b0bcfab3c955e47d67b,CORDEIROPOLIS,SP,4,129.46,32.365,4,4,4,81.11,12.25,0.0,0.0,0,4.5,4,0.0,75.0,3,Housewares,0,,,,,,,,,,
45d33f715e24d15a6ccf5c17b3a23e3c,SOROCABA,SP,59,4838.23,82.003898,61,32,59,903.93,7.089285714285714,0.559322033898305,5.084745762711865,3,4.016949152542373,59,13.559322033898304,59.32203389830508,13,Computers Accessories,0,,,,,,,,,,
461ff5303b6c9c1a4a07f40c5aece516,PINHAIS,PR,3,102.7,34.233333,3,2,3,58.73,4.333333333333333,0.3333333333333333,0.0,0,3.6666666666666665,3,33.33333333333333,66.66666666666666,1,Health Beauty,0,,,,,,,,,,
466222e777149751370e7e98fb623b0c,RIO DE JANEIRO,RJ,1,87.9,87.9,1,1,1,17.55,6.0,0.0,0.0,0,5.0,1,0.0,100.0,1,Auto,0,,,,,,,,,,
4677a5437afda5fa7140b927b07be1cc,JAPIRA,PR,11,3415.7,310.518181,11,9,11,420.0,8.818181818181818,0.5454545454545454,9.090909090909092,1,4.363636363636363,11,0.0,45.45454545454545,3,Auto,0,,,,,,,,,,
46dc3b2cc0980fb8ec44634e21d2718e,RIO DE JANEIRO,RJ,521,128111.19,245.894798,542,189,521,11798.5,8.732142857142858,0.362763915547025,5.566218809980806,29,4.1708253358925145,521,11.708253358925145,62.38003838771593,7,Toys,0,,,,,,,,,,
46ef1a25845fc051c2998d878354810c,CLAUDIO,MG,5,250.41,50.082,5,4,5,98.04,14.8,0.0,0.0,0,4.4,5,0.0,40.0,2,Housewares,0,,,,,,,,,,
4736e9d642ef4257cd7622516931eb51,PIRACICABA,SP,16,1078.87,67.429375,20,12,16,370.9,2.625,0.625,0.0,0,4.125,16,6.25,56.25,5,Air Conditioning,0,,,,,,,,,,
47648caee88ccfe951fbb27fbf7b4cbe,DIADEMA,SP,3,1564.99,521.663333,3,3,3,68.0,10.666666666666666,0.3333333333333333,33.33333333333333,1,3.6666666666666665,3,33.33333333333333,66.66666666666666,1,Auto,0,,,,,,,,,,
478bfe564db21eeb44386606aa30b650,PEDRO LEOPOLDO,MG,3,182.7,60.9,3,3,3,48.1,9.0,0.0,0.0,0,4.666666666666667,3,0.0,66.66666666666666,1,Pet Shop,0,,,,,,,,,,
47efca563408aae19bb7206c2d969ea9,TERESINA,PI,12,2522.0,210.166666,12,5,12,443.32,12.090909090909092,0.3333333333333333,0.0,0,4.083333333333333,12,16.666666666666664,58.333333333333336,1,Auto,0,,,,,,,,,,
47f55702f598c7c6cc8458b0fbc1c49a,DORES DE CAMPOS,MG,2,127.5,63.75,2,2,2,35.9,11.0,0.0,0.0,0,3.0,2,50.0,50.0,1,Not Specified,0,,,,,,,,,,
48162d548f5b1b11b9d29d1e01f75a61,PIRACICABA,SP,68,20510.14,301.619705,91,43,66,2082.03,9.954545454545455,0.5147058823529411,1.4705882352941175,1,3.8970588235294117,68,17.647058823529413,54.41176470588235,7,Garden Tools,0,,,,,,,,,,
4830e40640734fc1c52cd21127c341d4,SAO PAULO,SP,210,9843.47,46.873666,219,54,210,3126.55,7.9754901960784315,0.3761904761904762,4.761904761904762,10,4.133333333333334,210,10.952380952380953,58.0952380952381,9,Housewares,0,,,,,,,,,,
48328ec9a579151d9cc6a86d4a59336c,CANOAS,RS,1,1099.0,1099.0,1,1,1,97.78,19.0,0.0,0.0,0,2.0,1,0.0,0.0,1,Cool Stuff,0,,,,,,,,,,
483ca627d131e18f988349b1655c0acd,MOGI MIRIM,SP,1,264.0,264.0,1,1,1,19.73,10.0,2.0,0.0,0,5.0,1,0.0,100.0,1,Health Beauty,0,,,,,,,,,,
48436dade18ac8b2bce089ec2a041202,VOLTA REDONDA,SP,138,12271.71,88.925434,151,23,138,2911.93,9.970149253731343,0.38405797101449274,7.246376811594203,10,4.0144927536231885,138,12.318840579710146,53.62318840579711,2,Cool Stuff,0,,,,,,,,,,
485452467ff670447e84a8370c3fc898,TAIO,SC,3,175.7,58.566666,3,3,3,139.74,11.666666666666666,0.0,0.0,0,4.666666666666667,3,0.0,66.66666666666666,2,Not Specified,0,,,,,,,,,,
4867209cb29b56b92893d7bde3ce8012,JAU,SP,1,150.0,150.0,1,1,1,19.15,6.0,0.0,0.0,0,4.0,1,0.0,0.0,1,Health Beauty,1,Paid Search,Manufacturer,Online Small,Not Specified,Not Specified,0.0,0.0,0.0,0.0,18.0
4869f7a5dfa277a7dca6462dcf3b52b2,GUARIBA,SP,1132,229472.63,202.714337,1156,95,1124,20168.07,12.220640569395018,0.48586572438162545,10.424028268551238,118,4.122791519434629,1132,10.86572438162544,59.36395759717315,10,Watches Gifts,0,,,,,,,,,,
48985c61529077fa4f1e38bcff0f2ed3,PORTO ALEGRE,RS,7,879.3,125.614285,7,2,7,148.07,9.285714285714286,0.14285714285714285,0.0,0,4.428571428571429,7,0.0,42.857142857142854,1,Health Beauty,0,,,,,,,,,,
48b6c3f4c6a93171da04b75313f2130f,OSVALDO CRUZ,SP,2,290.26,145.13,2,2,2,37.8,21.5,0.0,0.0,0,5.0,2,0.0,100.0,1,Signaling And Security,0,,,,,,,,,,
48bad451945f5227341793478d6353ea,SAO PAULO,SP,3,307.0,102.333333,3,2,3,77.49,11.0,0.3333333333333333,33.33333333333333,1,4.0,3,0.0,33.33333333333333,2,Books General Interest,0,,,,,,,,,,
48e5ee06fb2dc74df1c711a9b6dfac2a,OLIVEIRA,MG,1,57.0,57.0,3,1,1,45.3,8.0,0.0,0.0,0,5.0,1,0.0,100.0,1,Construction Tools Construction,0,,,,,,,,,,
48e954b2da4f6a750c844173b347ed40,PORTO ALEGRE,RS,2,397.8,198.9,6,2,2,159.01,7.5,0.0,0.0,0,4.5,2,0.0,50.0,1,Drinks,1,Social,Reseller,Online Small,Not Specified,Not Specified,0.0,0.0,0.0,0.0,37.0
48efc9d94a9834137efd9ea76b065a38,CURITIBA,PR,33,345.6,10.472727,34,17,18,320.4,5.363636363636363,1.7272727272727273,0.0,0,5.0,33,0.0,100.0,8,Fashion Bags Accessories,0,,,,,,,,,,
48fb026ed7455a42f5d3e9390ed5088e,BARRA MANSA,RJ,11,555.71,50.51909,11,11,11,223.43,9.555555555555555,2.5454545454545454,0.0,0,2.6363636363636362,11,36.36363636363637,9.090909090909092,1,Auto,0,,,,,,,,,,
49067458c68f7701fd334ce326accbe0,JUIZ DE FORA,MG,17,1047.65,61.62647,37,15,16,573.85,7.235294117647059,0.5294117647058824,0.0,0,3.3529411764705883,17,29.411764705882355,41.17647058823529,2,Costruction Tools Garden,0,,,,,,,,,,
4917cee8d902e13428c3ec4b1ca6f315,BLUMENAU,SC,33,5421.9,164.3,33,7,33,1199.64,9.774193548387096,0.45454545454545453,3.0303030303030303,1,4.0606060606060606,33,12.121212121212121,54.54545454545454,2,Home Appliances 2,0,,,,,,,,,,
491a5ada3aa1678414e990262c4bbdc1,SAO PAULO,SP,2,2840.0,1420.0,2,1,2,33.81,5.0,0.0,0.0,0,3.0,2,50.0,50.0,1,Dvds Blu Ray,0,,,,,,,,,,
49383af7ab774e4e8f3000f49c83dc4b,TAUBATE,SP,8,660.0,82.5,12,1,8,242.23,5.125,0.375,0.0,0,4.375,8,0.0,62.5,1,Bed Bath Table,0,,,,,,,,,,
4965a7002cca77301c82d3f91b82e1a9,SOROCABA,SP,1,8.49,8.49,1,1,1,7.87,2.0,3.0,0.0,0,5.0,1,0.0,100.0,1,Pet Shop,0,,,,,,,,,,
497709c2976a8fa308730a2dec5b0726,DIADEMA,SP,1,76.0,76.0,2,1,1,18.04,2.0,0.0,0.0,0,5.0,1,0.0,100.0,1,Stationery,0,,,,,,,,,,
4978a02ea9c8be7a9b5480680f40334e,SAO PAULO,SP,18,2356.61,130.922777,19,14,18,340.23,3.2777777777777777,0.6111111111111112,0.0,0,3.5555555555555554,18,22.22222222222222,38.88888888888889,4,Construction Tools Construction,0,,,,,,,,,,
499185655c29ecfdbfe776ef7cf875b5,PORTO ALEGRE,RS,1,89.0,89.0,1,1,1,17.33,6.0,0.0,0.0,0,4.0,1,0.0,0.0,1,Bed Bath Table,0,,,,,,,,,,
4992e76a42cb3aad7a7047e0d3d7e729,SAO PAULO,SP,57,2211.1,38.791228,74,23,57,1007.47,6.035714285714286,0.45614035087719296,5.263157894736842,3,3.912280701754386,57,17.543859649122805,57.89473684210527,2,Housewares,0,,,,,,,,,,
499ec63c58e51296c9cf57edcfe1c8a8,SAO PAULO,SP,5,365.0,73.0,5,1,5,47.93,4.0,0.2,0.0,0,4.8,5,0.0,80.0,1,Computers Accessories,0,,,,,,,,,,
49cdc90518a4f82676b38b3c1aa43ff6,SAO PAULO,SP,5,1539.5,307.9,5,5,5,82.61,3.4,0.4,0.0,0,3.8,5,0.0,40.0,3,Auto,0,,,,,,,,,,
49e7217cfe4e427191c378ec626d8737,FORMIGA,MG,13,3002.7,230.976923,14,9,13,375.61,11.666666666666666,0.23076923076923078,0.0,0,3.8461538461538463,13,15.384615384615385,46.15384615384615,2,Housewares,0,,,,,,,,,,
49f8d2ea7b718d0ce587d34207caf2b4,SAO BERNARDO DO CAMPO,SP,1,149.9,149.9,1,1,1,15.36,3.0,0.0,0.0,0,5.0,1,0.0,100.0,1,Pet Shop,0,,,,,,,,,,
4a1917ef994878940e1fb03eeb787ad7,BRASILIA,DF,2,768.0,384.0,3,2,2,78.62,7.5,1.0,0.0,0,3.0,2,0.0,0.0,1,Fixed Telephony,1,Social,Reseller,Industry,Eagle,Not Specified,0.0,0.0,0.0,0.0,21.0
4a1f694197d05fe70026b016a7316b41,PEDREIRA,SP,14,907.77,64.840714,23,12,14,370.98,6.5,0.5714285714285714,7.142857142857142,1,4.571428571428571,14,7.142857142857142,85.71428571428571,2,Furniture Decor,1,Paid Search,Reseller,Online Medium,Not Specified,Not Specified,0.0,0.0,0.0,0.0,23.0
4a23adac87cf538689fa600d976f78b2,SAO PAULO,SP,3,405.0,135.0,3,1,3,35.41,5.666666666666667,0.0,0.0,0,4.333333333333333,3,0.0,33.33333333333333,1,Furniture Decor,1,Paid Search,Manufacturer,Industry,Wolf,Not Specified,0.0,0.0,0.0,0.0,162.0
4a3ca9315b744ce9f8e9374361493884,IBITINGA,SP,1806,200472.92,111.003831,1987,399,1792,35067.04,11.711060948081265,0.5016611295681063,9.523809523809524,172,3.8045404208194906,1806,14.784053156146179,47.729789590254704,7,Bed Bath Table,0,,,,,,,,,,
4a3ccda38b2129705f3fb522db62ca31,MARILIA,SP,66,17062.59,258.52409,78,45,66,1432.34,9.921875,0.42424242424242425,6.0606060606060606,4,3.878787878787879,66,16.666666666666664,56.060606060606055,5,Construction Tools Safety,0,,,,,,,,,,
4a5b36211b1f51bf7eaa5c10a57fa483,SAO GONCALO,RJ,1,139.19,139.19,1,1,1,16.07,3.0,0.0,0.0,0,5.0,1,0.0,100.0,1,Auto,0,,,,,,,,,,
4a82168aaef173cbb6e46ae88728f919,IRATI,PR,4,512.0,128.0,4,2,4,100.39,4.75,0.25,0.0,0,4.0,4,0.0,50.0,2,Health Beauty,1,Paid Search,Reseller,Online Big,Wolf,Not Specified,0.0,0.0,0.0,0.0,127.0
4a82c4af97ffc0fb2dc26bfdc03b1842,LAGOA DA PRATA,MG,3,143.7,47.9,3,3,3,67.2,10.0,0.6666666666666666,0.0,0,5.0,3,0.0,100.0,2,Not Specified,0,,,,,,,,,,
4aba391bc3b88717ce08eb11e44937b2,ARRAIAL D'AJUDA (PORTO SEGURO),BA,29,7595.87,261.926551,30,27,29,839.34,14.185185185185185,0.5517241379310345,13.793103448275861,4,3.896551724137931,29,13.793103448275861,51.724137931034484,2,Sports Leisure,0,,,,,,,,,,
4aba6a02a788d3ec81c03137144d9a80,CANOINHAS,SC,1,89.9,89.9,1,1,1,15.38,12.0,0.0,0.0,0,5.0,1,0.0,100.0,1,Health Beauty,0,,,,,,,,,,
4b0fdb526525f9890eb145bf1534640e,IBITINGA,SP,18,2419.0,134.388888,20,10,18,535.21,7.833333333333333,0.1111111111111111,0.0,0,4.055555555555555,18,11.11111111111111,61.111111111111114,2,Bed Bath Table,0,,,,,,,,,,
4b1eaadf791bdbbad8c4a35b65236d52,RIBEIRAO PRETO,SP,8,1849.79,231.22375,8,5,8,113.03,4.8,0.0,12.5,1,2.0,8,62.5,12.5,1,Consoles Games,0,,,,,,,,,,
4b39558c138930b9e5489c93b6df5fe3,ARACAJU,SE,4,1096.7,274.175,5,3,4,132.4,11.5,1.0,0.0,0,4.5,4,0.0,75.0,2,Computers Accessories,0,,,,,,,,,,
4b5f66b7adcf57f1ecc0d3c07dd6b177,VENDAS@CREDITPARTS.COM.BR,PR,23,6381.78,277.468695,38,10,22,734.18,9.130434782608695,0.6956521739130435,4.3478260869565215,1,4.130434782608695,23,13.043478260869565,60.86956521739131,1,Computers Accessories,0,,,,,,,,,,
4b90495391ac0bd181a80a459df1e718,BAGE,RS,1,248.0,248.0,1,1,1,18.11,3.0,1.0,0.0,0,4.0,1,0.0,0.0,1,Furniture Decor,0,,,,,,,,,,
4b9750c8ad28220fe6702d4ecb7c898f,LIMEIRA,SP,218,15915.3,73.005963,222,34,217,3389.8,7.23963133640553,0.3532110091743119,5.963302752293578,13,4.362385321100917,218,5.5045871559633035,64.6788990825688,2,Baby,0,,,,,,,,,,
4b98b0428fc1932cc2514ef9ce2505e6,TABOAO DA SERRA,SP,2,327.63,163.815,2,2,2,35.8,20.5,0.0,50.0,1,1.0,2,100.0,0.0,1,Not Specified,0,,,,,,,,,,
4ba52dfeba874da5b9ee7b17c7494f04,MOGI DAS CRUZES,SP,11,1463.0,133.0,11,11,11,204.91,8.272727272727273,0.5454545454545454,9.090909090909092,1,4.363636363636363,11,9.090909090909092,63.63636363636363,1,Books Technical,0,,,,,,,,,,
4bc3d93e4a5f88a598d3d8ce4ae510b3,SAO PAULO,SP,1,169.0,169.0,1,1,1,19.28,,0.0,0.0,0,1.0,1,100.0,0.0,1,Computers Accessories,0,,,,,,,,,,
4bcec44888b30ba9001234c534716d3f,SANTO ANDRE,SP,5,146.0,29.2,5,2,5,63.23,7.6,0.0,0.0,0,4.6,5,0.0,80.0,1,Health Beauty,0,,,,,,,,,,
4bde6149c15cf7e177b36fa060dd6de8,CARAZINHO,RS,2,159.8,79.9,2,2,2,32.66,3.0,0.0,0.0,0,5.0,2,0.0,100.0,2,Food,0,,,,,,,,,,
4be2e7f96b4fd749d52dff41f80e39dd,RIO BRANCO,AC,1,267.0,267.0,1,1,1,32.84,,1.0,0.0,0,1.0,1,100.0,0.0,1,Books Technical,0,,,,,,,,,,
4be6b962d83299498bae2190f95d6566,SAO CARLOS,SP,11,508.8,46.254545,12,6,11,182.29,6.7272727272727275,0.09090909090909091,9.090909090909092,1,3.8181818181818183,11,18.181818181818183,45.45454545454545,2,Small Appliances,0,,,,,,,,,,
4be9ae93c4fc0f41713d71a4194ee1b3,DIVINOPOLIS,MG,1,109.9,109.9,1,1,1,27.07,6.0,0.0,0.0,0,5.0,1,0.0,100.0,1,Sports Leisure,0,,,,,,,,,,
4bf2f4ee540798a61f9636d12cd9cc80,ASSIS,SP,29,4995.56,172.260689,30,18,29,505.45,11.241379310344827,0.06896551724137931,0.0,0,4.137931034482759,29,3.4482758620689653,48.275862068965516,3,Fashion Underwear Beach,0,,,,,,,,,,
4bf658053d453036c70976bccb2c31b2,SAO JOSE DO RIO PRETO,SP,2,1742.99,871.495,2,2,2,81.57,10.5,0.5,0.0,0,4.5,2,0.0,50.0,2,Not Specified,0,,,,,,,,,,
4bfc7a4a1cf8d4d2121c27422d9e50b5,SAO PAULO,SP,26,8124.4,312.476923,40,7,26,1067.19,4.884615384615385,0.4230769230769231,3.8461538461538463,1,4.538461538461538,26,3.8461538461538463,80.76923076923077,1,Housewares,1,Paid Search,Reseller,Online Big,Cat,Not Specified,0.0,0.0,0.0,0.0,9.0
4c03b9dd4c11ee2cb35c96c49efc9420,CAMPO LIMPO PAULISTA,SP,48,6458.6,134.554166,48,5,48,843.73,8.375,0.3333333333333333,2.083333333333333,1,4.0625,48,14.583333333333334,60.416666666666664,1,Toys,0,,,,,,,,,,
4c18691b6037662be2df78a765d98ab5,SAO PAULO,SP,63,3195.52,50.722539,67,31,63,1120.99,7.142857142857143,0.4603174603174603,6.349206349206349,4,3.873015873015873,63,14.285714285714285,47.61904761904761,6,Housewares,1,Other,Reseller,Online Small,Not Specified,Not Specified,0.0,0.0,0.0,0.0,5.0
4c1c7281388a33dd06daac44f9fadbd1,MARILIA,SP,5,188.32,37.664,5,5,5,81.59,7.0,0.6,0.0,0,4.8,5,0.0,80.0,3,Toys,1,Social,Reseller,Online Medium,Cat,Not Specified,0.0,0.0,0.0,0.0,3.0
4c2b230173bb36f9b240f2b8ac11786e,SAO PAULO,SP,261,14592.27,55.90908,346,20,256,4397.57,7.569767441860465,0.6590038314176245,9.195402298850574,24,3.9348659003831417,261,15.708812260536398,54.78927203065134,2,Sports Leisure,0,,,,,,,,,,
4c498c7345e89aebad651544829beca0,CARAPICUIBA,SP,48,4819.76,100.411666,48,20,47,570.0,7.829787234042553,0.625,10.416666666666668,5,4.291666666666667,48,6.25,62.5,2,Health Beauty,0,,,,,,,,,,
4c4d546adf3c3868fe19c9ec6e9ffda9,MARINGA,PR,2,111.7,55.85,3,2,2,45.39,4.0,0.0,0.0,0,4.0,2,0.0,50.0,1,Pet Shop,0,,,,,,,,,,
4c60877808f4318ef1107fbeb8f89afa,ATIBAIA,SP,2,118.0,59.0,2,2,2,32.63,6.0,0.5,0.0,0,4.0,2,0.0,50.0,1,Computers Accessories,0,,,,,,,,,,
4c61e37f664c3c88aff092aa5ac779d7,NITEROI,RJ,7,788.31,112.615714,8,3,7,119.86,13.285714285714286,0.42857142857142855,14.285714285714285,1,3.5714285714285716,7,28.57142857142857,42.857142857142854,2,Consoles Games,0,,,,,,,,,,
4c8545742faaf58fafd5fd14d25d75cf,FERNANDOPOLIS,SP,4,3020.0,755.0,4,4,4,196.31,9.0,0.0,0.0,0,4.5,4,0.0,75.0,2,Auto,0,,,,,,,,,,
4c8b8048e33af2bf94f2eb547746a916,IBITINGA,SP,23,2020.73,87.857826,27,23,23,438.08,12.842105263157896,0.391304347826087,8.695652173913043,2,2.9565217391304346,23,34.78260869565217,30.434782608695656,5,Bed Bath Table,0,,,,,,,,,,
4cc43a222a0f94910728b62b97a8c5f8,RIBEIRAO PRETO,SP,1,108.5,108.5,1,1,1,12.26,12.0,0.0,0.0,0,3.0,1,0.0,0.0,1,Perfumery,0,,,,,,,,,,
4cc4fd4fdd406a85bbdc1f824b731bd7,TOLEDO,PR,1,539.98,539.98,2,1,1,31.24,5.0,0.0,0.0,0,5.0,1,0.0,100.0,1,Auto,0,,,,,,,,,,
4ce6e5f6c52515177e18c1c9361d8677,SAO BERNARDO DO CAMPO,SP,1,226.6,226.6,1,1,1,25.67,,0.0,0.0,0,3.0,1,0.0,0.0,1,Auto,0,,,,,,,,,,
4ce8b55b4bfa4659184e7becc1fba3f2,FAZENDA RIO GRANDE,PR,2,199.0,99.5,2,2,2,59.87,11.5,0.5,0.0,0,3.0,2,50.0,50.0,1,Auto,0,,,,,,,,,,
4cf490a58259286ada5ba8525ba9e84a,TABATINGA,SP,8,1254.2,156.775,8,6,8,155.19,13.0,0.625,0.0,0,3.125,8,37.5,37.5,1,Cool Stuff,0,,,,,,,,,,
4d0041cdbe51b4617d95c70b19decc74,JUIZ DE FORA,MG,8,5235.2,654.4,8,6,8,230.29,5.375,0.0,0.0,0,4.5,8,0.0,62.5,1,Auto,1,Organic Search,Reseller,Industry,Eagle,Not Specified,0.0,0.0,0.0,0.0,0.0
4d232b78ab7ef10393dc3807d827bc0d,BELO HORIZONTE,MG,5,1475.0,295.0,5,2,5,214.99,4.4,0.8,0.0,0,4.4,5,0.0,40.0,2,Auto,0,,,,,,,,,,
4d600e08ecbe08258c79e536c5a42fee,ENTRE RIOS DO OESTE,PR,8,4465.34,558.1675,8,8,8,168.12,7.285714285714286,0.375,0.0,0,4.0,8,25.0,75.0,2,Watches Gifts,0,,,,,,,,,,
4d6d651bd7684af3fffabd5f08d12e5a,JAU,SP,369,43587.4,118.123035,395,70,356,7898.91,9.049586776859504,0.46883468834688347,3.7940379403794036,14,4.184281842818428,369,11.11111111111111,60.97560975609756,3,Sports Leisure,0,,,,,,,,,,
4d6fb82c629c7a5028bfd973c07b05e0,BELO HORIZONTE,MG,2,278.0,139.0,2,1,2,49.43,,0.0,0.0,0,2.0,2,50.0,0.0,1,Furniture Living Room,0,,,,,,,,,,
4d8809767a5bafe22909c77951fb6b41,EMBU DAS ARTES,SP,1,50.0,50.0,1,1,1,8.72,,0.0,0.0,0,5.0,1,0.0,100.0,1,Furniture Decor,0,,,,,,,,,,
4d9fea3499bdc22aa4da4e339365f215,SAO PAULO,SP,2,192.54,96.27,2,1,2,30.2,11.5,0.5,0.0,0,5.0,2,0.0,100.0,1,Perfumery,0,,,,,,,,,,
4da0e408c99d2fdc2126dc9fce518060,CORNELIO PROCOPIO,PR,44,3026.0,68.772727,54,30,43,938.73,7.613636363636363,0.29545454545454547,0.0,0,4.409090909090909,44,4.545454545454546,61.36363636363637,2,Sports Leisure,0,,,,,,,,,,
4dab98ca6cd6d3df586203cefd28a042,PORTO ALEGRE,RS,1,154.9,154.9,1,1,1,18.33,19.0,0.0,0.0,0,5.0,1,0.0,100.0,1,Fashion Bags Accessories,0,,,,,,,,,,
4dbd95a08b31ede5c82d3f861cb1ce1a,CURITIBA,PR,6,1304.67,217.445,6,6,6,189.36,8.25,0.3333333333333333,0.0,0,3.5,6,33.33333333333333,50.0,2,Books General Interest,0,,,,,,,,,,
4dc2e811a1760953cb7c6a590b498943,ITAPUI,SP,1,175.0,175.0,1,1,1,24.84,6.0,0.0,0.0,0,5.0,1,0.0,100.0,1,Luggage Accessories,0,,,,,,,,,,
4dc646b9b9e8e411ef48ba000ea3ac6f,VALINHOS,SP,4,289.7,72.425,5,4,4,63.56,9.0,0.25,25.0,1,2.75,4,50.0,25.0,1,Perfumery,0,,,,,,,,,,
4ddeb3e828550cddc8d45c8bc36ab2d1,SAO PAULO,SP,1,152.0,152.0,1,1,1,12.45,6.0,0.0,0.0,0,5.0,1,0.0,100.0,1,Cool Stuff,0,,,,,,,,,,
4de6e4ba574aa9dfdc824bc44dc47fdd,COLOMBO,PR,14,451.1,32.221428,14,12,14,253.32,7.642857142857143,0.35714285714285715,7.142857142857142,1,4.071428571428571,14,14.285714285714285,64.28571428571429,2,Health Beauty,0,,,,,,,,,,
4deebb3199eeafb282ae33229144f94b,SAO PAULO,SP,4,779.7,194.925,5,3,4,141.79,4.75,0.5,25.0,1,4.0,4,25.0,75.0,1,Signaling And Security,0,,,,,,,,,,
4e06067cc08b3f41d837768d392c3ee3,BETIM,MG,31,941.72,30.378064,46,28,31,572.53,8.419354838709678,0.8064516129032258,3.225806451612903,1,4.129032258064516,31,6.451612903225806,64.51612903225806,1,Perfumery,0,,,,,,,,,,
4e0d109ccfba9a1151c103049880c857,SAO JOAO DE MERITI,RJ,2,279.89,139.945,2,2,2,67.84,14.0,0.0,0.0,0,3.0,2,50.0,50.0,1,Watches Gifts,0,,,,,,,,,,
4e17c65a516f69d023a2ae78b84f28d6,SUZANO,SP,61,7639.26,125.23377,74,47,61,1155.54,7.721311475409836,0.39344262295081966,4.918032786885246,3,4.229508196721311,61,11.475409836065573,72.1311475409836,5,Health Beauty,0,,,,,,,,,,
4e2627090e6e5b9fabba883a37897683,BELO HORIZONTE,MG,2,199.5,99.75,5,2,2,68.12,1.0,0.0,0.0,0,1.0,2,100.0,0.0,1,Furniture Decor,0,,,,,,,,,,
4e326052e5dbba8adcd512f3450a307e,SAO PAULO,SP,3,570.0,190.0,6,1,3,85.96,14.666666666666666,1.0,0.0,0,2.3333333333333335,3,66.66666666666666,33.33333333333333,1,Christmas Supplies,0,,,,,,,,,,
4e42581f08e8cfc7c090f930bac4552a,PORTOFERREIRA,SP,3,336.0,112.0,4,3,3,117.8,13.0,1.3333333333333333,33.33333333333333,1,1.0,3,100.0,0.0,3,Kitchen Dining Laundry Garden Furniture,0,,,,,,,,,,
4e480be820e37de1444325ff358c9296,TRES CORACOES,MG,1,430.3,430.3,2,1,1,143.44,11.0,0.0,0.0,0,5.0,1,0.0,100.0,1,Auto,1,Other,Reseller,Online Big,Cat,Not Specified,0.0,0.0,0.0,0.0,5.0
4e5725ba188db8252977a4f0227bd462,RIBEIRAO PRETO,SP,22,1930.59,87.75409,25,13,22,382.61,17.761904761904763,0.5909090909090909,22.727272727272727,5,3.409090909090909,22,31.818181818181817,50.0,2,Computers Accessories,0,,,,,,,,,,
4e6015589b781adaa5ce7f1892d06bb1,GUARUJA,SP,3,684.0,228.0,3,1,3,56.5,3.6666666666666665,0.0,0.0,0,3.6666666666666665,3,0.0,0.0,1,Sports Leisure,0,,,,,,,,,,
4e7c18b98d84e05cbae3ff0ff03846c2,JABOTICABAL,SP,82,9177.9,111.925609,89,31,82,2875.98,9.839506172839506,0.5432098765432098,3.6585365853658534,3,4.146341463414634,82,10.975609756097562,67.07317073170732,4,Small Appliances,0,,,,,,,,,,
4e85b538b0dad58852641540686d0e14,SAO JOSE DOS CAMPOS,SP,4,361.98,90.495,4,4,4,74.36,11.25,0.25,50.0,2,3.75,4,0.0,50.0,2,Garden Tools,0,,,,,,,,,,
4e8dacf3d38f281ae26c3e0321d92d88,SAO PAULO,SP,10,2644.95,264.495,15,5,10,216.16,7.125,0.5,10.0,1,2.8,10,40.0,20.0,2,Not Specified,0,,,,,,,,,,
4e922959ae960d389249c378d1c939f5,JACAREI,SP,420,46030.37,109.596119,454,136,419,7274.38,10.635922330097088,0.5333333333333333,8.80952380952381,37,3.9452380952380954,420,14.047619047619047,53.095238095238095,24,Computers Accessories,0,,,,,,,,,,
4e92348462c75b6c842b994ce84a0ed4,CACHOEIRINHA,RS,1,69.9,69.9,1,1,1,15.59,3.0,2.0,0.0,0,5.0,1,0.0,100.0,1,Health Beauty,0,,,,,,,,,,
4ea2f12dbe91deeacd2c1e74f069a6e6,SAO PAULO,SP,4,210.2,52.55,6,4,4,70.07,5.25,1.0,0.0,0,4.75,4,0.0,75.0,1,Perfumery,0,,,,,,,,,,
4eb61f060e7dcc1d5a80d806c35cc541,SAO PAULO,SP,8,1313.0,164.125,8,3,8,153.12,5.125,0.125,0.0,0,3.875,8,12.5,25.0,2,Home Appliances 2,0,,,,,,,,,,
4ebdc7e6cd6102a022dadc49156d4ea8,SAO PAULO,SP,29,928.7,32.024137,32,23,29,369.2,5.517241379310345,0.41379310344827586,3.4482758620689653,1,3.793103448275862,29,17.24137931034483,44.827586206896555,5,Furniture Decor,0,,,,,,,,,,
4eeb99008a0f59d2c7759c59f9a346eb,EMBU DAS ARTES,SP,2,1282.0,641.0,2,2,2,38.95,6.0,0.5,0.0,0,4.5,2,0.0,50.0,1,Telephony,1,Paid Search,Reseller,Online Medium,Eagle,Not Specified,0.0,0.0,0.0,0.0,2.0
4ef4c39cf3c24f326434cf0b2e48046a,SAO PAULO,SP,8,891.0,111.375,9,2,8,126.17,9.714285714285714,0.875,12.5,1,3.375,8,37.5,50.0,1,Sports Leisure,0,,,,,,,,,,
4f0d637c1197fd65405ebd755ac9f86b,TABOAO DA SERRA,SP,2,199.8,99.9,2,2,2,32.67,4.0,3.0,0.0,0,5.0,2,0.0,100.0,1,Health Beauty,1,Paid Search,Reseller,Online Medium,Cat,Not Specified,0.0,0.0,0.0,0.0,12.0
4f1f1c8666cdb6442f775c4e8caed465,BELO HORIZONTE,MG,2,944.98,472.49,2,2,2,125.41,11.5,0.0,0.0,0,5.0,2,0.0,100.0,1,Toys,0,,,,,,,,,,
4f40d2ed38d1cc945364a7cd202a82c7,SAO PAULO,SP,1,319.9,319.9,1,1,1,16.99,,0.0,0.0,0,1.0,1,100.0,0.0,1,Toys,0,,,,,,,,,,
4fae87d32467e18eb46e4a76a0a0b9ce,RONDA ALTA,RS,1,100.9,100.9,1,1,1,19.9,4.0,0.0,0.0,0,5.0,1,0.0,100.0,1,Construction Tools Safety,1,Organic Search,Reseller,Online Medium,Cat,20-50,0.0,0.0,1.0,1.0,187.0
4fb41dff7c50136976d1a5cf004a42e2,FEIRA DE SANTANA,BA,3,1230.0,410.0,3,3,3,66.77,64.0,0.3333333333333333,33.33333333333333,1,4.0,3,0.0,33.33333333333333,1,Watches Gifts,0,,,,,,,,,,
4fe2f67634d00c021aa01f96b6f2d68e,MARINGA,PR,2,86.8,43.4,2,2,2,32.04,7.5,0.5,0.0,0,5.0,2,0.0,100.0,2,Health Beauty,1,Organic Search,Reseller,Online Small,Cat,Not Specified,0.0,0.0,0.0,0.0,124.0
5011f0d93373a4c5753adf58ca77af8d,SANTOS,SP,12,1009.42,84.118333,22,4,12,381.43,8.727272727272727,0.5833333333333334,8.333333333333332,1,3.8333333333333335,12,16.666666666666664,50.0,3,Food Drink,0,,,,,,,,,,
503c1de08ae81a2d86f17951b204db55,SAO PAULO,SP,22,4906.99,223.045,22,2,22,414.91,11.772727272727273,0.5454545454545454,4.545454545454546,1,4.409090909090909,22,4.545454545454546,68.18181818181817,1,Baby,0,,,,,,,,,,
5058e8c1e82653974541e83690655b4a,ITAQUAQUECETUBA,SP,63,10022.82,159.09238,78,31,63,3055.11,10.790322580645162,0.7777777777777778,11.11111111111111,7,3.2063492063492065,63,23.809523809523807,28.57142857142857,4,Office Furniture,0,,,,,,,,,,
5075aaa8404020ae6aa8bf4792099b41,POCOS DE CALDAS,MG,13,1822.8,140.215384,23,6,13,447.72,7.6,0.23076923076923078,0.0,0,3.3846153846153846,13,23.076923076923077,30.76923076923077,3,Drinks,0,,,,,,,,,,
50770d25768b0486d89be26afca3108f,SANTO ANDRE,SP,6,171.77,28.628333,6,5,6,76.09,10.333333333333334,1.6666666666666667,16.666666666666664,1,4.0,6,16.666666666666664,50.0,1,Books General Interest,0,,,,,,,,,,
508808d438fe2ff972ed13bb8f4a82e2,SAO PAULO,SP,10,294.83,29.483,11,10,10,122.64,3.3333333333333335,0.0,0.0,0,4.3,10,10.0,60.0,7,Housewares,1,Social,Reseller,Online Big,Cat,Not Specified,0.0,0.0,0.0,0.0,117.0
50a7e551a7b3f8d37cd6e32d8bfbe5ea,SAO CAETANO DO SUL,SP,1,140.0,140.0,1,1,1,27.96,6.0,0.0,0.0,0,5.0,1,0.0,100.0,1,Drinks,0,,,,,,,,,,
50bf89f1349bc0409a268c3a49678009,JACI,SP,1,179.9,179.9,1,1,1,102.57,8.0,1.0,0.0,0,5.0,1,0.0,100.0,1,Furniture Decor,0,,,,,,,,,,
50c361bcf670d16f6df4d52de3dff924,SAO PAULO,SP,1,35.0,35.0,1,1,1,16.6,,0.0,0.0,0,1.0,1,100.0,0.0,1,Art,0,,,,,,,,,,
50c9975695009e5e6473912e83a6d1da,CLAUDIO,MG,50,3964.4,79.288,68,36,50,2919.55,12.66,0.54,14.000000000000002,7,3.88,50,16.0,52.0,1,Sports Leisure,0,,,,,,,,,,
51209b446b2073894bdc0face6c73ffc,VILA VELHA,ES,2,359.6,179.8,4,1,2,79.28,9.0,0.0,0.0,0,2.5,2,50.0,0.0,1,Furniture Decor,0,,,,,,,,,,
512d298ac2a96d1931b6bd30aa21f61d,RIO DE JANEIRO,RJ,11,7401.94,672.903636,12,8,11,321.93,8.090909090909092,0.8181818181818182,0.0,0,4.2727272727272725,11,9.090909090909092,72.72727272727273,3,Musical Instruments,0,,,,,,,,,,
513a54369b6a8a6602fcb0e129c6d78d,SAO BERNARDO DO CAMPO,SP,2,47.8,23.9,2,1,2,14.86,1.0,0.0,0.0,0,4.5,2,0.0,50.0,1,Computers Accessories,0,,,,,,,,,,
5145090ab595c0d0b8557199f5701fbf,CURITIBA,PR,4,1459.6,364.9,4,4,4,197.85,8.0,1.25,0.0,0,4.25,4,0.0,50.0,1,Bed Bath Table,0,,,,,,,,,,
5151aea44289d6c6b090ee31c2132508,MARILIA,SP,7,1315.3,187.9,7,1,7,167.17,10.0,0.2857142857142857,0.0,0,1.7142857142857142,7,71.42857142857143,0.0,1,Air Conditioning,0,,,,,,,,,,
515d781150feed28a6ac091bb0e3cb8c,CAMPO GRANDE,MS,6,1002.35,167.058333,6,3,6,152.37,8.333333333333334,0.5,0.0,0,4.166666666666667,6,0.0,33.33333333333333,2,Cool Stuff,0,,,,,,,,,,
5160d23075764e18e07c1f4a87fad743,SAO BERNARDO DO CAMPO,SP,34,2429.0,71.441176,39,29,33,486.42,6.181818181818182,0.4411764705882353,0.0,0,4.382352941176471,34,8.823529411764707,70.58823529411765,1,Toys,0,,,,,,,,,,
516e7738bd8f735ac19a010ee5450d8d,RIO DE JANEIRO,RJ,76,6643.09,87.409078,84,53,76,1466.23,7.094594594594595,0.4342105263157895,2.631578947368421,2,4.565789473684211,76,3.9473684210526314,73.68421052631578,2,Health Beauty,1,Paid Search,Reseller,Online Small,Cat,Not Specified,0.0,0.0,0.0,0.0,6.0
51702dc2a3e106c76dbff722b5bf0726,CONCHAL,SP,13,2705.1,208.084615,14,8,13,581.94,11.23076923076923,0.9230769230769231,0.0,0,4.3076923076923075,13,7.6923076923076925,61.53846153846154,3,Furniture Decor,0,,,,,,,,,,
5194c22ed1f616ec0c0f33c571542879,SANTA RITA DO SAPUCAI,MG,4,245.6,61.4,4,3,3,80.85,8.25,2.5,0.0,0,4.25,4,0.0,25.0,3,Home Appliances 2,0,,,,,,,,,,
519a7aa428f18d125a283cf8c014fdd6,RIO DO OESTE,SC,3,79.7,26.566666,3,1,2,73.1,5.666666666666667,0.0,0.0,0,4.0,3,0.0,33.33333333333333,1,Furniture Living Room,0,,,,,,,,,,
51a04a8a6bdcb23deccc82b0b80742cf,BRAGANCA PAULISTA,SP,1,167.99,167.99,1,1,1,31.93,22.0,0.0,100.0,1,1.0,1,100.0,0.0,1,Electronics,0,,,,,,,,,,
51e0557bc7b86de13e946c60ee91ce39,BELO HORIZONTE,MG,1,45.8,45.8,1,1,1,17.6,8.0,0.0,0.0,0,5.0,1,0.0,100.0,1,Health Beauty,0,,,,,,,,,,
51e4e89242cbb846c2deff3dc015650e,RIO GRANDE,RS,16,822.58,51.41125,16,10,16,353.17,7.375,0.375,0.0,0,4.625,16,0.0,75.0,2,Garden Tools,0,,,,,,,,,,
51ed72984a04e5dd35c2b27e77179038,SAO JOSE DO RIO PRETO,SP,7,1294.3,184.9,7,4,7,198.93,13.714285714285714,0.7142857142857143,14.285714285714285,1,3.5714285714285716,7,14.285714285714285,42.857142857142854,2,Home Appliances 2,0,,,,,,,,,,
51f108f62cb87d61918159902c8f8583,CASCAVEL,PR,3,303.73,101.243333,3,2,3,75.03,4.666666666666667,0.3333333333333333,0.0,0,4.333333333333333,3,0.0,66.66666666666666,1,Books Technical,0,,,,,,,,,,
5206cc4bc2297c833e6061c49bf9c43f,OSASCO,SP,1,35.0,35.0,1,1,1,10.96,,0.0,0.0,0,1.0,1,100.0,0.0,1,Auto,0,,,,,,,,,,
52092ddbd3a58c450a4459bf051b2287,DOIS CORREGOS,SP,6,351.7,58.616666,6,4,6,75.35,11.333333333333334,0.0,0.0,0,4.333333333333333,6,16.666666666666664,83.33333333333334,1,Sports Leisure,0,,,,,,,,,,
520b493b57809f446cb0a233bb3e25c7,SANTOS,SP,63,3698.9,58.712698,73,28,63,1063.97,5.714285714285714,0.49206349206349204,1.5873015873015872,1,4.301587301587301,63,7.936507936507936,65.07936507936508,4,Housewares,0,,,,,,,,,,
522620dcb18a6b31cd7bdf73665113a9,CASCAVEL,PR,174,57168.49,328.55454,180,39,173,4661.32,12.732558139534884,0.41379310344827586,8.620689655172415,15,3.8563218390804597,174,18.96551724137931,54.02298850574713,11,Consoles Games,0,,,,,,,,,,
5236605f4d4b0b3e4df85b850393fca0,SAO PAULO,SP,5,265.3,53.06,5,4,5,82.18,6.6,0.4,20.0,1,4.8,5,0.0,80.0,1,Sports Leisure,0,,,,,,,,,,
52454f90d4c30c016768db02f88c1a74,CAMPINAS,SP,3,80.5,26.833333,5,4,3,67.17,5.666666666666667,1.3333333333333333,0.0,0,3.6666666666666665,3,0.0,33.33333333333333,1,Pet Shop,0,,,,,,,,,,
52562a9f449c3dc3d53f5f5b9ed74903,PARNAMIRIM,RN,14,3266.6,233.328571,14,4,14,444.04,10.428571428571429,0.5,0.0,0,4.785714285714286,14,0.0,78.57142857142857,4,Sports Leisure,0,,,,,,,,,,
525e75a6fb1454a2325ab1734bcec221,BARUERI,SP,10,657.07,65.707,11,3,10,120.0,5.444444444444445,0.2,0.0,0,3.6,10,20.0,40.0,1,Auto,0,,,,,,,,,,
5275ca25d0358ca73864e0ae41be1320,GUARULHOS,SP,4,409.6,102.4,4,3,4,69.22,4.25,0.25,0.0,0,4.75,4,0.0,75.0,1,Stationery,0,,,,,,,,,,
527801b552d0077ffd170872eb49683b,GARCA,SP,90,17942.8,199.364444,92,26,89,2062.56,10.7,0.5888888888888889,10.0,9,4.433333333333334,90,6.666666666666667,72.22222222222221,4,Books General Interest,0,,,,,,,,,,
52831e5990d0771cb4951d6f12928167,TUPA,SP,1,65.0,65.0,1,1,1,13.12,3.0,1.0,0.0,0,3.0,1,0.0,0.0,1,Sports Leisure,0,,,,,,,,,,
528bcf6680c36dddf07620bd35b33a6f,SAO PAULO,SP,2,969.98,484.99,2,2,2,43.86,16.5,1.0,50.0,1,4.5,2,0.0,50.0,1,Health Beauty,0,,,,,,,,,,
528ce32f560edd11add4169f6a5b65be,SAO ROQUE,SP,2,59.8,29.9,2,2,2,15.3,7.0,0.5,0.0,0,5.0,2,0.0,100.0,2,Housewares,0,,,,,,,,,,
52956b80ae65fda598f06f6b9943e7a9,MARINGA,PR,3,792.0,264.0,3,1,3,66.85,11.0,0.0,33.33333333333333,1,4.0,3,0.0,33.33333333333333,1,Perfumery,0,,,,,,,,,,
52a50b42accf164f9f019941e5759d9b,MONTE ALEGRE DO SUL,SP,4,139.96,34.99,4,2,4,57.06,3.75,0.25,0.0,0,4.75,4,0.0,75.0,1,Food Drink,1,Organic Search,Manufacturer,Online Small,Eagle,Not Specified,0.0,0.0,0.0,0.0,13.0
52a52b9f656520e99716f5bc40f661c8,SAO CARLOS,SP,7,783.1,111.871428,8,6,7,148.12,6.714285714285714,0.0,0.0,0,4.0,7,14.285714285714285,71.42857142857143,1,Furniture Decor,0,,,,,,,,,,
52ac6f920b7280e4c6d30dd94de6259b,PINHAIS,PR,6,5657.3,942.883333,7,5,6,726.59,8.666666666666666,1.1666666666666667,0.0,0,3.6666666666666665,6,16.666666666666664,33.33333333333333,2,Office Furniture,0,,,,,,,,,,
52b53f7061969fe471d119b6195da864,ITAJAI,SP,1,90.0,90.0,1,1,1,8.37,1.0,2.0,0.0,0,5.0,1,0.0,100.0,1,Perfumery,0,,,,,,,,,,
52bb00821bcdd358a5a5a27e1f6be5a1,OSASCO,SP,2,349.8,174.9,2,2,2,38.63,12.0,1.0,0.0,0,4.5,2,0.0,50.0,1,Musical Instruments,0,,,,,,,,,,
52d76513f0c4d97f3b99570e2c94ee31,NOVO HAMBURGO,RS,19,8153.1,429.110526,28,15,19,889.26,8.842105263157896,0.3157894736842105,5.263157894736842,1,3.8947368421052633,19,15.789473684210526,57.89473684210527,8,Industry Commerce And Business,0,,,,,,,,,,
52f0fe436a347ddad7ed5f9aa4e27eaa,SAO PAULO,SP,21,1484.37,70.684285,23,16,21,476.53,11.0,0.5714285714285714,9.523809523809524,2,3.5238095238095237,21,14.285714285714285,33.33333333333333,7,Computers Accessories,0,,,,,,,,,,
52f6f9f13ba19504c02781132a049e75,CURITIBA,PR,1,199.0,199.0,1,1,1,23.13,6.0,3.0,0.0,0,3.0,1,0.0,0.0,1,Furniture Decor,0,,,,,,,,,,
52f976b17ea7f2f087f56dcc419328f6,CALIFORNIA,PR,6,7630.0,1271.666666,6,5,6,862.65,7.666666666666667,0.6666666666666666,0.0,0,3.6666666666666665,6,0.0,50.0,1,Sports Leisure,0,,,,,,,,,,
52f9db5cfb423382a2fa5c9e39303202,ECHAPORA,SP,22,1269.77,57.716818,23,7,22,358.77,8.428571428571429,0.7727272727272727,0.0,0,4.136363636363637,22,13.636363636363635,59.09090909090909,4,Home Appliances,0,,,,,,,,,,
5305693ffae2d3463377b1f6fe67b15a,PENAPOLIS,SP,1,93.56,93.56,1,1,1,12.99,13.0,0.0,0.0,0,5.0,1,0.0,100.0,1,Not Specified,0,,,,,,,,,,
53088c75f948b48a7ece173ac17f0c12,TRIUNFO,RS,3,261.7,87.233333,3,2,3,54.53,7.666666666666667,0.0,0.0,0,5.0,3,0.0,100.0,2,Health Beauty,1,Other,Reseller,Offline,Eagle,Not Specified,0.0,0.0,0.0,0.0,42.0
530ec6109d11eaaf87999465c6afee01,CASCAVEL,PR,97,12983.81,133.853711,104,30,96,2656.4,8.72340425531915,0.5876288659793815,1.0309278350515463,1,4.237113402061856,97,8.24742268041237,60.824742268041234,6,Sports Leisure,0,,,,,,,,,,
53243585a1d6dc2643021fd1853d8905,LAURO DE FREITAS,BA,358,222776.05,622.279469,410,23,349,13080.63,9.916666666666666,0.5558659217877095,3.35195530726257,12,4.122905027932961,358,9.776536312849162,55.865921787709496,2,Telephony,0,,,,,,,,,,
53336f97ddbe53e2a617d07b17447b95,SAO PAULO,SP,1,599.5,599.5,1,1,1,75.33,18.0,1.0,0.0,0,5.0,1,0.0,100.0,1,Home Appliances 2,0,,,,,,,,,,
533d46c1b06970e99f09523a61df4972,ITAPETININGA,SP,2,159.98,79.99,2,1,2,32.64,9.5,1.5,0.0,0,4.5,2,0.0,50.0,1,Electronics,0,,,,,,,,,,
5343d0649eca2a983820bfe93fc4d17e,SANTO ANDRE,SP,71,10000.64,140.854084,111,48,70,2392.59,9.714285714285714,0.5211267605633803,9.859154929577464,7,3.788732394366197,71,18.30985915492958,56.33802816901409,1,Furniture Decor,0,,,,,,,,,,
534a01cc6df1e034e05c32028a291fa2,JUNDIAI,SP,5,235.59,47.118,5,4,5,59.86,7.8,0.4,0.0,0,4.4,5,0.0,60.0,2,Housewares,0,,,,,,,,,,
535bf14f36346c7f59d87cece104d70c,RIO DE JANEIRO,RJ,1,50.0,50.0,1,1,1,7.77,1.0,1.0,0.0,0,4.0,1,0.0,0.0,1,Construction Tools Lights,1,Paid Search,Manufacturer,Online Medium,Wolf,5-20,0.0,0.0,1.0,0.0,341.0
537eb890efff034a88679788b647c564,RIO DE JANEIRO,RJ,160,4679.7,29.248125,173,46,159,2499.2,7.341772151898734,0.4125,3.75,6,4.21875,160,7.5,57.49999999999999,10,Furniture Decor,0,,,,,,,,,,
538caafddff204241cecbf3a02e6b3cf,SAO PAULO,SP,9,148.3,16.477777,9,6,9,98.19,4.0,0.5555555555555556,33.33333333333333,3,2.5555555555555554,9,55.55555555555556,33.33333333333333,1,Baby,0,,,,,,,,,,
539ed9e19811677513447759be5eccfc,BELO HORIZONTE,MG,2,32.83,16.415,2,2,2,31.09,3.0,0.0,0.0,0,3.0,2,50.0,50.0,1,Construction Tools Construction,1,Organic Search,Reseller,Industry,Cat,Not Specified,0.0,0.0,0.0,0.0,5.0
53b0300ca793f9834cd69c0678d35ee8,INDAIATUBA,SP,5,1662.15,332.43,10,5,5,137.31,3.8,0.0,0.0,0,5.0,5,0.0,100.0,1,Construction Tools Construction,0,,,,,,,,,,
53d00c40e32aeb924a84ce72b1af869d,IBITINGA,SP,17,2165.85,127.402941,17,9,17,296.22,12.705882352941176,0.4117647058823529,11.76470588235294,2,4.352941176470588,17,5.88235294117647,64.70588235294117,1,Bed Bath Table,0,,,,,,,,,,
53e4c6e0f4312d4d2107a8c9cddf45cd,PEDREIRA,SP,473,30148.95,63.739852,522,162,464,9887.24,7.984881209503239,0.5095137420718816,4.651162790697675,22,4.080338266384778,473,9.513742071881607,56.65961945031712,7,Housewares,0,,,,,,,,,,
54065e9aef7e9e9c2dc23b7594db021a,RIO DE JANEIRO,RJ,14,8003.0,571.642857,14,12,14,280.43,9.416666666666666,0.21428571428571427,0.0,0,3.857142857142857,14,21.428571428571427,57.14285714285714,6,Cool Stuff,0,,,,,,,,,,
5415337f1863452476d42d9f14a16a61,BELO HORIZONTE,MG,1,44.9,44.9,1,1,1,23.45,13.0,0.0,0.0,0,3.0,1,0.0,0.0,1,Furniture Decor,0,,,,,,,,,,
54219883e72aad869adfb2a54b7bfa0f,SOROCABA,SP,5,6750.0,1350.0,5,3,5,829.55,8.4,0.6,0.0,0,3.2,5,40.0,40.0,2,Toys,0,,,,,,,,,,
542917da124346b47ea1ac79a93ce454,CURITIBA,PR,20,1303.9,65.195,20,13,20,363.18,8.45,0.65,5.0,1,4.15,20,10.0,60.0,2,Health Beauty,0,,,,,,,,,,
5444b12c82f21c923f2639ebc722c1ea,SAO PAUO,SP,1,169.9,169.9,1,1,1,9.56,,5.0,0.0,0,4.0,1,0.0,0.0,1,Housewares,0,,,,,,,,,,
544863df86ed3b78a04e0820d41430ee,SERRA,ES,1,23.9,23.9,1,1,1,15.27,3.0,3.0,0.0,0,5.0,1,0.0,100.0,1,Stationery,0,,,,,,,,,,
54583ab379489add547fe47b628db589,SAO BERNARDO DO CAMPO,SP,10,2240.0,224.0,10,6,9,151.08,3.4,0.3,0.0,0,4.8,10,0.0,80.0,2,Baby,1,Other,Reseller,Online Medium,Cat,Not Specified,0.0,0.0,0.0,0.0,162.0
54965bbe3e4f07ae045b90b0b8541f52,FOZ DO IGUACU,PR,78,10961.3,140.529487,86,53,78,2203.54,10.904109589041095,0.5128205128205128,28.205128205128204,22,2.8974358974358974,78,43.58974358974359,34.61538461538461,1,Bed Bath Table,0,,,,,,,,,,
54a1852d1b8f10312c55e906355666ee,SANTA BARBARA D'OESTE,SP,200,17226.44,86.1322,204,47,197,3387.96,9.56060606060606,0.585,7.5,15,4.31,200,8.0,64.5,7,Sports Leisure,0,,,,,,,,,,
54aa8463e87776b5612f4bdc4bd5d4de,BELO HORIZONTE,MG,7,649.3,92.757142,7,4,7,123.53,10.857142857142858,0.8571428571428571,0.0,0,3.857142857142857,7,14.285714285714285,42.857142857142854,3,Fixed Telephony,0,,,,,,,,,,
54c04bdb5ec46762f8f08c7e8f86ed4a,FLORIANOPOLIS,SC,18,3281.66,182.314444,19,12,18,476.12,13.88888888888889,0.3888888888888889,11.11111111111111,2,4.333333333333333,18,5.555555555555555,61.111111111111114,1,Sports Leisure,1,Organic Search,Reseller,Online Medium,Not Specified,Not Specified,0.0,0.0,0.0,0.0,2.0
55029529919c0123526150bd26ca8f20,CONTAGEM,MG,7,453.95,64.85,7,6,7,134.88,5.0,0.7142857142857143,0.0,0,4.714285714285714,7,0.0,71.42857142857143,3,Sports Leisure,0,,,,,,,,,,
553a440137d6e0cf776aee0bb83ac9f5,LIMEIRA,SP,2,144.8,72.4,2,2,2,30.34,16.5,0.0,50.0,1,1.0,2,100.0,0.0,2,Musical Instruments,0,,,,,,,,,,
5563732abe64c3036cb97ad924128dd1,GUARULHOS,SP,2,404.0,202.0,3,3,2,37.6,6.0,0.0,0.0,0,4.5,2,0.0,50.0,2,Health Beauty,0,,,,,,,,,,
5566627eab3fe93fd6ee08798226101a,SAO JOSE DOS PINHAIS,PR,5,85.5,17.1,5,4,5,102.31,7.0,0.4,0.0,0,4.4,5,0.0,60.0,1,Perfumery,0,,,,,,,,,,
556a6409838156ea299c9d1f9e2dde43,CURITIBA,PR,4,1362.8,340.7,4,4,4,86.84,6.0,1.0,0.0,0,3.25,4,25.0,50.0,1,Housewares,1,Paid Search,Reseller,Industry,Shark,Not Specified,0.0,0.0,0.0,0.0,11.0
557f22c76691849db52d2abccf0015d0,MORRINHOS,GO,13,865.86,66.604615,14,4,13,326.7,11.916666666666666,0.6923076923076923,0.0,0,2.923076923076923,13,23.076923076923077,7.6923076923076925,2,Computers Accessories,0,,,,,,,,,,
5587130f9850696ed7fafbc91c2cee44,SAO PAULO,SP,2,69.8,34.9,2,2,2,33.69,3.5,2.0,0.0,0,5.0,2,0.0,100.0,1,Housewares,0,,,,,,,,,,
559d56f3b8f0bc2e5a9a62fe2ce2a39f,JOINVILLE,SC,2,385.0,192.5,2,2,2,48.72,6.5,0.0,50.0,1,2.5,2,50.0,0.0,1,Baby,0,,,,,,,,,,
55a5b51f93f2b70ea513f5a047b0262a,SAO JOAO DEL REI,MG,39,4002.3,102.623076,41,5,39,847.08,11.153846153846153,0.46153846153846156,2.564102564102564,1,4.461538461538462,39,2.564102564102564,69.23076923076923,1,Sports Leisure,0,,,,,,,,,,
55bb6fe5bebe5012e2d7d9928e1128ff,BAURU,SP,15,1816.55,121.103333,16,11,15,576.47,11.4,0.6,13.333333333333334,2,3.466666666666667,15,20.0,46.666666666666664,5,Stationery,0,,,,,,,,,,
55c26bcb609f480eb7868594245febb5,TABATINGA,SP,6,664.4,110.733333,6,4,6,161.83,8.333333333333334,1.6666666666666667,0.0,0,4.0,6,16.666666666666664,66.66666666666666,2,Stationery,1,Organic Search,Reseller,Online Big,Cat,Not Specified,0.0,0.0,0.0,0.0,41.0
55c96925041a14097b6a7825554f4ad5,SAO PAULO,SP,6,294.8,49.133333,10,6,6,188.57,6.0,0.8333333333333334,16.666666666666664,1,4.0,6,16.666666666666664,50.0,1,Furniture Decor,0,,,,,,,,,,
55d3daac7c404d59e51c2aa2f4dc5a23,SAO PAULO,SP,21,4480.6,213.361904,28,7,21,1309.88,5.380952380952381,1.2380952380952381,0.0,0,4.095238095238095,21,9.523809523809524,52.38095238095239,3,Signaling And Security,0,,,,,,,,,,
55dedd83e501d8248880557d9073cbfd,RIO DE JANEIRO,RJ,8,1055.3,131.9125,9,8,8,110.79,2.75,0.375,0.0,0,4.875,8,0.0,87.5,1,Health Beauty,0,,,,,,,,,,
55f7a3319d80f7fdf078b8f03e6725fe,OSASCO,SP,22,3013.78,136.99,22,4,21,406.67,4.636363636363637,0.9090909090909091,4.545454545454546,1,3.772727272727273,22,13.636363636363635,40.909090909090914,2,Auto,0,,,,,,,,,,
562f8cfc51f265411f487d07e9c40e7f,BELO HORIZONTE,MG,13,766.92,58.993846,13,4,13,199.33,9.923076923076923,0.07692307692307693,7.6923076923076925,1,4.538461538461538,13,0.0,61.53846153846154,2,Cool Stuff,0,,,,,,,,,,
562fc2f2c2863ab7e79a9e4388a58a14,CAMPINAS,SP,260,8814.2,33.900769,270,36,258,4305.14,9.20392156862745,0.6423076923076924,3.076923076923077,8,4.211538461538462,260,6.923076923076923,58.07692307692308,1,Telephony,0,,,,,,,,,,
5656537e588803a555b8eb41f07a944b,BRASILIA,DF,174,8065.93,46.355919,188,72,173,3377.03,9.263157894736842,0.4942528735632184,5.747126436781609,10,3.8735632183908044,174,16.666666666666664,52.29885057471264,11,Electronics,0,,,,,,,,,,
5659d77e8d90378e39b960ad5956f64e,TAUBATE,SP,2,182.48,91.24,2,2,2,30.65,17.5,0.5,50.0,1,2.5,2,50.0,0.0,2,Health Beauty,0,,,,,,,,,,
56642bcb79900e777d68e91915cb4267,SAO PAULO,SP,48,3657.64,76.200833,56,8,47,814.15,9.583333333333334,0.4583333333333333,8.333333333333332,4,4.0625,48,12.5,58.333333333333336,3,Health Beauty,0,,,,,,,,,,
5670f4db5b62c43d542e1b2d56b0cf7c,SAO PAULO,SP,22,6630.09,301.367727,22,14,22,582.56,6.090909090909091,0.7272727272727273,4.545454545454546,1,4.409090909090909,22,9.090909090909092,72.72727272727273,1,Perfumery,1,Paid Search,Reseller,Online Big,Eagle,Not Specified,0.0,0.0,0.0,0.0,6.0
56a8b450e802502ba53a9885ee38e29f,SAO BERNARDO DO CAMPO,SP,1,62.45,62.45,1,1,1,15.2,,0.0,0.0,0,1.0,1,100.0,0.0,1,Garden Tools,0,,,,,,,,,,
56db5c0782e8f7ddc9343f9576ff6d16,PALHOCA,SC,2,734.8,367.4,2,2,2,57.15,7.0,2.5,0.0,0,3.0,2,50.0,50.0,1,Air Conditioning,0,,,,,,,,,,
56e361f411e38dcef17cdc2a3d99628b,GUARULHOS,SP,5,1298.0,259.6,10,4,5,1857.76,8.2,1.6,20.0,1,4.0,5,20.0,60.0,2,Signaling And Security,1,Organic Search,Manufacturer,Industry,Cat,Not Specified,0.0,0.0,0.0,0.0,23.0
56f413900b5166ab4d730e9ac0b12cb0,SOROCABA,SP,3,151.79,50.596666,3,2,3,42.45,7.0,0.3333333333333333,0.0,0,4.666666666666667,3,0.0,66.66666666666666,2,Sports Leisure,0,,,,,,,,,,
570d4583587a5fe2d47c7be89b91ad27,SAO PAULO,SP,2,125.25,62.625,2,2,2,23.67,3.5,0.0,0.0,0,5.0,2,0.0,100.0,1,Health Beauty,0,,,,,,,,,,
5721089ba9214e80074f27d5a03fc0eb,SAO PAULO,SP,5,245.93,49.186,7,4,5,66.64,3.4,0.4,0.0,0,5.0,5,0.0,100.0,2,Cool Stuff,0,,,,,,,,,,
5733d806668f8712c24b9abaefbfa642,CHAPECO,SP,2,243.8,121.9,2,2,2,85.88,12.5,0.5,0.0,0,5.0,2,0.0,100.0,2,Construction Tools Safety,0,,,,,,,,,,
5741dc2bf5044c34d0698681c5081bed,SAO JOSE DOS CAMPOS,SP,3,89.7,29.9,3,2,3,34.05,3.3333333333333335,0.0,0.0,0,5.0,3,0.0,100.0,1,Perfumery,0,,,,,,,,,,
575df70bde3f9f2b30bf8d2e9910d725,SAO JOSE DO RIO PRETO,SP,27,5410.05,200.372222,34,17,27,753.37,7.333333333333333,0.5925925925925926,3.7037037037037033,1,4.074074074074074,27,11.11111111111111,55.55555555555556,4,Furniture Decor,0,,,,,,,,,,
577719699805dd125d5b6fdde5943bba,NOVA PETROPOLIS,RS,8,1077.8,134.725,8,8,8,209.56,5.5,0.75,12.5,1,4.375,8,12.5,75.0,3,Housewares,0,,,,,,,,,,
578460d8319c51dab351cd9db95eadfe,GOIANIA,GO,1,235.0,235.0,1,1,1,35.45,,0.0,0.0,0,3.0,1,0.0,0.0,1,Not Specified,0,,,,,,,,,,
578fa3a9cb6b6dceab39231ad59cdaca,FORTALEZA,CE,3,150.0,50.0,3,2,3,37.2,19.0,0.6666666666666666,33.33333333333333,1,3.6666666666666665,3,33.33333333333333,66.66666666666666,1,Books Technical,0,,,,,,,,,,
5795aebfe331fbcd02a2c4b679fb7952,PALHOCA,SC,6,1280.0,213.333333,6,3,6,156.09,8.5,1.1666666666666667,0.0,0,3.8333333333333335,6,16.666666666666664,50.0,2,Health Beauty,0,,,,,,,,,,
579891617139df7d8671d373f0669622,RIO DE JANEIRO,RJ,8,280.3,35.0375,8,7,8,128.2,8.75,0.875,25.0,2,4.5,8,12.5,87.5,2,Books General Interest,0,,,,,,,,,,
57a834594e1e9e9219603bfec184eadc,SANTA ROSA,RS,1,139.0,139.0,1,1,1,27.05,5.0,0.0,0.0,0,5.0,1,0.0,100.0,1,Pet Shop,0,,,,,,,,,,
57c764b4a836300be881e2ff86e449f9,RIBEIRAO PRETO,SP,29,1211.0,41.75862,30,12,29,470.11,12.964285714285714,0.3793103448275862,13.793103448275861,4,4.0344827586206895,29,13.793103448275861,55.172413793103445,4,Housewares,0,,,,,,,,,,
57d2ba47f7a3209aa347532ae75c1165,SAO BENTO DO SUL,SC,2,318.0,159.0,2,2,2,140.24,10.0,0.5,0.0,0,4.0,2,0.0,50.0,1,Sports Leisure,0,,,,,,,,,,
57df9869a600bd6b7c405f2a862eccfb,SANTA RITA DO SAPUCAI,MG,5,125.0,25.0,5,1,5,72.21,4.8,0.2,0.0,0,4.4,5,0.0,40.0,1,Housewares,1,Paid Search,Manufacturer,Online Medium,Not Specified,Not Specified,0.0,0.0,0.0,0.0,8.0
57e632711dec9ec14ca7546769483e7e,NAVEGANTES,SC,62,6350.06,102.420322,65,20,62,1207.98,9.193548387096774,0.43548387096774194,0.0,0,4.419354838709677,62,3.225806451612903,64.51612903225806,2,Health Beauty,0,,,,,,,,,,
57fe6232e67823593374a2281d7a8af8,CAPIVARI,SP,8,178.68,22.335,8,7,8,105.36,8.0,0.75,0.0,0,4.75,8,0.0,75.0,2,Books General Interest,0,,,,,,,,,,
582d4f8675b945722eda7c0cb61ba4c7,BERTIOGA,SP,59,4702.96,79.711186,71,25,59,980.97,9.423728813559322,0.5423728813559322,1.694915254237288,1,4.1525423728813555,59,6.779661016949152,57.6271186440678,5,Electronics,0,,,,,,,,,,
585175ec331ea177fa47199e39a6170a,MONTES CLAROS,MG,1,3549.0,3549.0,1,1,1,53.47,5.0,1.0,0.0,0,5.0,1,0.0,100.0,1,Computers,0,,,,,,,,,,
586a871d4f1221763fddb6ceefdeb95e,PORTO ALEGRE,RS,1,198.0,198.0,2,1,1,41.48,19.0,2.0,100.0,1,1.0,1,100.0,0.0,1,Furniture Decor,0,,,,,,,,,,
5882820ef11c4c068eea0677a7a879b4,CAXIAS DO SUL,RS,14,9925.5,708.964285,14,6,14,739.31,7.857142857142857,0.07142857142857142,0.0,0,4.0,14,0.0,35.714285714285715,2,Furniture Decor,0,,,,,,,,,,
5882f40daf39bc2a465e0cb453ddc222,SAO PAULO,SP,1,640.0,640.0,1,1,1,58.9,,0.0,0.0,0,2.0,1,0.0,0.0,1,Telephony,0,,,,,,,,,,
58b98ccb79873e04eac4357cacc590d9,CAMPINAS,SP,1,23.0,23.0,1,1,1,8.91,,0.0,0.0,0,1.0,1,100.0,0.0,1,Auto,0,,,,,,,,,,
58c851d1a3c7cd3da329eb59453fed44,RIO CLARO,SP,2,268.99,134.495,2,1,2,24.27,2.0,2.0,0.0,0,5.0,2,0.0,100.0,1,Pet Shop,0,,,,,,,,,,
58e4b302b54937e55a678c4d15111da4,COLOMBO,PR,3,279.79,93.263333,3,3,3,49.06,3.0,0.3333333333333333,0.0,0,2.3333333333333335,3,66.66666666666666,33.33333333333333,1,Health Beauty,0,,,,,,,,,,
58f1a6197ed863543e0136bdedb3fce2,CONSELHEIRO LAFAIETE,MG,44,6833.0,155.295454,45,11,44,1070.69,6.833333333333333,0.5,2.272727272727273,1,4.181818181818182,44,11.363636363636363,63.63636363636363,3,Watches Gifts,1,Paid Search,Reseller,Online Medium,Eagle,Not Specified,0.0,0.0,0.0,0.0,6.0
59417c56835dd8e2e72f91f809cd4092,LIMEIRA,SP,18,36459.0,2025.5,18,9,17,1198.77,8.166666666666666,0.7222222222222222,0.0,0,4.277777777777778,18,5.555555555555555,55.55555555555556,1,Small Appliances,0,,,,,,,,,,
594f9aaa48e5bf431f011ddc5669b0d5,CONTAGEM,MG,37,3248.8,87.805405,38,24,37,887.61,6.702702702702703,0.13513513513513514,2.7027027027027026,1,4.594594594594595,37,0.0,67.56756756756756,5,Stationery,1,Paid Search,Reseller,Online Medium,Cat,Not Specified,0.0,0.0,0.0,0.0,3.0
5962468f885ea01a1b6a97a218797b0a,CURITIBA,PR,8,791.0,98.875,9,4,8,137.04,7.0,0.5,0.0,0,3.75,8,25.0,50.0,1,Stationery,0,,,,,,,,,,
596849622429351f47b32e6cae1055ff,MOGI DAS CRUSES,SP,14,1104.7,78.907142,14,12,14,160.49,4.153846153846154,0.21428571428571427,0.0,0,3.7857142857142856,14,14.285714285714285,50.0,4,Telephony,1,Other,Reseller,Online Medium,Cat,Not Specified,0.0,0.0,0.0,0.0,81.0
5996cddab893a4652a15592fb58ab8db,PRESIDENTE PRUDENTE,SP,1,810.0,810.0,1,1,1,70.75,4.0,1.0,0.0,0,5.0,1,0.0,100.0,1,Garden Tools,0,,,,,,,,,,
59b22a78efb79a4797979612b885db36,UBERLANDIA,MG,125,27184.5,217.476,133,67,125,4897.57,10.504,0.584,11.200000000000001,14,3.96,125,16.8,59.199999999999996,4,Housewares,0,,,,,,,,,,
59bbc819b99a733f02f0d6b49d1c253d,CAMPINAS,SP,2,139.8,69.9,2,1,2,22.95,4.0,1.5,0.0,0,5.0,2,0.0,100.0,1,Housewares,1,Organic Search,Reseller,Online Medium,Not Specified,Not Specified,0.0,0.0,0.0,0.0,0.0
59cd88080b93f3c18508673122d26169,PRAIA GRANDE,SP,10,392.33,39.233,12,10,10,175.38,10.4,1.0,10.0,1,4.7,10,0.0,80.0,2,Not Specified,0,,,,,,,,,,
59cea8e446d3834393058e7e0666b6fb,MARINGA,PR,10,696.6,69.66,10,5,10,204.54,5.4,0.4,0.0,0,4.6,10,0.0,80.0,4,Computers Accessories,1,Other,Reseller,Online Big,Eagle,Not Specified,0.0,0.0,0.0,0.0,15.0
59de1d4c8c057c2a53acd4ca66531af2,CURITIBA,PR,1,135.0,135.0,1,1,1,21.75,12.0,0.0,0.0,0,5.0,1,0.0,100.0,1,Computers Accessories,0,,,,,,,,,,
59fb871bf6f4522a87ba567b42dafecf,SAO PAULO,SP,126,21708.57,172.290238,128,23,126,2046.19,9.178861788617887,0.36507936507936506,5.555555555555555,7,4.222222222222222,126,7.936507936507936,57.936507936507944,6,Health Beauty,0,,,,,,,,,,
5a05a16bb50629ee31afab8a6d4c2674,CAXIAS DO SUL,RS,14,794.3,56.735714,15,5,14,281.18,4.928571428571429,0.42857142857142855,0.0,0,4.214285714285714,14,7.142857142857142,50.0,1,Housewares,0,,,,,,,,,,
5a32c398a06c345440bf2a683b017ad3,RIO DE JANEIRO,RJ,2,79.8,39.9,2,2,2,23.17,6.0,0.5,0.0,0,3.0,2,50.0,50.0,1,Books General Interest,0,,,,,,,,,,
5a413ade68e8f8d93071a7f52a64cb9e,SAO PAULO,SP,14,778.9,55.635714,14,4,14,153.77,3.2142857142857144,0.42857142857142855,7.142857142857142,1,4.642857142857143,14,7.142857142857142,85.71428571428571,1,Health Beauty,0,,,,,,,,,,
5a4236931428800e9d9cc04af0987118,SAO PAULO,SP,1,44.97,44.97,3,1,1,45.69,3.0,0.0,0.0,0,5.0,1,0.0,100.0,1,Housewares,1,Paid Search,Reseller,Online Medium,Cat,Not Specified,0.0,0.0,0.0,0.0,17.0
5a425cc503b39b262a847fd6212bf53b,LONDRINA,PR,15,1360.59,90.706,15,9,15,269.51,5.142857142857143,0.4,6.666666666666667,1,4.0,15,20.0,60.0,1,Toys,0,,,,,,,,,,
5a6a02f419701fc8c605af71d4fc57a4,AMERICANA,SP,10,600.5,60.05,11,9,10,113.91,2.9,1.0,10.0,1,4.8,10,0.0,80.0,2,Books General Interest,0,,,,,,,,,,
5a8e7d5003a1f221f9e1d6e411de7c23,CAMPINAS,SP,139,11171.9,80.373381,181,69,138,2694.29,7.854014598540146,0.45323741007194246,3.597122302158273,5,4.122302158273381,139,10.79136690647482,59.71223021582733,3,Furniture Decor,0,,,,,,,,,,
5a93f3ab0ef4c84ed5e1b5dbf23978bc,MONTEIRO LOBATO,SP,39,2338.25,59.955128,44,8,37,697.14,11.526315789473685,0.6923076923076923,2.564102564102564,1,4.6923076923076925,39,5.128205128205128,84.61538461538461,2,Baby,0,,,,,,,,,,
5a9b3bcab695173c820e53934574ae80,SALTO,SP,1,139.0,139.0,1,1,1,64.77,3.0,1.0,0.0,0,5.0,1,0.0,100.0,1,Furniture Decor,0,,,,,,,,,,
5a9c0859cb00fd8aa4db443837f0a700,TREZE TILIAS,SC,2,208.0,104.0,2,2,2,47.59,6.0,0.0,0.0,0,4.5,2,0.0,50.0,1,Health Beauty,0,,,,,,,,,,
5aaa890629f83706d8d9bfecd8377c1c,PETROPOLIS,RJ,1,48.9,48.9,1,1,1,17.92,,1.0,0.0,0,1.0,1,100.0,0.0,1,Construction Tools Construction,0,,,,,,,,,,
5ab05b6d86d417796c69ffd6774ec832,ASSIS,SP,10,1886.1,188.61,12,2,9,256.75,10.9,0.6,10.0,1,3.8,10,20.0,50.0,1,Health Beauty,0,,,,,,,,,,
5abb8ea023c77787f2c15da891c8d384,JOINVILLE,SC,13,2241.0,172.384615,13,5,13,746.2,13.307692307692308,1.1538461538461537,23.076923076923077,3,3.923076923076923,13,7.6923076923076925,53.84615384615385,4,Cine Photo,0,,,,,,,,,,
5acd070dd3fe441bbb2ec1f1ede515ee,JUNDIAI,SP,7,764.17,109.167142,8,5,7,122.2,24.428571428571427,0.2857142857142857,42.857142857142854,3,3.0,7,42.857142857142854,42.857142857142854,2,Not Specified,0,,,,,,,,,,
5b07547f10dd980738a1a27f685af669,GUARULHOS,SP,13,1134.6,87.276923,14,3,13,185.47,3.3846153846153846,0.46153846153846156,15.384615384615385,2,4.461538461538462,13,7.6923076923076925,69.23076923076923,2,Health Beauty,0,,,,,,,,,,
5b0cc932433fa5184b5b94bfe6bcc256,IBITINGA,SP,12,1437.8,119.816666,17,4,12,556.29,6.083333333333333,0.3333333333333333,25.0,3,3.5833333333333335,12,8.333333333333332,50.0,2,Furniture Bedroom,1,Social,Manufacturer,Online Medium,Eagle,Not Specified,0.0,0.0,0.0,0.0,14.0
5b179e9e8cc7ab6fd113a46ca584da81,SAO PAULO,SP,34,5173.5,152.161764,36,9,34,665.64,6.529411764705882,0.6470588235294118,5.88235294117647,2,3.6176470588235294,34,17.647058823529413,44.11764705882353,4,Housewares,0,,,,,,,,,,
5b2e94f2c22b39ccc24d34ad0f669672,SAO PAULO,SP,10,949.78,94.978,10,5,10,390.36,8.2,0.6,10.0,1,4.9,10,0.0,90.0,1,Auto,0,,,,,,,,,,
5b33b527da3c5b969cc99dc435cad09a,PARANAVAI,PR,16,1872.79,117.049375,17,7,16,365.55,11.375,0.5,6.25,1,4.125,16,12.5,56.25,5,Electronics,0,,,,,,,,,,
5b35136197710e16ac5e7b7c2bd4ea85,RIO DE JANEIRO,RJ,7,3104.2,443.457142,9,5,7,246.09,15.714285714285714,0.2857142857142857,28.57142857142857,2,2.5714285714285716,7,42.857142857142854,14.285714285714285,1,Housewares,0,,,,,,,,,,
5b51032eddd242adc84c38acab88f23d,BORDA DA MATA,MG,12,3280.0,273.333333,14,9,12,268.95,8.25,0.4166666666666667,0.0,0,4.0,12,8.333333333333332,33.33333333333333,2,Furniture Decor,0,,,,,,,,,,
5b581417df4480f632484ba681e53944,FLORIANOPOLIS,SC,12,1790.6,149.216666,13,9,12,585.7,15.272727272727273,0.0,16.666666666666664,2,3.5,12,16.666666666666664,33.33333333333333,2,Toys,0,,,,,,,,,,
5b664594895aefb418afaee6d40a9a23,PETROPOLIS,RJ,16,1008.8,63.05,22,3,16,226.38,5.75,0.4375,0.0,0,3.9375,16,18.75,50.0,3,Construction Tools Construction,0,,,,,,,,,,
5b67882648febfb6e1225e6ad7164f6b,UMUARAMA,PR,27,6813.48,252.351111,30,24,27,618.94,10.703703703703704,0.5185185185185185,3.7037037037037033,1,4.0,27,11.11111111111111,55.55555555555556,2,Sports Leisure,0,,,,,,,,,,
5b8154610ebb21fb90eb587365e673df,SAO JOSE DOS CAMPOS,SP,38,9397.54,247.303684,41,17,38,1077.44,11.054054054054054,0.34210526315789475,10.526315789473683,4,4.184210526315789,38,7.894736842105263,57.89473684210527,5,Computers Accessories,0,,,,,,,,,,
5b85809efd0d0e4dea1a9544e1280ed9,PRESIDENTE PRUDENTE,SP,12,1804.6,150.383333,14,8,12,292.76,7.0,0.16666666666666666,0.0,0,4.25,12,0.0,58.333333333333336,2,Health Beauty,0,,,,,,,,,,
5b925e1d006e9476d738aa200751b73b,SAO PAULO,SP,63,7748.5,122.992063,63,8,58,1053.34,8.841269841269842,0.4603174603174603,6.349206349206349,4,4.603174603174603,63,3.1746031746031744,74.60317460317461,1,Sports Leisure,0,,,,,,,,,,
5b92bfa4120daa27c574daa2e386c693,SOROCABA,SP,1,14.0,14.0,1,1,1,10.96,6.0,0.0,0.0,0,3.0,1,0.0,0.0,1,Auto,0,,,,,,,,,,
5b97c06a046398e7005b2b7c0d707a92,JOAO PINHEIRO,MG,4,1519.96,379.99,4,1,4,249.63,19.0,0.25,25.0,1,3.25,4,25.0,25.0,1,Musical Instruments,0,,,,,,,,,,
5bba18b40e8c973b0f32e748004775b0,ITAJOBI,SP,1,739.98,739.98,1,1,1,44.82,3.0,0.0,0.0,0,5.0,1,0.0,100.0,1,Furniture Decor,0,,,,,,,,,,
5bc237df65098fe211bb4818f4d26d78,UBERLANDIA,MG,2,126.8,63.4,2,2,2,57.09,10.0,2.0,0.0,0,4.5,2,0.0,50.0,1,Computers Accessories,0,,,,,,,,,,
5bc24d989e71e93c33e50a7782431b0e,CAMPO DO MEIO,MG,17,3148.0,185.17647,17,9,17,588.53,7.588235294117647,0.11764705882352941,0.0,0,4.352941176470588,17,5.88235294117647,64.70588235294117,1,Auto,1,Paid Search,Manufacturer,Online Medium,Cat,Not Specified,0.0,0.0,0.0,0.0,4.0
5bc55dbe2f12b6af6d83ed46023e0dc8,CORONEL FABRICIANO,MG,17,2992.1,176.005882,21,9,17,417.28,10.294117647058824,0.35294117647058826,23.52941176470588,4,2.411764705882353,17,47.05882352941176,23.52941176470588,2,Sports Leisure,0,,,,,,,,,,
5bf397d04035b5f45cc41e82ec106803,SAO PAULO,SP,3,1525.0,508.333333,4,2,3,47.28,2.6666666666666665,0.0,0.0,0,4.333333333333333,3,0.0,33.33333333333333,2,Small Appliances,1,Direct Traffic,Reseller,Offline,Cat,Not Specified,0.0,0.0,0.0,0.0,0.0
5bffbafbb22daf6d3bfc216a46db8708,NILOPOLIS,RJ,21,5239.7,249.509523,23,8,21,454.5,6.904761904761905,0.47619047619047616,0.0,0,4.761904761904762,21,0.0,80.95238095238095,3,Computers Accessories,0,,,,,,,,,,
5c030029b5916fed0986310385ec9009,SAO JOSE,SC,7,4164.4,594.914285,10,6,7,915.5,5.0,0.2857142857142857,0.0,0,4.857142857142857,7,0.0,85.71428571428571,1,Housewares,0,,,,,,,,,,
5c243662ce92d84573bfaff24c3e3700,SAO PAULO,SP,98,32862.02,335.326734,100,24,98,1775.64,7.642857142857143,0.46938775510204084,1.0204081632653061,1,4.112244897959184,98,6.122448979591836,53.06122448979592,2,Health Beauty,0,,,,,,,,,,
5c3460cd3e8a984382ae254e7dd20d9f,SAO JOSE DO RIO PRETO,SP,9,775.76,86.195555,10,5,9,198.54,8.222222222222221,0.2222222222222222,0.0,0,4.666666666666667,9,0.0,77.77777777777779,1,Baby,1,Social,Reseller,Online Small,Not Specified,Not Specified,0.0,0.0,0.0,0.0,44.0
5c603ffb38cbbf25a0e0698941324143,VARGINHA,MG,2,348.8,174.4,2,2,2,44.81,,0.0,0.0,0,1.0,2,100.0,0.0,1,Auto,0,,,,,,,,,,
5c6d4016c2a288f074fa0848a2b653d2,SAO PAULO,SP,32,3159.0,98.71875,35,16,32,514.17,8.096774193548388,0.65625,9.375,3,4.0625,32,9.375,53.125,4,Computers Accessories,0,,,,,,,,,,
5c853bb56f70f4d14218944bae111d7a,COTIA,SP,23,263.13,11.440434,24,12,23,251.06,4.913043478260869,0.5652173913043478,0.0,0,4.0,23,17.391304347826086,60.86956521739131,2,Furniture Decor,0,,,,,,,,,,
5ca5d579b5857ee8709479b1047cecc3,SAO PAULO,SP,2,339.89,169.945,2,2,2,23.99,5.0,1.0,50.0,1,1.0,2,100.0,0.0,1,Consoles Games,0,,,,,,,,,,
5cbbd5a299cab112b7bf23862255e43e,PINHAIS,PR,36,2726.06,75.723888,38,22,36,659.15,7.583333333333333,0.4722222222222222,0.0,0,4.277777777777778,36,5.555555555555555,66.66666666666666,5,Housewares,0,,,,,,,,,,
5cf13accae3222c70a9cac40818ae839,PATOS DE MINAS,MG,149,14383.2,96.531543,156,34,149,3019.27,8.60135135135135,0.30201342281879195,2.013422818791946,3,4.456375838926174,149,6.7114093959731544,73.15436241610739,2,Pet Shop,0,,,,,,,,,,
5cf1ec37aea089f45110c70653a166ab,SAO PAULO,SP,3,50.0,16.666666,3,1,3,43.1,17.5,1.0,0.0,0,3.6666666666666665,3,33.33333333333333,66.66666666666666,1,Not Specified,0,,,,,,,,,,
5d0363b33554b373851fc1622e4d5f3c,ATIBAIA,SP,94,6610.79,70.327553,95,54,94,2192.18,8.408602150537634,0.32978723404255317,8.51063829787234,8,4.042553191489362,94,10.638297872340425,51.06382978723404,4,Auto,0,,,,,,,,,,
5d043cd5512d4bd2f88e5ccdd5736c38,SAO PAULO,SP,1,650.0,650.0,1,1,1,64.91,6.0,0.0,0.0,0,2.0,1,0.0,0.0,1,Sports Leisure,0,,,,,,,,,,
5d378b73ab7dd6f0418d743e5dcb0bd1,SAO PAULO,SP,7,13243.0,1891.857142,7,3,7,393.28,5.666666666666667,0.7142857142857143,14.285714285714285,1,3.857142857142857,7,14.285714285714285,28.57142857142857,1,Not Specified,0,,,,,,,,,,
5d3bb11474a06bdc23fb9e89f1164ee0,ASSIS,SP,31,3654.6,117.890322,32,10,31,524.22,7.193548387096774,0.45161290322580644,3.225806451612903,1,3.903225806451613,31,12.903225806451612,48.38709677419355,6,Furniture Decor,0,,,,,,,,,,
5d505d2298ad549e4e4e835562fa0c1e,BIRIGUI,SP,2,249.8,124.9,2,1,2,28.34,4.5,0.0,0.0,0,5.0,2,0.0,100.0,1,Sports Leisure,0,,,,,,,,,,
5d76d80a2f5f39c891b996a1bf4c9853,SAO PAULO,SP,6,1238.5,206.416666,6,5,6,171.25,8.833333333333334,0.6666666666666666,0.0,0,4.833333333333333,6,0.0,83.33333333333334,3,Electronics,0,,,,,,,,,,
5d9dc90a686a8fddacffab6bab5653a3,SANTANA DE PARNAIBA,SP,12,3761.94,313.495,12,5,12,369.33,6.583333333333333,0.08333333333333333,8.333333333333332,1,4.166666666666667,12,8.333333333333332,58.333333333333336,1,Sports Leisure,0,,,,,,,,,,
5d9f3746e112e696f98ea22c56b3e912,SAO PAULO,SP,1,1322.64,1322.64,1,1,1,47.77,6.0,0.0,0.0,0,5.0,1,0.0,100.0,1,Garden Tools,0,,,,,,,,,,
5db42a6cd9bf1bf0d3aab9582767f168,VITORIA,ES,1,200.0,200.0,1,1,1,19.33,14.0,0.0,0.0,0,5.0,1,0.0,100.0,1,Housewares,0,,,,,,,,,,
5dc203c7b84a0e71e878a179de05fb9a,POMPEIA,SP,5,421.9,84.38,5,3,5,128.15,7.0,0.8,0.0,0,4.0,5,20.0,60.0,3,Garden Tools,1,Organic Search,Reseller,Industry,Eagle,Not Specified,0.0,0.0,0.0,0.0,5.0
5dc4bdaf869e8c77c648078cbe8d59c2,FLORIANOPOLIS,SC,1,292.99,292.99,1,1,1,34.5,,0.0,0.0,0,1.0,1,100.0,0.0,1,Cool Stuff,0,,,,,,,,,,
5dceca129747e92ff8ef7a997dc4f8ca,SANTA BARBARA D´OESTE,SP,325,112155.53,345.093938,346,48,321,13661.39,9.06832298136646,0.6430769230769231,5.538461538461538,18,3.9723076923076923,325,14.153846153846153,58.15384615384615,7,Luggage Accessories,0,,,,,,,,,,
5de1c80811ce7007f62f00d971236c09,FLORIANOPOLIS,SC,2,76.8,38.4,2,2,2,30.95,6.0,1.0,0.0,0,5.0,2,0.0,100.0,2,Housewares,0,,,,,,,,,,
5debea795b07621e1f90532e18f96145,APUCARANA,PR,25,1883.78,75.3512,33,22,25,504.35,7.36,0.92,0.0,0,4.36,25,4.0,72.0,2,Health Beauty,0,,,,,,,,,,
5def4c3732941a971cba8fdee992ede1,SAO PAULO,SP,5,134.8,26.96,6,5,5,66.24,3.8,0.0,0.0,0,4.6,5,0.0,60.0,4,Costruction Tools Tools,0,,,,,,,,,,
5e063e85d44b0f5c3e6ec3131103a57e,SAO PAULO,SP,1,22.9,22.9,1,1,1,7.42,1.0,0.0,0.0,0,5.0,1,0.0,100.0,1,Health Beauty,1,Organic Search,Reseller,Online Big,Cat,Not Specified,0.0,0.0,0.0,0.0,-2.0
5e105f5c9f63f5f1fd75d6cb942e55b1,SAO JOSE DO RIO PRETO,SP,8,1471.9,183.9875,8,6,8,273.83,7.375,0.75,0.0,0,4.5,8,0.0,75.0,1,Housewares,1,Other,Manufacturer,Online Medium,Not Specified,Not Specified,0.0,0.0,0.0,0.0,25.0
5e106d93b717c2682b9383da480364a1,SANTA TEREZINHA DE ITAIPU,PR,1,445.9,445.9,1,1,1,21.71,3.0,0.0,0.0,0,5.0,1,0.0,100.0,1,Computers Accessories,0,,,,,,,,,,
5e25c632f9db6cfb8bc100421c2737b6,CHAPECO,SC,1,259.0,259.0,1,1,1,19.91,5.0,0.0,0.0,0,5.0,1,0.0,100.0,1,Sports Leisure,0,,,,,,,,,,
5e49e3a44bdeb5aab2684258bbd4f525,BALENARIO CAMBORIU,SC,3,507.0,169.0,3,2,3,52.77,14.666666666666666,0.0,33.33333333333333,1,4.666666666666667,3,0.0,66.66666666666666,1,Sports Leisure,0,,,,,,,,,,
5e9f5bd34e0830569f05c9d4f56e04a8,PORTO ALEGRE,RS,2,239.98,119.99,2,1,2,34.88,5.0,0.0,0.0,0,4.5,2,0.0,50.0,1,Luggage Accessories,1,Organic Search,Manufacturer,Online Medium,Eagle,Not Specified,0.0,0.0,0.0,0.0,26.0
5ee7fd217d08dfe5d3e2f51f96a12c9a,VARGEM GRANDE DO SUL,SP,9,1165.5,129.5,9,8,9,269.68,14.666666666666666,0.2222222222222222,22.22222222222222,2,3.4444444444444446,9,22.22222222222222,44.44444444444444,2,Auto,0,,,,,,,,,,
5eeb9c756d9780b96283e5a2ac6da334,RIBEIRAO PRETO,SP,9,2471.0,274.555555,9,7,9,247.74,15.0,0.4444444444444444,22.22222222222222,2,4.222222222222222,9,11.11111111111111,66.66666666666666,1,Sports Leisure,0,,,,,,,,,,
5ef131ac72773e5b3f6c0d63cf424657,RIBEIRAO PRETO,SP,10,575.79,57.579,11,8,10,246.2,3.8,1.0,0.0,0,4.1,10,20.0,70.0,1,Toys,0,,,,,,,,,,
5f0057b677eb963672bf05dfa3f16c34,SAO PAULO,SP,5,312.88,62.576,5,5,5,67.01,3.75,0.2,0.0,0,4.2,5,20.0,80.0,3,Audio,0,,,,,,,,,,
5f06030071324cc52bf0304014ac7234,MARILIA,SP,4,783.96,195.99,4,1,4,100.35,7.25,0.25,0.0,0,4.0,4,0.0,50.0,1,Bed Bath Table,0,,,,,,,,,,
5f1dc28029d2c244352a68107ec2b542,SAO PAULO,SP,62,2807.3,45.279032,78,36,62,996.16,6.048387096774194,0.41935483870967744,1.6129032258064515,1,4.370967741935484,62,8.064516129032258,66.12903225806451,10,Health Beauty,0,,,,,,,,,,
5f2684dab12e59f83bef73ae57724e45,SAO PAULO,SP,68,9000.87,132.365735,74,29,68,1122.19,8.477611940298507,0.4411764705882353,5.88235294117647,4,3.8088235294117645,68,22.058823529411764,54.41176470588235,5,Toys,0,,,,,,,,,,
5f26c1408a65b42a7224cd463bdf3292,ARAPONGAS,PR,10,1139.8,113.98,10,9,10,217.29,5.4,0.3,0.0,0,4.8,10,0.0,80.0,2,Health Beauty,0,,,,,,,,,,
5f3ae9136c875522250f8184f253413a,SAO PAULO,SP,43,1158.0,26.930232,46,24,43,615.76,6.166666666666667,0.32558139534883723,4.651162790697675,2,4.604651162790698,43,0.0,74.4186046511628,2,Books Technical,0,,,,,,,,,,
5f57db27027655e6c6a391601daa0258,VIANA,ES,1,98.0,98.0,1,1,1,53.04,6.0,0.0,0.0,0,5.0,1,0.0,100.0,1,Auto,1,Paid Search,Reseller,Online Medium,Not Specified,Not Specified,0.0,0.0,0.0,0.0,2.0
5f5a58930c3c35f3b5af264f34fb8c85,RIBEIRAO PRETO,SP,3,560.0,186.666666,3,2,2,68.59,4.0,0.3333333333333333,0.0,0,5.0,3,0.0,100.0,2,Home Appliances 2,1,Organic Search,Reseller,Online Medium,Wolf,Not Specified,0.0,0.0,0.0,0.0,16.0
5f5b43b2bffa8656e4bc6efeb13cc649,SAO PAULO,SP,27,3677.2,136.192592,29,18,27,555.45,11.777777777777779,0.7407407407407407,3.7037037037037033,1,4.407407407407407,27,7.4074074074074066,66.66666666666666,4,Stationery,0,,,,,,,,,,
5f67c6082caacb26e431a7b17940cece,MARINGA,PR,13,1662.6,127.892307,14,3,13,208.43,14.538461538461538,0.5384615384615384,23.076923076923077,3,3.5384615384615383,13,23.076923076923077,38.46153846153847,1,Computers Accessories,0,,,,,,,,,,
5f7300535881cef3b625fd683cf7d145,CANOAS,RS,10,665.98,66.598,11,7,10,170.85,7.2,0.1,0.0,0,4.4,10,10.0,80.0,2,Not Specified,0,,,,,,,,,,
5fd924b4836098a5be0ecf81ba054ce0,SAO PAULO,SP,7,1148.8,164.114285,8,8,7,135.54,6.142857142857143,0.0,0.0,0,4.0,7,0.0,42.857142857142854,1,Garden Tools,0,,,,,,,,,,
602044f2c16190c2c6e45eb35c2e21cb,IBITINGA,SP,50,3739.16,74.7832,57,27,50,938.28,12.729166666666666,0.6,16.0,8,3.1,50,32.0,34.0,1,Bed Bath Table,0,,,,,,,,,,
6025c79c035c3d772133b8b8238463b2,PINHAIS/PR,PR,2,989.74,494.87,4,3,1,108.59,7.5,0.0,0.0,0,5.0,2,0.0,100.0,1,Auto,1,Other,Reseller,Online Medium,Wolf,Not Specified,0.0,0.0,0.0,0.0,3.0
6039e27294dc75811c0d8a39069f52c0,OSASCO,SP,64,13670.7,213.604687,75,10,64,2376.47,11.444444444444445,0.6875,17.1875,11,3.6875,64,18.75,46.875,3,Electronics,0,,,,,,,,,,
60562ab00b8054280520d390c8c0045c,SAO PAULO,SP,17,2943.0,173.117647,17,5,17,304.09,7.176470588235294,0.47058823529411764,0.0,0,4.764705882352941,17,0.0,76.47058823529412,1,Auto,0,,,,,,,,,,
6061155addc1e54b4cfb51c1c2a32ad8,CAMPINAS,SP,28,15633.4,558.335714,33,15,27,879.91,4.321428571428571,0.7142857142857143,3.571428571428571,1,4.642857142857143,28,3.571428571428571,75.0,2,Pet Shop,1,Organic Search,Reseller,Online Small,Cat,Not Specified,0.0,0.0,0.0,0.0,22.0
606ce7768feac12c5e8bd58db8b08f0f,CAMPINAS,SP,5,2916.6,583.32,5,5,5,102.26,7.0,0.4,0.0,0,4.8,5,0.0,80.0,1,Watches Gifts,0,,,,,,,,,,
609e1a9a6c2539919b8205cf7c4e6ff0,BRUSQUE,SC,87,6595.23,75.807241,130,69,87,2687.19,7.781609195402299,0.5517241379310345,1.1494252873563218,1,3.781609195402299,87,17.24137931034483,47.12643678160919,3,Bed Bath Table,0,,,,,,,,,,
60ad151920c4f6f3ebbe8cfdf6166779,CARAPICUIBA,SP,2,130.0,65.0,2,1,2,20.67,,0.0,0.0,0,1.0,2,100.0,0.0,1,Computers Accessories,0,,,,,,,,,,
60da8bfa7eebe230b7d66ac4082d79b3,FERNANDO PRESTES,SP,3,86.6,28.866666,3,2,3,38.67,5.0,0.3333333333333333,33.33333333333333,1,4.333333333333333,3,0.0,66.66666666666666,2,Computers Accessories,0,,,,,,,,,,
610f72e407cdd7caaa2f8167b0163fd8,SAO PAULO,SP,16,13585.16,849.0725,17,16,16,844.29,3.4375,0.6875,12.5,2,3.625,16,25.0,50.0,1,Bed Bath Table,0,,,,,,,,,,
612170e34b97004b3ba37eae81836b4c,NOVO HAMBURGO,RS,107,23065.02,215.560934,110,48,107,2307.06,6.02803738317757,0.35514018691588783,0.9345794392523363,1,4.429906542056075,107,6.5420560747663545,71.96261682242991,12,Watches Gifts,1,Organic Search,Reseller,Online Big,Cat,Not Specified,0.0,0.0,0.0,0.0,63.0
612a743d294c27884fb7b80d2b19ba35,CURITIBA,PR,2,3057.7,1528.85,3,2,2,104.45,5.0,0.5,0.0,0,4.5,2,0.0,50.0,2,Furniture Decor,0,,,,,,,,,,
615005a3ef192c00c6f0e977cee3d2bc,ITU,SP,10,286.5,28.65,11,2,10,155.64,11.9,0.8,10.0,1,3.8,10,30.0,70.0,1,Sports Leisure,0,,,,,,,,,,
615c3462099ffa940d37b17dfda19594,RIO DE JANEIRO,RJ,2,229.0,114.5,2,2,2,32.05,7.0,0.0,0.0,0,5.0,2,0.0,100.0,1,Health Beauty,0,,,,,,,,,,
6179a28a13a726c29b3bf54c070dccab,VARGINHA,MG,2,600.0,300.0,2,1,2,86.24,24.0,0.0,0.0,0,3.0,2,50.0,50.0,1,Luggage Accessories,0,,,,,,,,,,
6187a137b2af59dfdbad8d9f8c373c14,OSASCO,SP,2,74.8,37.4,2,1,2,30.22,8.0,1.5,0.0,0,3.0,2,50.0,50.0,1,Bed Bath Table,0,,,,,,,,,,
61b18775be84fb700a6b2d0ba097bf66,ARARAQUARA,SP,4,334.5,83.625,5,4,4,101.51,8.0,0.0,0.0,0,4.75,4,0.0,75.0,1,Pet Shop,1,Paid Search,Reseller,Industry,Eagle,Not Specified,0.0,0.0,0.0,0.0,1.0
61b893c57e33626afb104d4112b1be76,DIVISA NOVA,MG,1,74.99,74.99,1,1,1,13.1,,0.0,0.0,0,1.0,1,100.0,0.0,1,Furniture Decor,0,,,,,,,,,,
61c36f0fc4a47f9532e5512b66668e62,GUARULHOS,SP,1,750.0,750.0,1,1,1,17.69,9.0,0.0,0.0,0,1.0,1,100.0,0.0,1,Watches Gifts,0,,,,,,,,,,
61f159ef6da2d441951d2c0efa719362,SERRA,ES,3,154.97,51.656666,3,3,3,61.01,,1.0,0.0,0,1.0,3,100.0,0.0,3,Baby,0,,,,,,,,,,
620c87c171fb2a6dd6e8bb4dec959fc6,PETROPOLIS,RJ,740,114774.5,155.100675,798,129,726,14135.21,10.145027624309392,0.38513513513513514,8.513513513513514,63,4.236486486486487,740,10.675675675675675,66.62162162162161,2,Health Beauty,0,,,,,,,,,,
6219ba2359cfb97f2e38fd4c321eb309,SAO PAULO,SP,6,487.5,81.25,6,4,6,103.05,8.0,0.5,50.0,3,3.0,6,33.33333333333333,33.33333333333333,1,Housewares,0,,,,,,,,,,
6235903333ba7de1928c869e268e5964,TREZE TILIAS,SC,1,94.06,94.06,1,1,1,41.42,3.0,0.0,0.0,0,5.0,1,0.0,100.0,1,Drinks,0,,,,,,,,,,
623ad9d0c1e14bb5464a8c72bff7b4af,CLAUDIO,MG,1,95.0,95.0,1,1,1,38.96,21.0,0.0,0.0,0,4.0,1,0.0,0.0,1,Not Specified,1,Paid Search,Manufacturer,Online Big,Wolf,Not Specified,0.0,0.0,0.0,0.0,13.0
624f4ece8da4aafb77699233d480f8ef,SAO PAULO,SP,53,9205.0,173.679245,55,9,52,1722.37,9.538461538461538,0.4528301886792453,7.547169811320755,4,4.188679245283019,53,7.547169811320755,62.264150943396224,2,Furniture Decor,0,,,,,,,,,,
626ab1cd96932367f0eeec2e47046c12,SAO PAULO,SP,3,1310.0,436.666666,3,3,3,80.47,5.333333333333333,1.0,0.0,0,4.666666666666667,3,0.0,66.66666666666666,2,Garden Tools,0,,,,,,,,,,
62760d278921b5f352461620d68a9cee,SALTO,SP,3,397.0,132.333333,3,2,3,53.1,15.666666666666666,1.3333333333333333,33.33333333333333,1,3.6666666666666665,3,33.33333333333333,66.66666666666666,1,Furniture Decor,0,,,,,,,,,,
6288c69c4ce638e59925e59193f98b16,SANTO ANDRE,SP,22,4506.28,204.830909,22,7,21,306.2,6.4,0.4090909090909091,4.545454545454546,1,3.9545454545454546,22,13.636363636363635,45.45454545454545,4,Toys,0,,,,,,,,,,
62c50c1af4dfdc4149d25c5222043d39,SAO PAULO,SP,14,2785.72,198.98,19,5,14,310.31,8.166666666666666,0.2857142857142857,0.0,0,3.7142857142857144,14,14.285714285714285,57.14285714285714,5,Fixed Telephony,0,,,,,,,,,,
62d977e2b2aee830de3e039a28490d12,CURITIBA,PR,2,399.8,199.9,2,1,2,32.32,,0.5,0.0,0,1.0,2,100.0,0.0,1,Not Specified,0,,,,,,,,,,
62de60d81c55c29d76a6bce418b31cef,IBITINGA,SP,1,103.0,103.0,1,1,1,23.87,15.0,2.0,0.0,0,4.0,1,0.0,0.0,1,Auto,0,,,,,,,,,,
630008e0f062605a415d694489f6f82e,SAO PAULO,SP,2,105.15,52.575,3,2,2,30.35,6.0,0.5,0.0,0,3.5,2,0.0,50.0,1,Electronics,0,,,,,,,,,,
63191ead8d3b2f937cd1996fdcbbad20,JUNDIAI,SP,1,367.0,367.0,1,1,1,53.29,9.0,0.0,0.0,0,5.0,1,0.0,100.0,1,Musical Instruments,0,,,,,,,,,,
63272377184e969942f7fff221be858d,SAO PAULO,SP,2,149.7,74.85,2,2,2,66.53,8.5,0.0,0.0,0,5.0,2,0.0,100.0,1,Housewares,0,,,,,,,,,,
6338ea67c41078a46ad99cc009654956,FARROUPILHA,RS,37,2286.09,61.786216,44,21,35,924.3,8.64864864864865,0.6756756756756757,0.0,0,4.486486486486487,37,8.108108108108109,72.97297297297297,1,Auto,0,,,,,,,,,,
633ecdf879b94b5337cca303328e4a25,SAO PAULO,SP,6,1037.6,172.933333,6,2,6,87.89,10.666666666666666,0.16666666666666666,66.66666666666666,4,1.6666666666666667,6,66.66666666666666,0.0,1,Health Beauty,0,,,,,,,,,,
634964b17796e64304cadf1ad3050fb7,RIO DE JANEIRO,RJ,268,39465.1,147.257835,326,28,262,5955.43,10.758490566037736,0.8171641791044776,9.328358208955224,25,4.026119402985074,268,12.686567164179104,55.223880597014926,11,Watches Gifts,0,,,,,,,,,,
63704069d9bd3a75c1cf59babe56004a,JUNDIAI,SP,1,59.3,59.3,1,1,1,7.39,10.0,1.0,100.0,1,1.0,1,100.0,0.0,1,Drinks,0,,,,,,,,,,
638cba8be1fb599bbb76fd6948351eb3,SAO JOSE DOS CAMPOS,SP,17,598.2,35.188235,26,12,17,315.67,6.25,0.6470588235294118,0.0,0,4.647058823529412,17,0.0,76.47058823529412,2,Sports Leisure,0,,,,,,,,,,
63a79f5a7eb5cb48a7e5787b141c7993,PATOS DE MINAS,MG,11,815.1,74.1,11,6,11,200.83,3.6363636363636362,0.7272727272727273,0.0,0,4.545454545454546,11,0.0,63.63636363636363,2,Toys,0,,,,,,,,,,
63b464dbf392c7b80d12d932fa7cafed,SAO PAULO,SP,37,6781.0,183.27027,39,17,37,881.25,7.472222222222222,0.1891891891891892,5.405405405405405,2,3.7837837837837838,37,18.91891891891892,45.94594594594595,1,Furniture Decor,0,,,,,,,,,,
63b9ae557efed31d1f7687917d248a8d,SAO JOSE DO RIO PARDO,SP,5,139.5,27.9,7,6,5,102.81,15.2,0.8,0.0,0,4.2,5,20.0,80.0,2,Furniture Decor,0,,,,,,,,,,
63bc58679c44e8a998792119fd7ad23e,SAO PAULO,SP,1,19.9,19.9,1,1,1,14.11,,0.0,0.0,0,1.0,1,100.0,0.0,1,Health Beauty,0,,,,,,,,,,
63ffcb71394dd8ea3872ed9ffda17c74,ITABORAI,RJ,17,399.0,23.470588,17,5,17,264.72,10.117647058823529,0.6470588235294118,5.88235294117647,1,3.176470588235294,17,29.411764705882355,29.411764705882355,2,Not Specified,0,,,,,,,,,,
640e21a7d01df7614a3b4923e990d40c,IBITINGA,SP,116,7598.88,65.507586,137,12,115,2446.24,8.652173913043478,0.3275862068965517,4.310344827586207,5,4.301724137931035,116,7.758620689655173,62.93103448275862,1,Bed Bath Table,0,,,,,,,,,,
6426d21aca402a131fc0a5d0960a3c90,RIBEIRAO PRETO,SP,23,1209.64,52.593043,23,9,23,384.18,9.478260869565217,0.6521739130434783,0.0,0,4.173913043478261,23,4.3478260869565215,47.82608695652174,4,Bed Bath Table,0,,,,,,,,,,
643214e62b870443ccbe55ab29a4dccf,SAO PAULO,SP,66,3270.13,49.547424,68,32,66,929.65,7.323076923076923,0.48484848484848486,10.606060606060606,7,4.409090909090909,66,3.0303030303030303,59.09090909090909,2,Fashion Bags Accessories,0,,,,,,,,,,
643c01d7c56a724bec0454f4780e8a3e,JOINVILLE,SC,2,205.55,102.775,2,2,2,41.1,6.0,0.0,0.0,0,4.5,2,0.0,50.0,1,Garden Tools,0,,,,,,,,,,
6481e96574816ead57975da2c0f6d80d,SOROCABA,SP,32,3324.9,103.903125,43,20,30,1015.96,4.3125,0.96875,3.125,1,4.1875,32,6.25,53.125,5,Signaling And Security,0,,,,,,,,,,
64b87978a11c1ea7501a89eabe8c2c1a,PRESIDENTE BERNARDES,SP,7,489.93,69.99,7,2,7,101.9,,0.2857142857142857,0.0,0,2.0,7,57.14285714285714,14.285714285714285,1,Health Beauty,0,,,,,,,,,,
64c9a1db4e73e19aaafd3286dc448c96,CURITIBA,PR,1,439.0,439.0,1,1,1,43.6,6.0,0.0,0.0,0,5.0,1,0.0,100.0,1,Housewares,1,Organic Search,Reseller,Online Medium,Cat,5-20,0.0,0.0,1.0,1.0,97.0
64cc804291f90c81f02bfc2bb58ff55a,CURITIBA,PR,2,517.6,258.8,2,2,2,46.54,11.0,0.5,0.0,0,5.0,2,0.0,100.0,1,Furniture Decor,0,,,,,,,,,,
651530bf5c607240ccdd89a30c9c9712,IPIRA,BA,1,199.9,199.9,1,1,1,24.55,11.0,0.0,0.0,0,4.0,1,0.0,0.0,1,Fashion Bags Accessories,1,Paid Search,Manufacturer,Industry,Wolf,Not Specified,0.0,0.0,0.0,0.0,58.0
651fe66032c9520ee5587f694908040d,ALVORADA,RS,7,464.0,66.285714,7,6,7,128.73,5.571428571428571,0.14285714285714285,0.0,0,4.0,7,14.285714285714285,42.857142857142854,2,Fashion Bags Accessories,0,,,,,,,,,,
6524b847b982cd56bb5d4b02b776ee42,CAMPINAS,SP,1,779.8,779.8,2,1,1,55.14,35.0,2.0,100.0,1,4.0,1,0.0,0.0,1,Computers Accessories,0,,,,,,,,,,
6548c2550b6e2d8f18053216e1c7b6f3,DIADEMA,SP,3,217.7,72.566666,5,3,3,69.85,3.3333333333333335,0.3333333333333333,0.0,0,5.0,3,0.0,100.0,1,Housewares,1,Organic Search,Manufacturer,Online Medium,Cat,Not Specified,0.0,0.0,0.0,0.0,5.0
655220df33262c7e0c4949a147366f94,DIADEMA,SP,13,2245.0,172.692307,15,3,13,681.53,12.307692307692308,0.0,15.384615384615385,2,4.076923076923077,13,15.384615384615385,61.53846153846154,2,Luggage Accessories,0,,,,,,,,,,
6560211a19b47992c3666cc44a7e94c0,SAO PAULO,SP,1854,123304.83,66.507459,2033,256,1824,27960.94,7.9730621220450795,0.4962243797195254,5.177993527508091,96,3.9190938511326863,1854,12.837108953613807,50.916936353829556,7,Watches Gifts,0,,,,,,,,,,
6561d6bf844e464b4019442692b40e02,FRANCO DA ROCHA,SP,1,41.9,41.9,1,1,1,7.55,1.0,0.0,0.0,0,5.0,1,0.0,100.0,1,Sports Leisure,0,,,,,,,,,,
6562efe88ce0826a4ca4f189f03b4b84,MARINGA,PR,9,1135.9,126.211111,21,7,9,300.31,9.25,0.2222222222222222,11.11111111111111,1,3.7777777777777777,9,11.11111111111111,33.33333333333333,1,Furniture Decor,0,,,,,,,,,,
656591be56071d4c9ef4e5fee78a578a,SANTO ANDRE,SP,7,1702.0,243.142857,11,3,7,319.2,7.857142857142857,1.0,28.57142857142857,2,4.571428571428571,7,0.0,57.14285714285714,1,Office Furniture,0,,,,,,,,,,
6576fd3e23c88f0e5d4d23f39bba0542,TABOAO DA SERRA,SP,1,14.5,14.5,1,1,1,10.96,,0.0,0.0,0,1.0,1,100.0,0.0,1,Garden Tools,0,,,,,,,,,,
657969cca82e884d272385ec0ef06edd,ESTANCIA VELHA,RS,3,139.7,46.566666,3,3,3,51.86,5.0,2.0,0.0,0,4.666666666666667,3,0.0,66.66666666666666,1,Sports Leisure,1,Social,Reseller,Industry,Not Specified,Not Specified,0.0,0.0,0.0,0.0,13.0
659e8466eb3ff1b0e8740d74fb7bbedd,EUNAPOLIS,BA,11,1486.8,135.163636,14,9,11,393.2,7.363636363636363,0.18181818181818182,0.0,0,4.363636363636363,11,9.090909090909092,72.72727272727273,1,Health Beauty,0,,,,,,,,,,
65a7c0788e4d632ccb5e1b594b87f0bb,SAO PAULO,SP,3,266.7,88.9,9,6,3,117.42,5.333333333333333,0.0,0.0,0,4.333333333333333,3,0.0,66.66666666666666,1,Drinks,0,,,,,,,,,,
65b081a070633e057c462abdd6fb9dd8,MORRINHOS,GO,19,1885.09,99.215263,20,16,19,441.58,9.789473684210526,0.21052631578947367,0.0,0,4.315789473684211,19,5.263157894736842,63.1578947368421,1,Perfumery,0,,,,,,,,,,
65c255b299faf2d12050937cc219c46c,SAO PAULO,SP,2,88.2,44.1,2,1,2,21.88,4.0,1.0,0.0,0,4.5,2,0.0,50.0,1,Perfumery,0,,,,,,,,,,
65febd49fd28ec955651299159b1f527,SAO PAULO,SP,35,4319.7,123.42,40,14,35,981.44,5.575757575757576,0.37142857142857144,0.0,0,4.314285714285714,35,5.714285714285714,68.57142857142857,1,Housewares,1,Organic Search,Reseller,Online Big,Not Specified,Not Specified,0.0,0.0,0.0,0.0,11.0
6601ee6383e7f452be71929f8de48bbb,RIBEIRAO PRETP,SP,2,153.6,76.8,2,2,2,28.34,9.5,0.5,0.0,0,4.0,2,0.0,0.0,1,Perfumery,0,,,,,,,,,,
6614814a00d344b846ae209f95ee7e3f,MACATUBA,SP,1,13.0,13.0,1,1,1,12.69,1.0,0.0,0.0,0,1.0,1,100.0,0.0,1,Art,0,,,,,,,,,,
661ad5fcc28cdfb8bcadb12bb2272475,BALNEARIO CAMBORIU,SC,4,209.93,52.4825,7,1,4,119.78,9.75,0.25,0.0,0,5.0,4,0.0,100.0,1,Pet Shop,0,,,,,,,,,,
6624bc09786f0e41ae48dfc5eeb1a9e2,BELO HORIZONTE,MG,1,89.54,89.54,1,1,1,17.47,4.0,0.0,0.0,0,5.0,1,0.0,100.0,1,Garden Tools,0,,,,,,,,,,
6650fcccd8cd2f7e55ffa524f30c4c59,SAO PAULO,SP,3,529.7,176.566666,3,2,3,166.0,4.0,0.3333333333333333,0.0,0,2.6666666666666665,3,33.33333333333333,33.33333333333333,1,Luggage Accessories,0,,,,,,,,,,
666658b8da8370f30e1f89893b1de5e6,SAO PAULO,SP,1,298.0,298.0,2,1,1,23.34,,1.0,0.0,0,5.0,1,0.0,100.0,1,Garden Tools,0,,,,,,,,,,
668bf321538e5072858eaef6087ce027,PINHAIS,PR,1,19.9,19.9,1,1,1,8.11,1.0,1.0,0.0,0,5.0,1,0.0,100.0,1,Housewares,0,,,,,,,,,,
66922902710d126a0e7d26b0e3805106,BELO HORIZONTE,MG,151,14362.3,95.114569,156,20,151,3218.77,8.24,0.4503311258278146,7.28476821192053,11,4.450331125827814,151,4.635761589403973,67.54966887417218,1,Pet Shop,0,,,,,,,,,,
669ae81880e08f269a64487cfb287169,RIO DO SUL,SC,162,13248.87,81.783148,186,16,162,3372.59,10.322981366459627,0.48148148148148145,4.320987654320987,7,4.2407407407407405,162,9.876543209876543,62.34567901234568,3,Sports Leisure,0,,,,,,,,,,
66d5ae34537110d3affc56174dad2b2f,SAO JOSE DO RIO PRETO,SP,1,33.81,33.81,3,1,1,38.37,,2.0,0.0,0,1.0,1,100.0,0.0,1,Costruction Tools Garden,0,,,,,,,,,,
66dc1b1632bd6a3e508510c5b3492107,JAU,SP,37,3721.39,100.578108,42,20,37,727.87,8.027777777777779,0.6216216216216216,2.7027027027027026,1,3.5675675675675675,37,21.62162162162162,40.54054054054054,7,Sports Leisure,0,,,,,,,,,,
66e0557ecc2b4dbea057e93f215f68d8,SAO PAULO,SP,31,12480.0,402.580645,31,19,31,497.99,13.4,0.3548387096774194,19.35483870967742,6,3.935483870967742,31,9.67741935483871,48.38709677419355,1,Consoles Games,0,,,,,,,,,,
66fd84ee7528c0c0de85d0f44a73d5ab,CAMPINA DAS MISSOES,RS,11,1438.11,130.737272,21,9,11,453.19,13.272727272727273,1.0,9.090909090909092,1,3.3636363636363638,11,27.27272727272727,27.27272727272727,2,Computers Accessories,0,,,,,,,,,,
670a9dda115b5a88b18cfadee8de2332,RIBEIRAO PRETO,SP,11,918.9,83.536363,11,10,10,183.09,9.181818181818182,0.8181818181818182,0.0,0,4.454545454545454,11,0.0,54.54545454545454,3,Fashion Bags Accessories,0,,,,,,,,,,
670c26e0f1bf8d0576271d5cfaec6d2b,MARINGA,PR,78,6341.6,81.302564,87,15,76,1694.03,12.636363636363637,0.2948717948717949,5.128205128205128,4,4.269230769230769,78,8.974358974358974,64.1025641025641,2,Sports Leisure,0,,,,,,,,,,
671585f5a2af58b6e276bc01003c0d2b,CURITIBA,PR,27,1244.0,46.074074,27,5,27,448.11,3.962962962962963,0.6296296296296297,0.0,0,4.703703703703703,27,0.0,77.77777777777779,1,Housewares,1,Social,Manufacturer,Online Medium,Not Specified,Not Specified,0.0,0.0,0.0,0.0,163.0
67225bff54a172ff67579aaf583efd78,MARECHAL CANDIDO RONDON,PA,8,1238.0,154.75,8,7,7,155.11,10.0,0.5,0.0,0,4.5,8,0.0,75.0,1,Sports Leisure,0,,,,,,,,,,
674207551483fec113276b67b0d871ff,SOROCABA,SP,1,119.9,119.9,1,1,1,13.94,1.0,0.0,0.0,0,5.0,1,0.0,100.0,1,Housewares,1,Direct Traffic,Manufacturer,Online Medium,Wolf,Not Specified,0.0,0.0,0.0,0.0,8.0
6750d71153f00fc58829af2a8ef1bcf1,RIO BONITO,RJ,6,3514.0,585.666666,6,6,6,112.5,8.5,0.3333333333333333,0.0,0,4.166666666666667,6,16.666666666666664,66.66666666666666,1,Sports Leisure,0,,,,,,,,,,
67883baaae6134ee81b271a542613728,SAO PAULO,SP,19,8167.9,429.889473,19,16,19,328.12,4.7368421052631575,0.3684210526315789,5.263157894736842,1,4.105263157894737,19,5.263157894736842,57.89473684210527,2,Watches Gifts,0,,,,,,,,,,
679769a98cfcc6da877c8486ff1c13f3,IPATINGA,MG,21,7029.0,334.714285,21,2,21,438.39,7.857142857142857,0.38095238095238093,0.0,0,4.571428571428571,21,4.761904761904762,76.19047619047619,1,Health Beauty,0,,,,,,,,,,
67bf6941ba2f1fa1d02c375766bc3e53,CURITIBA,PR,16,5610.0,350.625,22,4,16,1419.68,13.066666666666666,0.375,6.25,1,4.125,16,6.25,62.5,3,Office Furniture,0,,,,,,,,,,
67e43d802fde8cfd3f9580124f8167d1,GUARULHOS,SP,2,36.0,18.0,3,1,2,42.36,,0.0,0.0,0,1.0,2,100.0,0.0,1,Bed Bath Table,0,,,,,,,,,,
6806dad1da97bfb5a9038eac6881f706,GUARATUBA,PR,10,1477.0,147.7,14,9,10,306.26,13.8,0.4,0.0,0,4.1,10,0.0,30.0,4,Auto,0,,,,,,,,,,
681fce914360217db47784ae28905a96,ARAUCARIA,PR,23,4127.33,179.44913,24,9,22,444.47,10.130434782608695,0.782608695652174,13.043478260869565,3,3.869565217391304,23,17.391304347826086,60.86956521739131,3,Perfumery,0,,,,,,,,,,
6824a69c9ea0313eba299dd4a2dba09a,FORMIGA,MG,6,666.9,111.15,7,6,6,117.18,3.8333333333333335,0.16666666666666666,0.0,0,4.666666666666667,6,0.0,83.33333333333334,3,Construction Tools Construction,0,,,,,,,,,,
685b870da5b52a710782c9c0fefbeb5b,SAO BERNARDO DO CAMPO,SP,2,627.0,313.5,2,2,2,43.98,31.0,1.5,100.0,2,2.0,2,50.0,0.0,1,Musical Instruments,0,,,,,,,,,,
6860153b69cc696d5dcfe1cdaaafcf62,CAPIVARI,SP,74,3827.63,51.724729,84,22,74,1490.6,8.31081081081081,0.527027027027027,8.108108108108109,6,4.054054054054054,74,16.216216216216218,60.810810810810814,3,Construction Tools Construction,0,,,,,,,,,,
6861de0f40cacb0602e473c51639f980,CURITIBA,PR,5,674.0,134.8,8,2,5,275.73,11.2,2.0,20.0,1,3.6,5,20.0,40.0,1,Office Furniture,0,,,,,,,,,,
686886775c8f6b1191c7b953fb52708c,PEDREIRA,SP,1,189.0,189.0,1,1,1,13.62,2.0,0.0,0.0,0,5.0,1,0.0,100.0,1,Furniture Decor,0,,,,,,,,,,
6879c4d287a8dd06b11f54ea8f78e4da,OSASCO,SP,6,527.67,87.945,6,3,6,149.46,5.333333333333333,0.5,0.0,0,4.333333333333333,6,16.666666666666664,83.33333333333334,3,Health Beauty,0,,,,,,,,,,
688756f717c462a206ad854c5027a64a,GUARULHOS,SP,83,5966.54,71.886024,101,40,83,1934.91,6.160493827160494,0.4819277108433735,3.614457831325301,3,3.8433734939759034,83,12.048192771084338,44.57831325301205,5,Housewares,0,,,,,,,,,,
68ca56ce86830f3d31b1b7ec6a54da3e,GUARATUBA,PR,6,719.59,119.931666,6,5,6,143.37,3.6,0.0,0.0,0,3.8333333333333335,6,0.0,50.0,4,Housewares,0,,,,,,,,,,
68f86ba270525243e68ae74044f992b9,RIO DE JANEIRO,RJ,11,876.5,79.681818,12,7,11,194.81,8.6,0.18181818181818182,0.0,0,4.363636363636363,11,0.0,54.54545454545454,1,Health Beauty,0,,,,,,,,,,
6902157ee16728322d61a1321fa79e58,SAO PAULO,SP,2,159.8,79.9,2,1,2,31.63,7.0,1.0,0.0,0,3.0,2,50.0,50.0,1,Telephony,0,,,,,,,,,,
693660429f9dc4ff704eb3d88dad54d7,SANTO ANDRE,SP,2,124.0,62.0,2,1,2,24.12,2.0,1.0,0.0,0,4.0,2,0.0,50.0,1,Electronics,1,Social,Reseller,Online Medium,Wolf,Not Specified,0.0,0.0,0.0,0.0,74.0
695051e2981c8b19e77cafe450d5bdf3,OSASCO,SP,1,169.76,169.76,1,1,1,12.69,16.0,0.0,0.0,0,5.0,1,0.0,100.0,1,Not Specified,0,,,,,,,,,,
6973a06f484aacf400ece213dbf3d946,SAO JOSE DOS CAMPOS,SP,95,11011.05,115.905789,115,13,94,1363.57,8.52808988764045,0.4105263157894737,13.684210526315791,13,3.568421052631579,95,20.0,44.21052631578947,1,Computers Accessories,0,,,,,,,,,,
698624c6632eeba1774924dbea24c700,SAO PAULO,SP,1,19.9,19.9,1,1,1,15.23,5.0,1.0,0.0,0,5.0,1,0.0,100.0,1,Not Specified,0,,,,,,,,,,
6989574bd97d9773f10d232b6c07da59,CURITIBA,PR,7,2478.4,354.057142,7,4,7,321.1,8.0,0.14285714285714285,0.0,0,4.857142857142857,7,0.0,85.71428571428571,2,Luggage Accessories,0,,,,,,,,,,
698f5fa55a5f73d0740e9d9a773e8093,RIO DE JANEIRO,RJ,4,120.0,30.0,6,2,4,83.99,5.0,1.0,0.0,0,4.75,4,0.0,75.0,1,Health Beauty,1,Paid Search,Reseller,Offline,Eagle,Not Specified,0.0,0.0,0.0,0.0,1.0
69a43819c758c65a5befb0b471c954d7,APUCARANA,PR,2,299.85,149.925,3,3,2,100.91,11.0,0.0,0.0,0,4.0,2,0.0,0.0,1,Fashion Bags Accessories,0,,,,,,,,,,
69b5eaa096c3f9d1e5c398c597f567d6,BIRIGUI,SP,2,938.0,469.0,2,1,2,49.02,4.5,0.5,0.0,0,5.0,2,0.0,100.0,1,Housewares,0,,,,,,,,,,
6a0cbc8af2e8abd1bdfb777943d174c6,BATATAIS,SP,35,3894.05,111.258571,35,5,35,745.37,12.205882352941176,0.4857142857142857,8.571428571428571,3,4.0285714285714285,35,8.571428571428571,48.57142857142857,2,Sports Leisure,0,,,,,,,,,,
6a3139c7bf09ece22a4713d956acbe5e,SAO SEBASTIAO DA GRAMA/SP,SP,1,61.9,61.9,1,1,1,14.74,3.0,1.0,0.0,0,5.0,1,0.0,100.0,1,Sports Leisure,0,,,,,,,,,,
6a38087bc8ad4f89ff453561005f6dea,ANAPOLIS,GO,15,1833.43,122.228666,22,3,15,547.92,8.733333333333333,0.3333333333333333,0.0,0,4.6,15,0.0,66.66666666666666,2,Computers Accessories,1,Referral,Reseller,Online Big,Cat,Not Specified,0.0,0.0,0.0,0.0,0.0
6a51fc556dab5f766ced6fbc860bc613,MARILIA,SP,26,7577.67,291.448846,33,18,26,792.58,8.416666666666666,0.4230769230769231,7.6923076923076925,2,3.769230769230769,26,15.384615384615385,42.30769230769231,5,Air Conditioning,0,,,,,,,,,,
6a53b90c3ad9e0b56d9fe5c69165fff5,CURITIBA,PR,2,139.78,69.89,4,2,2,55.0,10.5,0.0,0.0,0,3.5,2,0.0,0.0,2,Baby,1,Organic Search,Manufacturer,Online Medium,Cat,Not Specified,0.0,0.0,0.0,0.0,9.0
6a8a889bde935bafa76d7848782dfaf9,SAO PAULO,SP,26,860.82,33.108461,30,6,24,367.8,6.230769230769231,0.38461538461538464,7.6923076923076925,2,4.038461538461538,26,11.538461538461538,46.15384615384615,2,Small Appliances,0,,,,,,,,,,
6a8b085f816a1f75f92dbac6eb545f8f,BEBEDOURO,SP,127,6018.97,47.393464,135,71,126,2177.99,12.256,0.47244094488188976,7.874015748031496,10,4.110236220472441,127,10.236220472440944,55.118110236220474,1,Auto,0,,,,,,,,,,
6aa3928696eab49a19a466e665a649fd,NOVA IGUACU,RJ,18,2075.0,115.277777,22,12,17,335.68,7.333333333333333,0.1111111111111111,5.555555555555555,1,4.611111111111111,18,0.0,77.77777777777779,1,Health Beauty,1,Other,Reseller,Online Medium,Not Specified,Not Specified,0.0,0.0,0.0,0.0,5.0
6b15924333bd1a741595fe981ea04822,SAO CAETANO DO SUL,SP,21,614.32,29.253333,21,5,21,240.14,5.9523809523809526,0.5238095238095238,0.0,0,4.666666666666667,21,0.0,76.19047619047619,1,Health Beauty,0,,,,,,,,,,
6b1c4d4d9ccf0be3d8544eb0e71e5318,PORTO ALEGRE,RS,1,1699.0,1699.0,1,1,1,60.04,10.0,1.0,0.0,0,5.0,1,0.0,100.0,1,Computers Accessories,0,,,,,,,,,,
6b243f80ed07b10f0e8aa0f21a205f3c,CURITIBA,PR,79,6260.1,79.241772,89,31,76,1547.3,9.240506329113924,0.5316455696202531,3.79746835443038,3,4.265822784810126,79,8.860759493670885,63.29113924050633,1,Sports Leisure,0,,,,,,,,,,
6b2612338467c08c9b25f0cc55b1578d,MARIALVA,PR,1,92.9,92.9,1,1,1,20.97,16.0,0.0,0.0,0,4.0,1,0.0,0.0,1,Agro Industry And Commerce,0,,,,,,,,,,
6b333a05bf188ef3e1f1662a86bd9855,BRASILIA,DF,12,3990.91,332.575833,13,9,12,563.97,8.75,0.08333333333333333,8.333333333333332,1,4.333333333333333,12,0.0,58.333333333333336,6,Auto,0,,,,,,,,,,
6b3bd31ad8fcda4b2635ec9f3ff2ecdf,RIO DE JANEIRO,RJ,36,4198.9,116.636111,43,19,36,757.02,9.457142857142857,0.3888888888888889,8.333333333333332,3,4.0,36,19.444444444444446,61.111111111111114,2,Sports Leisure,1,Paid Search,Reseller,Online Small,Not Specified,Not Specified,0.0,0.0,0.0,0.0,50.0
6b536a23086fba0d58c08d68814397f6,NITEROI,RJ,19,2068.8,108.88421,23,5,19,369.17,10.0,0.7368421052631579,5.263157894736842,1,3.9473684210526314,19,21.052631578947366,57.89473684210527,2,Sports Leisure,0,,,,,,,,,,
6b803197e03abd5056b4313306b4f29d,SAO PAULO,SP,7,407.0,58.142857,12,5,6,123.62,3.857142857142857,0.2857142857142857,0.0,0,4.714285714285714,7,0.0,85.71428571428571,2,Food,0,,,,,,,,,,
6b89abe95848c850399130d149a39b63,PIRACANJUBA,GO,8,1135.2,141.9,8,2,8,330.53,8.5,1.125,0.0,0,4.375,8,12.5,75.0,1,Not Specified,0,,,,,,,,,,
6b90f847357d8981edd79a1eb1bf0acb,GUARULHOS,SP,45,3322.08,73.824,47,12,45,737.65,4.111111111111111,0.4666666666666667,0.0,0,4.355555555555555,45,6.666666666666667,62.22222222222222,6,Health Beauty,1,Organic Search,Reseller,Online Medium,Cat,Not Specified,0.0,0.0,0.0,0.0,1.0
6b9b80d53ba3676eafe60268a810b5a1,BELO HORIZONTE,SP,10,882.7,88.27,10,3,10,172.96,9.0,0.1,0.0,0,3.9,10,20.0,50.0,1,Sports Leisure,0,,,,,,,,,,
6ba4733aa33f6386e9fb0c0fd3993b38,TORRES,RS,3,149.79,49.93,3,3,3,60.09,10.333333333333334,0.0,0.0,0,4.666666666666667,3,0.0,66.66666666666666,2,Not Specified,0,,,,,,,,,,
6bb0724edf0b62fb91ac404873a97241,COTIA,SP,17,3653.0,214.882352,18,10,17,763.52,12.411764705882353,0.8823529411764706,5.88235294117647,1,4.294117647058823,17,5.88235294117647,64.70588235294117,1,Electronics,0,,,,,,,,,,
6bb62a4912377c7bfe7cb17b406bc7e6,JUNDIAI,SP,4,739.52,184.88,6,5,4,105.87,2.0,0.25,0.0,0,4.25,4,0.0,75.0,3,Construction Tools Safety,0,,,,,,,,,,
6bb66d9870c2e01c05655c7ed0e7ee13,SAO PAULO,SP,3,269.0,89.666666,3,1,3,52.02,7.0,0.6666666666666666,0.0,0,3.6666666666666665,3,0.0,33.33333333333333,1,Not Specified,0,,,,,,,,,,
6bbcb8924baf70b7fe2fe2097e8cd407,BLUMENAU,SC,10,2382.5,238.25,11,7,10,264.33,10.3,0.6,0.0,0,4.5,10,10.0,80.0,2,Party Supplies,0,,,,,,,,,,
6bcb2352a2a0c38b845f598298ab9d26,MARINGA,PR,2,31.8,15.9,2,1,2,27.58,8.0,0.0,0.0,0,3.0,2,50.0,50.0,1,Computers Accessories,0,,,,,,,,,,
6bd503a8230299c9316fb0f726933927,MORRINHOS,GO,4,324.29,81.0725,5,5,4,129.6,7.0,2.0,25.0,1,4.75,4,0.0,75.0,2,Perfumery,1,Paid Search,Reseller,Online Big,Wolf,Not Specified,0.0,0.0,0.0,0.0,100.0
6bd69102ab48df500790a8cecfc285c2,SAO PAULO,SP,5,8070.0,1614.0,5,3,5,289.02,8.6,0.2,20.0,1,3.0,5,20.0,40.0,1,Agro Industry And Commerce,0,,,,,,,,,,
6bef34c5be6f2bbd70aa5165f6df94b1,TIMBO,SC,2,1198.0,599.0,2,1,2,132.88,14.5,1.0,0.0,0,2.0,2,50.0,0.0,1,Consoles Games,0,,,,,,,,,,
6c12e40690c335dbc2f68a4134d30dc1,CASTRO,PR,16,9139.2,571.2,18,12,16,485.06,9.9375,0.6875,0.0,0,3.8125,16,12.5,43.75,3,Sports Leisure,0,,,,,,,,,,
6c177e38df6d3f34182b1f1d427231bf,CURITIBA,PR,55,8341.89,151.670727,56,20,55,1034.64,7.943396226415095,0.18181818181818182,1.8181818181818181,1,4.036363636363636,55,14.545454545454545,52.72727272727272,6,Telephony,0,,,,,,,,,,
6c17baf138731a4aaacc3210adf2037b,FRANCA,SP,4,538.8,134.7,5,5,4,89.92,6.0,0.5,0.0,0,5.0,4,0.0,100.0,1,Perfumery,0,,,,,,,,,,
6c1b6d0c604b776f844125f911eb7377,SAO PAULO,SP,5,443.06,88.612,5,3,5,81.44,6.75,0.8,0.0,0,3.4,5,20.0,20.0,3,Auto,0,,,,,,,,,,
6c6cc59a5c00cacc5054ca06d65cc282,SANTA MARIA,RS,1,1107.0,1107.0,1,1,1,148.71,7.0,0.0,0.0,0,5.0,1,0.0,100.0,1,Pet Shop,0,,,,,,,,,,
6c6e3d67f969468f3bfd33f827a31222,MARINGA,PR,5,224.0,44.8,6,4,5,92.41,7.6,0.0,0.0,0,4.8,5,0.0,80.0,1,Computers Accessories,0,,,,,,,,,,
6c77cd583b36a13aacccf2b3ee23e233,MARILIA,SP,1,18.9,18.9,1,1,1,12.79,5.0,0.0,0.0,0,5.0,1,0.0,100.0,1,Furniture Decor,0,,,,,,,,,,
6c7d50c24b3ccd2fd83b44d8bb34e073,PRESIDENTE PRUDENTE,SP,114,8699.34,76.31,128,12,113,2770.85,9.598214285714286,0.5789473684210527,1.7543859649122806,2,4.359649122807017,114,7.017543859649122,64.91228070175438,2,Furniture Decor,0,,,,,,,,,,
6c9875b2f94ba781186f0c1aed8d1687,BROTAS,SP,2,25.0,12.5,4,2,2,38.05,3.0,0.0,0.0,0,5.0,2,0.0,100.0,1,Pet Shop,0,,,,,,,,,,
6c99c983ce3b6ba0ab813e6790e81691,UBERLANDIA,MG,9,546.75,60.75,9,5,9,205.76,5.0,0.4444444444444444,0.0,0,3.7777777777777777,9,22.22222222222222,44.44444444444444,2,Toys,1,Direct Traffic,Reseller,Online Small,Cat,Not Specified,0.0,0.0,0.0,0.0,5.0
6cd68b3ed6d59aaa9fece558ad360c0a,BELO HORIZONTE,MG,149,11188.57,75.091073,157,54,149,2529.89,8.557046979865772,0.3624161073825503,1.342281879194631,2,4.456375838926174,149,1.342281879194631,63.08724832214765,5,Luggage Accessories,0,,,,,,,,,,
6cf476a4ca74498db55cbccdaa9dcfb6,SAO PAULO,SP,6,939.93,156.655,7,5,6,185.57,11.0,0.3333333333333333,16.666666666666664,1,3.0,6,33.33333333333333,33.33333333333333,2,Fashion Underwear Beach,0,,,,,,,,,,
6d04126aba80df143fd038e711b8fd96,RIO DE JANEIRO,RJ,1,89.99,89.99,1,1,1,18.87,4.0,0.0,100.0,1,1.0,1,100.0,0.0,1,Sports Leisure,0,,,,,,,,,,
6d1b9c9579132c87d2703ec38c30f2c5,CURITIBA,PR,4,299.69,74.9225,4,3,4,67.7,7.75,0.5,0.0,0,4.5,4,0.0,75.0,2,Baby,0,,,,,,,,,,
6d22a1fcebb6dd08c9cd90b92a93e8d0,JOINVILLE,SC,12,723.7,60.308333,13,9,12,222.73,12.25,0.5833333333333334,0.0,0,4.25,12,8.333333333333332,66.66666666666666,2,Health Beauty,0,,,,,,,,,,
6d2f2e3b539480db1e0842b3a4e32e6e,GUARULHOS,SP,3,305.96,101.986666,6,2,3,168.3,1.6666666666666667,0.0,0.0,0,3.6666666666666665,3,33.33333333333333,66.66666666666666,1,Furniture Decor,0,,,,,,,,,,
6d66611d7c44cc30ce351abc49a68421,SAO PAULO,SP,166,13593.4,81.887951,176,59,165,3260.97,8.140243902439025,0.5180722891566265,5.421686746987952,9,3.927710843373494,166,11.44578313253012,48.795180722891565,6,Musical Instruments,0,,,,,,,,,,
6d7f8d9d594e28796b6b3205b00f459c,CURITIBA,PR,3,417.9,139.3,3,2,3,59.11,9.333333333333334,0.0,0.0,0,3.6666666666666665,3,33.33333333333333,66.66666666666666,1,Furniture Decor,0,,,,,,,,,,
6d803cb79cc31c41c4c789a75933b3c7,SAO JOAQUIM DA BARRA,SP,58,8711.4,150.196551,66,17,56,1213.67,11.482758620689655,0.3793103448275862,6.896551724137931,4,4.241379310344827,58,6.896551724137931,58.620689655172406,1,Sports Leisure,0,,,,,,,,,,
6d988d6174a2c27441597174f8905515,MARINGA,PR,19,371.73,19.564736,23,6,18,365.47,8.052631578947368,0.05263157894736842,10.526315789473683,2,4.105263157894737,19,10.526315789473683,57.89473684210527,2,Housewares,0,,,,,,,,,,
6da1992f915d77be95d7fa48b36904af,SAO PAULO,SP,7,261.0,37.285714,9,1,7,122.66,6.0,0.14285714285714285,0.0,0,4.0,7,14.285714285714285,57.14285714285714,1,Not Specified,0,,,,,,,,,,
6dc9bec584588412a6a338830946a3e4,SAO PAULO,SP,2,560.0,280.0,2,1,2,107.83,18.0,0.0,0.0,0,1.5,2,50.0,0.0,1,Furniture Decor,0,,,,,,,,,,
6dd7dce75cd55c1ce255dc38d9f0cd46,PALHOCA,SC,1,75.0,75.0,1,1,1,21.33,11.0,0.0,0.0,0,4.0,1,0.0,0.0,1,Cool Stuff,0,,,,,,,,,,
6ddc28b61be28373b4503a1f61cf98a9,SAO PAULO,SP,11,1732.9,157.536363,11,10,11,167.19,5.636363636363637,0.6363636363636364,9.090909090909092,1,4.181818181818182,11,9.090909090909092,63.63636363636363,2,Toys,0,,,,,,,,,,
6df688df543f90e9b38f4319e75a9d88,BELO HORIZONTE,MG,40,1949.96,48.749,56,23,40,783.6,6.461538461538462,0.2,0.0,0,4.575,40,2.5,72.5,2,Health Beauty,0,,,,,,,,,,
6e0908ef4d4efadbc3cc2b74ea477cb0,RIO DE JANEIRO,RJ,8,589.45,73.68125,11,5,8,160.83,6.375,0.5,12.5,1,3.75,8,25.0,50.0,2,Furniture Decor,0,,,,,,,,,,
6e13dd869aa7185f601c941423abcc8f,SAO PAULO,SP,5,522.0,104.4,6,2,5,76.08,2.0,1.0,0.0,0,4.8,5,0.0,80.0,1,Health Beauty,0,,,,,,,,,,
6e1862e15f33d9994bc25922a85e1efc,RIO CLARO,SP,8,732.49,91.56125,14,7,8,147.47,2.7142857142857144,0.75,0.0,0,4.0,8,25.0,75.0,2,Signaling And Security,0,,,,,,,,,,
6e2d3e2dc84fb30f6078f39dd3bddd6f,COLOMBO,PR,1,219.0,219.0,1,1,1,16.28,,1.0,0.0,0,1.0,1,100.0,0.0,1,Musical Instruments,0,,,,,,,,,,
6e386f64c84e482f0b9abf960797ee1b,SAO PAULO,SP,30,12938.3,431.276666,30,13,30,625.36,9.0,0.6333333333333333,6.666666666666667,2,4.5,30,6.666666666666667,73.33333333333333,1,Health Beauty,0,,,,,,,,,,
6e4a902d1054e4e17aa6eab87fac1c75,SOROCABA,SP,7,586.57,83.795714,8,4,6,109.13,3.857142857142857,0.2857142857142857,14.285714285714285,1,4.142857142857143,7,0.0,42.857142857142854,3,Home Appliances,1,Direct Traffic,Reseller,Offline,Wolf,Not Specified,0.0,0.0,0.0,0.0,56.0
6e4f5ff6b086632ba8dcb558fb10249e,FLORES DA CUNHA,RS,5,838.9,167.78,5,3,5,214.35,9.0,0.2,0.0,0,3.4,5,40.0,60.0,3,Home Appliances 2,0,,,,,,,,,,
6e85dc5ecd97a61094b89b046a509d8e,MARAPOAMA,SP,1,169.9,169.9,1,1,1,12.69,,0.0,0.0,0,1.0,1,100.0,0.0,1,Watches Gifts,0,,,,,,,,,,
6e864f5c4669eff3d98140a07cc50202,SAO PAULO,SP,13,740.59,56.968461,13,5,13,191.77,6.538461538461538,0.8461538461538461,7.6923076923076925,1,4.461538461538462,13,7.6923076923076925,69.23076923076923,3,Books General Interest,0,,,,,,,,,,
6eb94e1466490d327a09abf8f3552a50,JUNDIAI,SP,10,1511.95,151.195,10,4,10,237.82,5.888888888888889,0.5,0.0,0,4.1,10,10.0,60.0,2,Health Beauty,0,,,,,,,,,,
6ebf4eceee4dd9847201c82e77ef8123,RIO DE JANEIRO,RJ,1,59.9,59.9,1,1,1,22.13,13.0,0.0,0.0,0,5.0,1,0.0,100.0,1,Health Beauty,1,Direct Traffic,Reseller,Not Specified,Cat,Not Specified,0.0,0.0,0.0,0.0,7.0
6ec1a01e866584bb679eb9b098345919,SANTOS,SP,31,4248.91,137.061612,32,17,31,814.85,10.966666666666667,0.7096774193548387,19.35483870967742,6,4.032258064516129,31,19.35483870967742,67.74193548387096,2,Health Beauty,0,,,,,,,,,,
6edacfd9f9074789dad6d62ba7950b9c,GUARULHOS,SP,208,13147.1,63.207211,219,144,207,2940.5,7.0390243902439025,0.4326923076923077,4.326923076923077,9,4.350961538461538,208,8.173076923076923,69.23076923076923,15,Furniture Decor,0,,,,,,,,,,
6ee85be3693ed79a8e80718743d80655,SAO PAULO,SP,9,484.5,53.833333,13,4,9,170.82,11.0,0.7777777777777778,22.22222222222222,2,2.3333333333333335,9,55.55555555555556,22.22222222222222,2,Electronics,0,,,,,,,,,,
6eeed17989b0ae47c9f11ece6f38ea90,SAO PAULO,SP,3,557.0,185.666666,3,2,3,119.01,4.666666666666667,0.6666666666666666,0.0,0,3.6666666666666665,3,33.33333333333333,66.66666666666666,1,Auto,1,Other,Reseller,Online Medium,Eagle,Not Specified,0.0,0.0,0.0,0.0,165.0
6f1a1263039c76e68f40a8e536b1da6a,SAO PAULOP,SP,4,256.39,64.0975,7,1,4,100.45,33.0,0.75,25.0,1,1.5,4,75.0,0.0,1,Food,0,,,,,,,,,,
6f229cc508fc6915ed5c499efd93baa4,RIO DE JANEIRO,RJ,13,2654.8,204.215384,14,12,13,333.88,7.153846153846154,0.3076923076923077,15.384615384615385,2,4.384615384615385,13,15.384615384615385,84.61538461538461,1,Sports Leisure,0,,,,,,,,,,
6f835fd4be26989b1b064399da346143,CURITIBA,PR,2,197.8,98.9,2,1,2,31.45,5.0,1.0,0.0,0,5.0,2,0.0,100.0,1,Health Beauty,1,Other,Reseller,Online Medium,Wolf,Not Specified,0.0,0.0,0.0,0.0,1.0
6f83d9e4da896daae20b9b6b2d3ff8d2,PINHALAO,PR,11,765.19,69.562727,11,5,11,219.85,11.454545454545455,0.18181818181818182,0.0,0,4.363636363636363,11,9.090909090909092,72.72727272727273,2,Housewares,1,Organic Search,Reseller,Industry,Eagle,Not Specified,0.0,0.0,0.0,0.0,1.0
6f892e20a171e98efe17fdb971ff319b,SAO PAULO,SP,44,6438.7,146.33409,53,5,44,904.16,11.78048780487805,0.6590909090909091,9.090909090909092,4,3.9318181818181817,44,15.909090909090908,45.45454545454545,3,Telephony,0,,,,,,,,,,
6fa9202c10491e472dffd59a3e82b2a3,SOROCABA,SP,3,7014.24,2338.08,3,1,3,925.01,7.0,1.3333333333333333,0.0,0,4.333333333333333,3,0.0,33.33333333333333,1,Housewares,0,,,,,,,,,,
6fc26fe110feebd80a433e1f012a84f9,FERNANDOPOLIS,SP,35,4150.87,118.596285,72,19,33,977.19,9.914285714285715,0.37142857142857144,11.428571428571429,4,3.914285714285714,35,14.285714285714285,40.0,1,Furniture Decor,0,,,,,,,,,,
6fd52c528dcb38be2eea044946b811f8,SAO PAULO,SP,67,7743.02,115.567462,84,48,67,1138.56,7.343283582089552,0.417910447761194,13.432835820895523,9,3.3582089552238807,67,28.35820895522388,41.7910447761194,1,Bed Bath Table,0,,,,,,,,,,
7008613ea464bad5cb9b83456e1e6a8f,CANOINHAS,SC,127,7777.0,61.23622,156,19,126,3083.05,11.487804878048781,0.7086614173228346,4.724409448818897,6,4.2362204724409445,127,8.661417322834646,58.26771653543307,1,Sports Leisure,0,,,,,,,,,,
700f03c207639c22d933381ff60b35c2,BARRETOS,SP,4,1189.86,297.465,4,3,4,136.45,10.5,0.0,50.0,2,4.0,4,25.0,75.0,1,Pet Shop,0,,,,,,,,,,
70125af26c2d6d4ef401a1d02ae7701f,GOIANIA,GO,5,371.2,74.24,8,3,5,258.42,8.4,0.6,0.0,0,4.6,5,0.0,60.0,1,Sports Leisure,0,,,,,,,,,,
70126eecc6aa1274392a1743866e9678,BARUERI,SP,3,97.4,32.466666,3,2,3,47.34,4.333333333333333,1.0,0.0,0,5.0,3,0.0,100.0,2,Toys,0,,,,,,,,,,
701938c450705b8ae65fc923b70f35c7,S JOSE DO RIO PRETO,SP,75,11983.28,159.777066,112,9,74,3808.84,9.716216216216216,0.4266666666666667,4.0,3,4.0,75,9.333333333333334,49.333333333333336,2,Furniture Living Room,0,,,,,,,,,,
702835e4b785b67a084280efca355756,JUIZ DE FORA,MG,1,7.6,7.6,1,1,1,10.96,1.0,1.0,0.0,0,5.0,1,0.0,100.0,1,Not Specified,0,,,,,,,,,,
7040e82f899a04d1b434b795a43b4617,SAO PAULO,SP,212,9738.2,45.934905,228,60,212,3217.78,7.947115384615385,0.6320754716981132,7.547169811320755,16,3.589622641509434,212,17.452830188679243,40.56603773584906,10,Audio,0,,,,,,,,,,
70849ca4f400aaabb62cb7462a6f1428,BELO HORIZONTE,MG,12,909.58,75.798333,12,9,11,233.66,7.166666666666667,0.6666666666666666,16.666666666666664,2,4.416666666666667,12,0.0,66.66666666666666,5,Musical Instruments,0,,,,,,,,,,
709e16e2b25c7474d980076c6bfc4806,BIRIGUI,SP,60,5151.9,85.865,80,39,60,1226.96,8.633333333333333,0.5833333333333334,3.3333333333333335,2,4.516666666666667,60,1.6666666666666667,66.66666666666666,5,Health Beauty,0,,,,,,,,,,
70a12e78e608ac31179aea7f8422044b,JACAREI,SP,315,30858.53,97.963587,328,121,314,5606.91,10.778846153846153,0.47619047619047616,9.206349206349207,29,3.7777777777777777,315,15.238095238095239,47.3015873015873,15,Computers Accessories,0,,,,,,,,,,
70b52a4cfc823994561b00bad161b4ed,SAO PAULO,SP,8,585.0,73.125,10,1,8,100.35,3.125,0.0,0.0,0,4.375,8,0.0,50.0,1,Auto,0,,,,,,,,,,
70bf57d811208f8923b41bbd499a67a4,FRANCO DA ROCHA,SP,7,780.8,111.542857,7,3,7,88.93,2.4285714285714284,0.14285714285714285,0.0,0,4.142857142857143,7,14.285714285714285,57.14285714285714,2,Cool Stuff,1,Direct Traffic,Reseller,Online Medium,Cat,Not Specified,0.0,0.0,0.0,0.0,14.0
70c0fda4c313d87115644d39e62eec60,CARUARU,PE,1,25.99,25.99,1,1,1,37.09,7.0,3.0,0.0,0,5.0,1,0.0,100.0,1,Housewares,0,,,,,,,,,,
70c27847eca8195c983ed7e798c56743,RIO DE JANEIRO,RJ,77,12077.52,156.850909,98,20,77,1451.66,6.0,0.24675324675324675,6.493506493506493,5,4.233766233766234,77,12.987012987012985,74.02597402597402,1,Pet Shop,1,Social,Reseller,Online Small,Not Specified,Not Specified,0.0,0.0,0.0,0.0,23.0
70c4eedec9cb4a85cda2f3f9673557b4,SAO PAULO,SP,2,479.8,239.9,2,1,2,32.75,6.0,1.0,0.0,0,3.5,2,0.0,50.0,1,Computers Accessories,0,,,,,,,,,,
70ee69419916dc13e3aed619061f996c,MOGI DAS CRUZES,SP,1,45.0,45.0,1,1,1,8.72,3.0,0.0,0.0,0,3.0,1,0.0,0.0,1,Furniture Decor,0,,,,,,,,,,
70eea00b476a314817cefde4aad4f89a,ITATIBA,SP,108,31994.65,296.246759,114,30,107,2769.52,10.981132075471699,0.4722222222222222,6.481481481481481,7,4.333333333333333,108,6.481481481481481,63.888888888888886,6,Sports Leisure,0,,,,,,,,,,
70f7e8018e3d46c748c92f026aa2585a,SAO PAULO,SP,1,239.8,239.8,2,2,1,37.88,6.0,0.0,0.0,0,5.0,1,0.0,100.0,1,Health Beauty,0,,,,,,,,,,
70f84699be677ec988d1fa824aef7d90,SETE LAGOAS,MG,5,1588.3,317.66,5,4,5,116.14,14.6,0.2,0.0,0,4.6,5,0.0,80.0,1,Musical Instruments,0,,,,,,,,,,
71039d19d4303bf9054d69e9a9236699,SAO PAULO,SP,35,3537.2,101.062857,38,26,34,621.45,11.6,0.6571428571428571,20.0,7,3.8,35,20.0,51.42857142857142,3,Toys,0,,,,,,,,,,
710e3548e02bc1d2831dfc4f1b5b14d4,ROLANDIA,PR,136,23979.11,176.316985,142,33,134,3875.96,10.541984732824428,0.4264705882352941,3.6764705882352944,5,3.3455882352941178,136,29.411764705882355,38.970588235294116,9,Furniture Decor,0,,,,,,,,,,
71271995e85f5b8530be99ed54a91b89,PORTO ALEGRE,RS,8,776.0,97.0,8,1,8,120.83,5.166666666666667,0.75,12.5,1,2.5,8,50.0,25.0,1,Housewares,0,,,,,,,,,,
712e6ed8aa4aa1fa65dab41fed5737e4,VIDEIRA,SC,79,39815.0,503.987341,87,24,79,6889.13,16.61038961038961,0.7088607594936709,20.253164556962027,16,3.3544303797468356,79,22.78481012658228,41.77215189873418,1,Auto,0,,,,,,,,,,
712efd3b68f9686dc856b84abd0f21ae,CURITIBA,PR,1,139.0,139.0,1,1,1,17.16,5.0,0.0,0.0,0,4.0,1,0.0,0.0,1,Baby,0,,,,,,,,,,
7139dc5186aa238b006e066d8fbab2e4,AMPARO,SP,22,1712.0,77.818181,24,11,22,535.93,11.0,0.45454545454545453,13.636363636363635,3,4.045454545454546,22,18.181818181818183,68.18181818181817,3,Furniture Decor,0,,,,,,,,,,
713e3a23ca5e47786eb6f0d99f94cfac,CURITIBA,PR,4,1126.0,281.5,4,4,4,87.03,8.25,0.5,0.0,0,4.75,4,0.0,75.0,1,Baby,0,,,,,,,,,,
7142540dd4c91e2237acb7e911c4eba2,PENAPOLIS,SP,319,37373.56,117.158495,331,266,316,6915.6,10.901898734177216,0.5109717868338558,7.210031347962382,23,4.021943573667712,319,9.717868338557993,50.15673981191222,2,Auto,0,,,,,,,,,,
714b9a1332840f257b49f476bea4e341,MONTE ALTO,SP,6,1499.94,249.99,6,2,6,158.15,29.833333333333332,1.1666666666666667,33.33333333333333,2,3.3333333333333335,6,16.666666666666664,50.0,1,Computers Accessories,0,,,,,,,,,,
71592660bbcb6a4664e97b6f8b68babc,SAO JOSE DO RIO PRETO,SP,6,2027.18,337.863333,7,6,6,173.37,11.166666666666666,0.3333333333333333,0.0,0,4.333333333333333,6,0.0,50.0,4,Computers Accessories,0,,,,,,,,,,
71593c7413973a1e160057b80d4958f6,SAO PAULO / SAO PAULO,SP,2,299.5,149.75,5,2,2,45.85,1.0,0.5,0.0,0,3.0,2,50.0,50.0,2,Furniture Decor,0,,,,,,,,,,
715bbd5ba4e6b74cb0d2f29eb45058b0,SERRA NEGRA,SP,62,4043.3,65.214516,64,28,62,1272.58,9.983870967741936,0.6451612903225806,8.064516129032258,5,4.467741935483871,62,6.451612903225806,70.96774193548387,5,Watches Gifts,0,,,,,,,,,,
7178e1eaa97257d8b6d4b80efd77a025,TATUI,SP,1,167.9,167.9,1,1,1,16.81,6.0,0.0,0.0,0,5.0,1,0.0,100.0,1,Costruction Tools Tools,0,,,,,,,,,,
7178f9f4dd81dcef02f62acdf8151e01,VIDEIRA,SC,203,37070.4,182.612807,216,57,203,4408.52,10.366336633663366,0.7536945812807881,3.4482758620689653,7,4.029556650246305,203,10.83743842364532,55.172413793103445,14,Health Beauty,0,,,,,,,,,,
717b78b0950b51ed00b1471d858b0edc,ALAMBARI,SP,5,138.6,27.72,5,2,5,81.15,16.2,0.6,20.0,1,4.0,5,20.0,60.0,1,Housewares,0,,,,,,,,,,
718539d38d07dd351c76db862760e2e2,CAMPINAS,SP,37,1318.9,35.645945,45,14,37,659.05,6.628571428571429,0.21621621621621623,0.0,0,4.4324324324324325,37,5.405405405405405,70.27027027027027,3,Pet Shop,0,,,,,,,,,,
71dc18fd8cbf5fd77f45dd8b427abb34,CURITIBA,PR,4,1080.0,270.0,9,1,4,149.4,8.0,0.5,0.0,0,5.0,4,0.0,100.0,1,Garden Tools,0,,,,,,,,,,
7202e2ba20579a9bd1acb29e61fe71f6,FRANCA,SP,53,12750.5,240.575471,55,19,53,1165.66,11.490196078431373,0.6981132075471698,3.7735849056603774,2,3.8679245283018866,53,13.20754716981132,47.16981132075472,2,Telephony,0,,,,,,,,,,
720e6cf846ea7572cbb66b743fb91e6c,MOGI DAS CRUZES / SP,SP,1,54.0,54.0,1,1,1,14.55,11.0,0.0,0.0,0,5.0,1,0.0,100.0,1,Health Beauty,0,,,,,,,,,,
7210cd29727d674c00741e5e387b3ccd,SAO PAULO,SP,9,729.09,81.01,13,7,9,145.09,2.4444444444444446,0.2222222222222222,11.11111111111111,1,4.444444444444445,9,11.11111111111111,77.77777777777779,5,Food,1,Social,Reseller,Online Medium,Cat,Not Specified,0.0,0.0,0.0,0.0,15.0
72146da5774cabf2632faedcae097a76,MARECHAL CANDIDO RONDON,PR,4,200.94,50.235,6,4,4,110.49,31.75,1.0,25.0,1,4.0,4,25.0,75.0,2,Signaling And Security,0,,,,,,,,,,
7238a95bb63ef7e498389fb863b834a1,LIMEIRA,SP,15,2265.7,151.046666,15,6,15,569.41,6.333333333333333,0.6,0.0,0,4.733333333333333,15,0.0,80.0,3,Baby,1,Paid Search,Manufacturer,Online Big,Cat,Not Specified,0.0,0.0,0.0,0.0,55.0
7238f877570096ae403c51898fa64566,SANTANA DE PARNAIBA,SP,3,1200.0,400.0,3,1,3,49.52,8.0,0.0,0.0,0,5.0,3,0.0,100.0,1,Cool Stuff,0,,,,,,,,,,
723a46b89fd5c3ed78ccdf039e33ac63,"NOVO HAMBURGO, RIO GRANDE DO SUL, BRASIL",RS,1,66.64,66.64,1,1,1,23.4,7.0,0.0,0.0,0,4.0,1,0.0,0.0,1,Auto,0,,,,,,,,,,
723cd880edaacdb998898b67c8f9da30,IBITINGA,SP,11,2136.53,194.23,12,8,11,413.1,7.0,0.5454545454545454,9.090909090909092,1,4.090909090909091,11,18.181818181818183,63.63636363636363,2,Bed Bath Table,1,Paid Search,Reseller,Online Medium,Not Specified,Not Specified,0.0,0.0,0.0,0.0,23.0
72431a818f97fe6ab9c81eee3e297e54,RIO DAS PEDRAS,SP,1,229.9,229.9,1,1,1,19.49,9.0,0.0,0.0,0,5.0,1,0.0,100.0,1,Auto,0,,,,,,,,,,
725af026f869236a8dd0ceb98564d156,CLAUDIO,MG,7,1177.71,168.244285,8,5,7,184.96,8.6,0.2857142857142857,0.0,0,3.4285714285714284,7,28.57142857142857,42.857142857142854,1,Housewares,0,,,,,,,,,,
725c32fa80c2faacc4fc88450d27314e,SAO PAULO,SP,89,7838.88,88.077303,93,36,88,1327.78,8.067415730337078,0.43820224719101125,1.1235955056179776,1,4.438202247191011,89,3.3707865168539324,62.92134831460674,2,Toys,0,,,,,,,,,,
7299e27ed73d2ad986de7f7c77d919fa,ARAGUARI,MG,338,34725.43,102.737958,361,88,336,6855.65,9.710447761194029,0.47928994082840237,4.142011834319527,14,4.420118343195266,338,4.733727810650888,67.75147928994083,13,Consoles Games,0,,,,,,,,,,
729b2d09b2a0bdab221076327f13d050,MINEIROS DO TIETE,SP,49,1822.11,37.185918,61,21,49,946.55,9.0625,0.3877551020408163,4.081632653061225,2,4.489795918367347,49,4.081632653061225,71.42857142857143,2,Health Beauty,0,,,,,,,,,,
729f06993dac8e860d4f02d7088ca48a,LIMEIRA,SP,96,20485.08,213.38625,115,17,96,4994.57,9.159574468085106,0.4791666666666667,9.375,9,4.135416666666667,96,12.5,61.458333333333336,2,Housewares,0,,,,,,,,,,
72bc2cce903c872fe376a8faaa81d237,SAO PAULO,SP,17,2149.2,126.423529,18,6,17,255.77,5.352941176470588,0.7058823529411765,0.0,0,4.647058823529412,17,5.88235294117647,82.35294117647058,2,Books Technical,0,,,,,,,,,,
72c38a04bd6a1c3dbc5298425a0db86d,CASCAVEL,PR,4,647.3,161.825,5,4,4,113.35,8.0,0.0,0.0,0,3.75,4,25.0,50.0,3,Computers Accessories,1,Organic Search,Reseller,Not Specified,Cat,Not Specified,0.0,0.0,0.0,0.0,3.0
72c5da29406b4234927b81855e7b64f6,GUARULHOS,SP,31,11798.69,380.602903,31,6,31,853.78,9.258064516129032,0.8064516129032258,3.225806451612903,1,4.129032258064516,31,9.67741935483871,58.06451612903226,2,Construction Tools Construction,0,,,,,,,,,,
72c73be2b085b9d57650dd53eb2004c9,SAO PAULO,SP,1,29.4,29.4,1,1,1,17.92,17.0,0.0,0.0,0,5.0,1,0.0,100.0,1,Auto,0,,,,,,,,,,
730937bf88cb151eb2eb849f642fc213,RIO CLARO,SP,22,2821.2,128.236363,26,5,21,455.97,5.090909090909091,0.45454545454545453,4.545454545454546,1,4.409090909090909,22,9.090909090909092,68.18181818181817,1,Sports Leisure,0,,,,,,,,,,
7315baebc0572ff220d226283dc66728,SAO CARLOS,SP,2,49.85,24.925,2,2,2,26.37,6.5,1.0,0.0,0,4.0,2,0.0,50.0,2,Health Beauty,0,,,,,,,,,,
731ef20c231d9a7103a425e83fd91271,LAGES - SC,SC,2,1692.0,846.0,3,1,2,505.6,11.0,0.0,0.0,0,3.5,2,0.0,0.0,1,Kitchen Dining Laundry Garden Furniture,0,,,,,,,,,,
734def04b237117a09321dd6d8f3f2a2,ARARAS,SP,2,1252.43,626.215,2,2,2,28.8,1.0,0.0,0.0,0,5.0,2,0.0,100.0,2,Musical Instruments,0,,,,,,,,,,
7354220fb240bde543b3c40c060d41e7,BRASILIA,DF,7,672.0,96.0,7,6,7,165.13,7.285714285714286,0.5714285714285714,0.0,0,4.571428571428571,7,0.0,57.14285714285714,3,Computers Accessories,0,,,,,,,,,,
7357b52d27cbaa90f81a96cbc1279396,LAGOA SANTA,MG,12,1328.02,110.668333,12,3,12,217.81,8.416666666666666,0.5,8.333333333333332,1,4.333333333333333,12,8.333333333333332,58.333333333333336,2,Housewares,0,,,,,,,,,,
739c7d7be81f63812dea0d1b1451c651,CAMPINA GRANDE,PB,2,77.5,38.75,2,2,2,71.8,10.5,0.0,0.0,0,4.0,2,0.0,50.0,1,Housewares,0,,,,,,,,,,
73a63f72308aa20a46f4b1632018f196,CURITIBA,PR,29,9606.8,331.268965,41,17,28,1178.99,8.555555555555555,0.6206896551724138,0.0,0,4.0344827586206895,29,10.344827586206897,55.172413793103445,4,Garden Tools,0,,,,,,,,,,
73b8eb4a9a729d4019b24ed1be748cbf,CAMPINAS,SP,8,692.41,86.55125,8,7,8,105.57,3.0,0.0,0.0,0,4.375,8,12.5,75.0,2,Auto,0,,,,,,,,,,
73da1880b39c71de2b262bc7720c1494,SAO CARLOS,SP,2,398.0,199.0,2,1,2,46.99,5.0,2.0,0.0,0,5.0,2,0.0,100.0,1,Housewares,0,,,,,,,,,,
740205fedfe4e90ca6857bc77db0f2b4,CAXIAS DO SUL,SP,1,229.9,229.9,1,1,1,21.93,3.0,0.0,0.0,0,5.0,1,0.0,100.0,1,Small Appliances,0,,,,,,,,,,
7402d13c03a7e91366337cd1de471144,CAMBE,PR,4,528.38,132.095,4,2,4,131.19,5.666666666666667,1.5,0.0,0,3.5,4,25.0,25.0,2,Kitchen Dining Laundry Garden Furniture,0,,,,,,,,,,
741f8c587cb4248ebc5b779a0e8e0e51,SANTO ANDRE,SP,5,89.95,17.99,5,5,5,67.69,5.2,0.8,20.0,1,4.0,5,20.0,60.0,4,Housewares,0,,,,,,,,,,
744dac408745240a2c2528fb1b6028f3,COLOMBO,PR,79,22490.6,284.691139,84,75,79,1894.42,9.179487179487179,0.26582278481012656,1.2658227848101267,1,4.569620253164557,79,2.5316455696202533,74.68354430379746,4,Watches Gifts,0,,,,,,,,,,
74636e24f01da9268b0ed88dacd8513e,SAO PAULO,SP,4,776.0,194.0,4,2,4,272.61,12.25,0.0,25.0,1,4.0,4,25.0,75.0,2,Housewares,1,Paid Search,Reseller,Online Medium,Cat,Not Specified,0.0,0.0,0.0,0.0,48.0
747c1cdcd1737dcfbd1547f6eb6f2cf3,IBITINGA,SP,2,193.1,96.55,2,2,2,29.27,13.0,2.0,0.0,0,2.5,2,50.0,0.0,1,Bed Bath Table,0,,,,,,,,,,
747e73c01a4593d4cf60dcf970fd2689,VITORIA DE SANTO ANTAO,PE,3,2217.99,739.33,3,3,3,123.77,7.666666666666667,0.3333333333333333,0.0,0,4.333333333333333,3,0.0,33.33333333333333,1,Watches Gifts,0,,,,,,,,,,
74871d19219c7d518d0090283e03c137,SAO PAULO,SP,6,550.04,91.673333,7,6,6,87.87,3.0,0.16666666666666666,0.0,0,5.0,6,0.0,100.0,3,Sports Leisure,0,,,,,,,,,,
7494d0dcba8551df6cf37f1b905dc2f7,SANTOS,SP,1,45.9,45.9,1,1,1,17.07,5.0,1.0,0.0,0,3.0,1,0.0,0.0,1,Computers Accessories,0,,,,,,,,,,
749e7cdabbaf72f16677859e27874ba5,GUARULHOS,SP,1,41.9,41.9,1,1,1,19.84,9.0,0.0,0.0,0,1.0,1,100.0,0.0,1,Not Specified,0,,,,,,,,,,
74a9b9bddf14ece02beb81f52c41a88d,SAO PAULO,SP,2,95.0,47.5,2,2,2,22.06,6.0,0.0,0.0,0,3.5,2,0.0,50.0,2,Cool Stuff,0,,,,,,,,,,
74bafed391319577bce6f4d2acc0589a,SAO PAULO,SP,3,1847.0,615.666666,3,2,3,237.73,5.666666666666667,0.6666666666666666,0.0,0,2.6666666666666665,3,33.33333333333333,33.33333333333333,2,Health Beauty,0,,,,,,,,,,
74c7dec0a384d8a05950e629bd23bde9,MOGI GUACU,SP,5,187.68,37.536,5,3,5,61.2,7.0,0.4,0.0,0,3.6,5,20.0,60.0,2,Perfumery,0,,,,,,,,,,
750303a20e9c56b2a6bc45cdce0b897d,GOIANIA,GO,54,8085.0,149.722222,57,38,54,1309.81,12.50943396226415,0.48148148148148145,3.7037037037037033,2,4.2407407407407405,54,11.11111111111111,62.96296296296296,7,Sports Leisure,0,,,,,,,,,,
751bdc4d83a466c7206cd42e8f426b03,RIBEIRAO PIRES,SP,54,6648.93,123.128333,71,38,54,1054.81,8.117647058823529,0.42592592592592593,1.8518518518518516,1,3.7962962962962963,54,14.814814814814813,53.70370370370371,3,Sports Leisure,0,,,,,,,,,,
751e274377499a8503fd6243ad9c56f6,CAMPINAS,SP,1,218.0,218.0,2,1,1,17.84,1.0,0.0,0.0,0,5.0,1,0.0,100.0,1,Construction Tools Safety,1,Paid Search,Reseller,Online Big,Cat,Not Specified,0.0,0.0,0.0,0.0,145.0
75745ef7bc7d4f3ea3380f6f5303f514,BRASILIA,DF,3,228.4,76.133333,3,3,3,48.92,2.3333333333333335,0.6666666666666666,0.0,0,5.0,3,0.0,100.0,2,Toys,0,,,,,,,,,,
7586919161935337bf6b6d7ff5779648,RIO DE JANEIRO,RJ,11,1664.71,151.337272,18,8,11,330.22,14.454545454545455,1.0,18.181818181818183,2,3.8181818181818183,11,27.27272727272727,63.63636363636363,2,Sports Leisure,0,,,,,,,,,,
75a4764c108403a7a0575140cb22287c,CAXIAS DO SUL,RS,5,716.9,143.38,9,3,5,210.15,8.8,1.2,0.0,0,4.6,5,0.0,60.0,2,Housewares,0,,,,,,,,,,
75d34ebb1bd0bd7dde40dd507b8169c3,SALVADOR,BA,62,15048.28,242.714193,72,18,62,1431.23,11.192982456140351,0.5967741935483871,11.29032258064516,7,3.7419354838709675,62,17.741935483870968,45.16129032258064,4,Telephony,0,,,,,,,,,,
75fbb52eda0cbc24f479d3b2fbfa8d3e,GOIANIA,GO,40,1130.99,28.27475,43,37,39,943.52,11.105263157894736,0.45,5.0,2,4.275,40,12.5,65.0,1,Dvds Blu Ray,0,,,,,,,,,,
75fdd0a732287f9497b179f6bd445d32,MAUA,SP,1,59.9,59.9,1,1,1,16.18,8.0,0.0,0.0,0,5.0,1,0.0,100.0,1,Not Specified,0,,,,,,,,,,
761681a821d8275bc79f552116d06869,SAO PAULO,SP,3,354.92,118.306666,3,3,3,159.98,6.666666666666667,0.6666666666666666,0.0,0,5.0,3,0.0,100.0,2,Garden Tools,1,Organic Search,Reseller,Online Big,Not Specified,Not Specified,0.0,0.0,0.0,0.0,4.0
762ed976527cddf02787edba70fffa2a,LONDRINA,PR,3,179.8,59.933333,4,3,3,60.32,5.666666666666667,0.3333333333333333,0.0,0,2.3333333333333335,3,33.33333333333333,0.0,2,Furniture Decor,0,,,,,,,,,,
762fafdaa57a532ee0119731697579dd,ITU,SP,5,206.7,41.34,5,4,5,54.17,2.6,0.0,0.0,0,5.0,5,0.0,100.0,2,Toys,1,Other,Reseller,Not Specified,Cat,Not Specified,0.0,0.0,0.0,0.0,2.0
76623fde66e6b63b59440fd34160512d,GUARULHOS,SP,3,65.4,21.8,3,3,3,23.34,1.3333333333333333,0.0,0.0,0,4.0,3,0.0,33.33333333333333,1,Fashion Bags Accessories,0,,,,,,,,,,
7681ef142fd2c19048da7430856b5588,GUARULHOS,SP,59,31941.81,541.38661,77,24,58,2916.12,8.344827586206897,0.6779661016949152,8.47457627118644,5,4.11864406779661,59,11.864406779661017,57.6271186440678,7,Computers,0,,,,,,,,,,
76833248bbc0e65a0293ec62023e4396,BIRIGUI,SP,2,2399.98,1199.99,2,2,2,230.7,10.0,1.0,0.0,0,5.0,2,0.0,100.0,1,Industry Commerce And Business,0,,,,,,,,,,
768a86e36ad6aae3d03ee3c6433d61df,SAO PAULO,SP,17,587.46,34.55647,17,8,17,180.24,3.4705882352941178,0.9411764705882353,11.76470588235294,2,4.647058823529412,17,0.0,70.58823529411765,2,Toys,0,,,,,,,,,,
768de2a4fc06aacecb9a586ccc30746a,BRASILIA,DF,14,475.6,33.971428,14,2,14,237.93,12.615384615384615,0.14285714285714285,0.0,0,4.428571428571429,14,7.142857142857142,71.42857142857143,2,Cool Stuff,0,,,,,,,,,,
76c47a299e4a8fe992316a85865acbe9,RIBEIRAO PRETO,SP,6,1024.46,170.743333,10,5,6,221.88,18.5,0.3333333333333333,33.33333333333333,2,4.666666666666667,6,0.0,83.33333333333334,1,Health Beauty,0,,,,,,,,,,
76d336555bb25f3165d2f0d6da719c40,SOROCABA,SP,2,330.0,165.0,2,1,2,23.63,6.0,0.0,0.0,0,2.0,2,50.0,0.0,1,Sports Leisure,0,,,,,,,,,,
76d5af76d0271110f9af36c92573f765,SAO PAULO,SP,131,33461.6,255.432061,159,82,124,4079.96,8.578125,0.5419847328244275,9.16030534351145,12,4.122137404580153,131,12.213740458015266,60.30534351145038,7,Sports Leisure,0,,,,,,,,,,
76d64c4aca3a7baf218bf93ef7fa768d,CURITIBA,PR,64,16911.8,264.246875,69,37,63,3543.49,8.890625,0.34375,3.125,2,4.234375,64,10.9375,67.1875,5,Toys,0,,,,,,,,,,
76de363de16dacc923eec8daf91df504,XAXIM,SC,2,360.0,180.0,2,2,2,50.42,11.0,0.5,0.0,0,2.5,2,50.0,0.0,2,Cool Stuff,0,,,,,,,,,,
76ea5315acb3f5f7ade3cd261faf922a,SAO PAULO,SP,15,1087.06,72.470666,15,12,15,224.02,6.866666666666666,0.3333333333333333,6.666666666666667,1,4.266666666666667,15,6.666666666666667,66.66666666666666,7,Auto,1,Paid Search,Reseller,Online Big,Cat,Not Specified,0.0,0.0,0.0,0.0,8.0
77128dec4bec4878c37ab7d6169d6f26,SAO PAULO,SP,1,6.5,6.5,1,1,1,8.72,6.0,0.0,0.0,0,5.0,1,0.0,100.0,1,Food Drink,0,,,,,,,,,,
7722b1df1b0e383e000397b2c11e3e19,SAO BERNARDO DO CAMPO,SP,134,7094.09,52.94097,145,76,133,2071.21,6.165413533834586,0.34328358208955223,2.9850746268656714,4,4.201492537313433,134,6.7164179104477615,58.95522388059702,9,Housewares,0,,,,,,,,,,
77530e9772f57a62c906e1c21538ab82,CURITIBA,PR,320,46610.4,145.6575,389,171,316,8453.59,12.592948717948717,0.59375,9.0625,29,4.0875,320,11.875,59.06249999999999,2,Furniture Decor,0,,,,,,,,,,
77714512e8d4dda9c234da8e3faf16e4,GUARULHOS,SP,4,243.4,60.85,6,5,4,105.58,8.75,1.5,0.0,0,4.25,4,0.0,50.0,2,Construction Tools Construction,0,,,,,,,,,,
777a0c55737f34ffeb78010f7542ab41,SAO PAULO,SP,6,452.5,75.416666,6,3,6,75.83,3.5,0.0,0.0,0,4.333333333333333,6,0.0,66.66666666666666,2,Health Beauty,0,,,,,,,,,,
778323240ce2830d68aab11794e00bfb,SAO PAULO,SP,3,189.98,63.326666,3,2,3,52.45,8.0,0.0,0.0,0,4.333333333333333,3,0.0,33.33333333333333,1,Health Beauty,0,,,,,,,,,,
77a515caa36327151d1cc6c32a9f00e1,DIADEMA,SP,26,2217.39,85.28423,26,19,26,396.19,8.423076923076923,0.6923076923076923,11.538461538461538,3,4.423076923076923,26,3.8461538461538463,69.23076923076923,1,Stationery,1,Paid Search,Manufacturer,Industry,Cat,Not Specified,0.0,0.0,0.0,0.0,11.0
77dcbb67ccb3659bd58eaf5661560a30,LAJEADO,RS,2,984.0,492.0,2,2,2,98.56,,0.0,0.0,0,1.0,2,100.0,0.0,2,Market Place,0,,,,,,,,,,
77e4abfd739aed9c46480f90f81c0eb4,BRASILIA,DF,18,3736.99,207.610555,18,9,18,355.22,6.777777777777778,0.7777777777777778,0.0,0,4.777777777777778,18,0.0,83.33333333333334,4,Stationery,0,,,,,,,,,,
77fccaae319668a8ab6cd0fd16aec48c,CAMPOS DOS GOYTACAZES,RJ,11,1667.0,151.545454,12,5,11,221.44,7.363636363636363,0.7272727272727273,0.0,0,4.454545454545454,11,0.0,72.72727272727273,3,Sports Leisure,0,,,,,,,,,,
7813ea3ebd9411dc600b4dd01f7a97b9,OSASCO,SP,9,1599.4,177.711111,9,8,9,146.59,10.333333333333334,0.7777777777777778,11.11111111111111,1,3.888888888888889,9,22.22222222222222,66.66666666666666,2,Telephony,0,,,,,,,,,,
7816cd9c5b1238e320545f5bf7eb80e8,ARARAQUARA,SP,1,489.0,489.0,1,1,1,22.76,10.0,0.0,0.0,0,4.0,1,0.0,0.0,1,Garden Tools,1,Organic Search,Reseller,Online Big,Cat,Not Specified,0.0,0.0,0.0,0.0,5.0
781a66c0d89e30814d49fe8b5e14cd07,CAMPINAS,SP,1,115.0,115.0,1,1,1,21.3,19.0,0.0,100.0,1,1.0,1,100.0,0.0,1,Cool Stuff,0,,,,,,,,,,
782f78b632a43875dd5b53e3e49c9564,CAMPINAS,SP,2,146.01,73.005,3,1,2,41.56,7.0,0.0,0.0,0,3.0,2,50.0,50.0,1,Furniture Decor,0,,,,,,,,,,
784ba75dd9d20200c4caed3d7a77141a,SAO PAULO,SP,21,8295.13,395.00619,24,11,21,629.82,5.578947368421052,0.8571428571428571,9.523809523809524,2,3.8095238095238093,21,19.047619047619047,47.61904761904761,4,Stationery,0,,,,,,,,,,
78744a20ee2f80ba64f6804c25def2b8,RECIFE,PE,6,2715.0,452.5,6,3,6,353.85,14.666666666666666,0.16666666666666666,16.666666666666664,1,4.166666666666667,6,16.666666666666664,66.66666666666666,1,Furniture Decor,0,,,,,,,,,,
78813699ffac347fe27dba345a5f1551,BENTO GONCALVES,RS,1,152.42,152.42,1,1,1,48.12,8.0,0.0,0.0,0,5.0,1,0.0,100.0,1,Drinks,0,,,,,,,,,,
788e857f317e53de488d393e65a80f45,SAO PAULO,SP,11,1210.0,110.0,11,4,11,184.95,5.2727272727272725,0.5454545454545454,0.0,0,4.909090909090909,11,0.0,90.9090909090909,1,Stationery,1,Organic Search,Manufacturer,Online Medium,Wolf,Not Specified,0.0,0.0,0.0,0.0,2.0
788f22bafdd7ab0e1e79f19db72f16a4,SAO PAULO,SP,2,125.8,62.9,2,2,2,26.24,3.0,0.0,0.0,0,4.5,2,0.0,50.0,2,Auto,0,,,,,,,,,,
78a4d36f65a019172c6154468831a69f,BAURU,SP,7,1545.5,220.785714,7,1,7,223.4,13.285714285714286,0.14285714285714285,14.285714285714285,1,4.285714285714286,7,14.285714285714285,71.42857142857143,1,Kitchen Dining Laundry Garden Furniture,0,,,,,,,,,,
78ba5933c21686d1c2f64669c8c459e7,MOGI DAS CRUZES,SP,2,191.8,95.9,2,2,2,20.77,4.5,0.0,0.0,0,4.5,2,0.0,50.0,2,Bed Bath Table,0,,,,,,,,,,
78c99c6dff4eeae5be99bf635ed21e3f,MARILIA,SP,31,2030.88,65.512258,39,15,31,664.89,10.838709677419354,0.3870967741935484,6.451612903225806,2,4.419354838709677,31,9.67741935483871,74.19354838709677,1,Sports Leisure,0,,,,,,,,,,
78ef7e885d17f35e2382a47aae8b8cce,SANTA CRUZ DO SUL,RS,3,388.0,129.333333,3,3,3,65.44,4.333333333333333,0.0,0.0,0,4.666666666666667,3,0.0,66.66666666666666,1,Books Technical,0,,,,,,,,,,
7901646fdd36a55f564ffaf2dbccaaf7,RIO DE JANEIRO,RJ,22,11857.08,538.958181,27,12,21,621.75,7.136363636363637,0.5,9.090909090909092,2,4.5,22,9.090909090909092,77.27272727272727,2,Garden Tools,0,,,,,,,,,,
791cfcfe22fe4a771ece27f90017da92,RIBEIRAO PRETO,SP,2,596.26,298.13,2,1,2,57.49,21.0,1.0,50.0,1,1.5,2,50.0,0.0,1,Computers Accessories,0,,,,,,,,,,
79565f7d5603b24ddf07ade262547f2f,ARARAQUARA,SP,8,385.0,48.125,8,5,8,109.07,12.142857142857142,0.75,25.0,2,4.0,8,12.5,62.5,3,Not Specified,0,,,,,,,,,,
7957cac1a02f45d0a4a7e45626382ec2,CURITIBA,PR,1,343.0,343.0,1,1,1,21.64,7.0,0.0,0.0,0,4.0,1,0.0,0.0,1,Health Beauty,0,,,,,,,,,,
7963e546f34e098b578f9ad102494601,SAO PAULO,SP,1,60.99,60.99,1,1,1,21.23,16.0,2.0,0.0,0,5.0,1,0.0,100.0,1,Sports Leisure,0,,,,,,,,,,
7994081388d55b9cf976c050653dd359,SAO PAULO,SP,2,1020.0,510.0,6,2,2,89.65,8.0,0.5,0.0,0,3.0,2,50.0,50.0,1,Computers Accessories,0,,,,,,,,,,
7994b065a7ffb14e71c6312cf87b9de2,CARIACICA / ES,ES,5,453.0,90.6,7,5,5,144.34,5.6,0.0,0.0,0,5.0,5,0.0,100.0,2,Furniture Living Room,0,,,,,,,,,,
79a679c36c08d606b3fd47ead9de109b,SAO PAULO,SP,3,935.0,311.666666,7,2,3,137.22,6.0,0.3333333333333333,33.33333333333333,1,2.0,3,66.66666666666666,0.0,1,Drinks,0,,,,,,,,,,
79b93a308a97792cf53ac75f46da00b5,RIO DE JANEIRO,RJ,1,99.9,99.9,1,1,1,16.14,19.0,0.0,0.0,0,5.0,1,0.0,100.0,1,Luggage Accessories,0,,,,,,,,,,
79ebd9a61bac3eaf882805ed4ecfa12a,CASCAVEL,PR,136,15092.79,110.976397,143,115,135,4012.35,9.984962406015038,0.7426470588235294,4.411764705882353,6,4.044117647058823,136,10.294117647058822,52.20588235294118,1,Furniture Decor,0,,,,,,,,,,
79ed755314cfe6df0daef2c6cd3022cd,RIO CLARO,SP,23,3907.5,169.891304,25,12,22,459.16,7.826086956521739,0.17391304347826086,0.0,0,4.739130434782608,23,0.0,82.6086956521739,3,Garden Tools,0,,,,,,,,,,
79ee721b6f766066a80264402548d359,BAURU,SP,2,538.0,269.0,2,1,2,30.36,,0.0,0.0,0,1.0,2,100.0,0.0,1,Computers Accessories,0,,,,,,,,,,
7a073a40a9d3f1fee8bc45670ea1e909,LONDRINA,PR,1,95.0,95.0,1,1,1,17.78,,2.0,0.0,0,1.0,1,100.0,0.0,1,Furniture Decor,0,,,,,,,,,,
7a188843479798ca813108fa7b959286,SAO PAULO,SP,1,149.7,149.7,3,1,1,26.16,,2.0,0.0,0,1.0,1,100.0,0.0,1,Housewares,0,,,,,,,,,,
7a241947449cc45dbfda4f9d0798d9d0,JACUTINGA,MG,62,8027.63,129.477903,72,17,62,1990.47,8.875,0.3709677419354839,6.451612903225806,4,3.8225806451612905,62,16.129032258064516,50.0,3,Housewares,0,,,,,,,,,,
7a2d2949aea47fab95fd98d6c9f618b1,CURITIBA,PR,11,1638.99,148.99909,12,5,10,211.24,8.727272727272727,0.09090909090909091,0.0,0,4.2727272727272725,11,0.0,45.45454545454545,2,Pet Shop,0,,,,,,,,,,
7a425d299613df3e613bcf9d2eaf5c49,RIO DE JANEIRO,RJ,18,1218.8,67.711111,18,14,18,286.67,10.38888888888889,0.16666666666666666,5.555555555555555,1,4.111111111111111,18,5.555555555555555,61.111111111111114,1,Perfumery,0,,,,,,,,,,
7a67c85e85bb2ce8582c35f2203ad736,SAO PAULO,SP,1160,141745.53,122.194422,1171,149,1155,20902.85,9.159825327510918,0.5306828003457217,5.172413793103448,60,4.2267241379310345,1160,7.758620689655173,61.293103448275865,2,Cool Stuff,0,,,,,,,,,,
7a704e63bb29c446869efde5d57524c8,FRANCISCO BELTRAO,PR,1,94.49,94.49,1,1,1,15.41,7.0,0.0,0.0,0,5.0,1,0.0,100.0,1,Auto,0,,,,,,,,,,
7a91bf945c6fae0779f1c61ce97fe45c,MESQUITA,RJ,5,799.5,159.9,5,3,5,82.57,36.75,0.2,20.0,1,3.8,5,20.0,60.0,1,Health Beauty,0,,,,,,,,,,
7a9c12e235c36247c3c81f50d6ea9cea,SAO CAETANO DO SUL,SP,5,983.9,196.78,5,5,5,115.69,9.8,0.6,0.0,0,4.6,5,0.0,80.0,1,Toys,0,,,,,,,,,,
7aa4334be125fcdd2ba64b3180029f14,LARANJAL PAULISTA,SP,217,16234.81,74.814792,240,41,214,4368.52,10.574766355140186,0.5576036866359447,11.52073732718894,25,4.092165898617512,217,11.52073732718894,57.6036866359447,4,Toys,0,,,,,,,,,,
7aa538dd6e114e503a2e6154ea352253,CATANDUVA,SP,5,1016.68,203.336,5,4,5,101.92,5.6,1.0,0.0,0,4.4,5,0.0,60.0,2,Housewares,0,,,,,,,,,,
7ab0dd5487bab2dc835337b244f689fb,SAO JOSE DO RIO PRETO,SP,1,12.5,12.5,1,1,1,10.96,5.0,0.0,0.0,0,5.0,1,0.0,100.0,1,Bed Bath Table,0,,,,,,,,,,
7ad32824caee82087b3e2e5f33b1bf32,IBITINGA,SP,151,22505.1,149.040397,184,75,149,3545.22,10.156462585034014,0.37748344370860926,12.582781456953644,19,3.7880794701986753,151,15.894039735099339,49.668874172185426,1,Bed Bath Table,0,,,,,,,,,,
7ad41305e96a6cab8294cd65891e9a86,RIO BONITO,SP,2,180.0,90.0,2,2,2,57.6,9.0,0.5,0.0,0,5.0,2,0.0,100.0,1,Sports Leisure,0,,,,,,,,,,
7adbd3210a7b3cc2235e225eef33574d,SAO PAULO,SP,3,131.9,43.966666,3,2,3,72.96,7.333333333333333,2.0,0.0,0,4.666666666666667,3,0.0,66.66666666666666,1,Housewares,1,Organic Search,Reseller,Online Medium,Cat,Not Specified,0.0,0.0,0.0,0.0,2.0
7ade73f1b9b4e965f9009a4c3a7e2c15,BAURU,SP,27,1880.3,69.64074,28,12,27,457.87,6.8076923076923075,0.37037037037037035,0.0,0,4.62962962962963,27,3.7037037037037033,81.48148148148148,6,Computers Accessories,1,Organic Search,Manufacturer,Online Medium,Eagle,Not Specified,0.0,0.0,0.0,0.0,11.0
7b07b3c7487f0ea825fc6df75abd658b,SAO PAULO,SP,93,9731.85,104.643548,98,65,93,1342.79,7.615384615384615,0.27956989247311825,4.301075268817205,4,4.354838709677419,93,6.451612903225806,70.96774193548387,2,Sports Leisure,0,,,,,,,,,,
7b0df942f46435babab05d49b744b2c4,BRAGANCA PAULISTA,SP,32,22600.63,706.269687,32,16,32,672.15,8.875,0.625,9.375,3,4.28125,32,9.375,62.5,2,Musical Instruments,0,,,,,,,,,,
7b1222c3624aa89b9558b50a2594188c,SAO JOSE DO RIO PRETO,SP,22,10103.52,459.250909,22,9,22,457.57,12.5,0.45454545454545453,13.636363636363635,3,4.454545454545454,22,4.545454545454546,72.72727272727273,3,Toys,0,,,,,,,,,,
7b3447b497e55af8c15fc7bd89d7b81a,SAO PAULO,SP,1,49.9,49.9,1,1,1,20.75,3.0,0.0,0.0,0,5.0,1,0.0,100.0,1,Sports Leisure,0,,,,,,,,,,
7b3f6ce5c6c22e9b96e7581ebf0df6e1,TAMBAU,SP,1,29.8,29.8,1,1,1,12.69,7.0,0.0,0.0,0,3.0,1,0.0,0.0,1,Not Specified,0,,,,,,,,,,
7b7ed56ae755e2880f2b69632e839c1e,GOIANIA,GO,5,321.5,64.3,5,4,5,135.1,5.6,0.0,0.0,0,4.2,5,0.0,60.0,1,Housewares,0,,,,,,,,,,
7b7f91e98f8c6def45a1407923304402,OSASCO,SP,11,417.47,37.951818,14,9,11,203.02,8.727272727272727,0.36363636363636365,9.090909090909092,1,4.181818181818182,11,18.181818181818183,72.72727272727273,3,Housewares,0,,,,,,,,,,
7b8e8ec35bad4b0ef7e3963650b0a87b,TUBARAO,SC,5,2244.28,448.856,5,3,5,372.02,20.0,1.0,20.0,1,4.8,5,0.0,80.0,2,Auto,0,,,,,,,,,,
7b98de631987e26dd6d803490c43a13c,LOANDA,PR,8,634.2,79.275,8,5,8,144.43,8.25,0.25,0.0,0,4.625,8,0.0,62.5,2,Construction Tools Construction,1,Organic Search,Manufacturer,Industry,Cat,Not Specified,0.0,0.0,0.0,0.0,47.0
7bac63f6603d382cc8d0832eb6c100a8,SAO PAULO,SP,19,7751.95,407.997368,19,11,19,362.65,13.105263157894736,0.7368421052631579,10.526315789473683,2,4.0,19,10.526315789473683,42.10526315789473,4,Sports Leisure,0,,,,,,,,,,
7bb8fac2913a6064ec412e583c6d8b4d,BAURU,SP,1,109.0,109.0,1,1,1,16.52,4.0,0.0,0.0,0,5.0,1,0.0,100.0,1,Not Specified,0,,,,,,,,,,
7bcd7c5f8631701474db233ccf1c094b,SAO PAULO,SP,11,666.0,60.545454,11,5,11,194.94,9.125,0.0,0.0,0,3.6363636363636362,11,18.181818181818183,45.45454545454545,3,Not Specified,0,,,,,,,,,,
7c1fea10b5b006671d608b1d7c446ec4,BOITUVA,SP,14,423.6,30.257142,14,13,14,224.15,13.0,1.0,7.142857142857142,1,4.0,14,14.285714285714285,42.857142857142854,4,Telephony,0,,,,,,,,,,
7c4402417d51474d4d0cda9557340e40,SAO CAETANO DO SUL,SP,1,119.9,119.9,1,1,1,27.69,4.0,1.0,0.0,0,5.0,1,0.0,100.0,1,Housewares,0,,,,,,,,,,
7c4618c82226628831613e95e9c22f44,SAO ROQUE,SP,13,333.93,25.686923,13,5,13,165.54,8.307692307692308,0.5384615384615384,7.6923076923076925,1,4.076923076923077,13,7.6923076923076925,53.84615384615385,1,Sports Leisure,0,,,,,,,,,,
7c462184585ae80bd6e5774c62ce50f2,CAMPINAS,SP,1,60.0,60.0,2,1,1,17.64,2.0,0.0,100.0,1,3.0,1,0.0,0.0,1,Baby,0,,,,,,,,,,
7c4adcc13272c0e26fa23aac642adb7b,SAO GONCALO,RJ,2,135.0,67.5,2,2,2,30.63,14.5,1.0,50.0,1,3.0,2,50.0,50.0,1,Auto,0,,,,,,,,,,
7c51de0ab286204ce75ff42bf7c10d92,PICARRAS,SC,4,759.0,189.75,4,3,4,149.64,8.5,0.25,0.0,0,4.5,4,0.0,50.0,1,Health Beauty,1,Direct Traffic,Reseller,Online Medium,Not Specified,Not Specified,0.0,0.0,0.0,0.0,34.0
7c5b05cbdb5542049f38d90d7815b97d,SAO PAULO,SP,22,1038.96,47.225454,24,10,22,306.5,4.333333333333333,0.7727272727272727,4.545454545454546,1,4.363636363636363,22,13.636363636363635,77.27272727272727,1,Books Imported,0,,,,,,,,,,
7c67e1448b00f6e969d365cea6b010ab,ITAQUAQUECETUBA,SP,982,187923.89,191.368523,1364,198,971,51612.55,10.391572456320658,0.6344195519348269,9.063136456211812,89,3.483706720977597,982,20.061099796334013,34.92871690427698,6,Office Furniture,0,,,,,,,,,,
7c9130f5f3729edd32aa059141d92484,GARCA,SP,3,126.0,42.0,4,1,3,67.15,4.333333333333333,0.0,0.0,0,3.3333333333333335,3,0.0,33.33333333333333,1,Computers Accessories,1,Organic Search,Reseller,Not Specified,Not Specified,Not Specified,0.0,0.0,0.0,0.0,14.0
7caa63f175b1cecbfaadd8b5ab9998c7,SAO PAULO,SP,2,39.8,19.9,2,2,2,20.53,1.0,0.0,0.0,0,2.0,2,50.0,0.0,1,Bed Bath Table,0,,,,,,,,,,
7cb946b1ad19faebe28c3e86c2794ec3,SETE LAGOAS,MG,1,25.0,25.0,1,1,1,15.1,18.0,0.0,0.0,0,5.0,1,0.0,100.0,1,Health Beauty,0,,,,,,,,,,
7cf4ea70955b00d6b3c22542598e2715,SAO PAULO,SP,1,189.9,189.9,1,1,1,14.91,6.0,1.0,0.0,0,5.0,1,0.0,100.0,1,Small Appliances,0,,,,,,,,,,
7d13fca15225358621be4086e1eb0964,RIBEIRAO PRETO,SP,565,113628.97,201.113221,578,57,564,8632.05,11.82258064516129,0.4247787610619469,11.327433628318584,64,4.010619469026548,565,12.743362831858407,56.28318584070796,7,Watches Gifts,1,Other,Reseller,Online Big,Not Specified,Not Specified,0.0,0.0,0.0,0.0,17.0
7d294cf9a6a69dc6a0c3e540fff0e039,BARRA VELHA,SC,5,257.25,51.45,5,1,5,194.13,6.6,0.2,0.0,0,4.4,5,0.0,60.0,1,Baby,0,,,,,,,,,,
7d456afc660226829370f3173d14520c,MOGI DAS CRUZES,SP,56,8338.25,148.897321,91,22,55,1519.62,6.4363636363636365,0.42857142857142855,3.571428571428571,2,4.357142857142857,56,7.142857142857142,66.07142857142857,5,Bed Bath Table,0,,,,,,,,,,
7d484ca289afaac6bf5fc6a1e96d2226,CAMPO GRANDE,MS,2,183.2,91.6,2,2,2,65.22,9.0,1.0,0.0,0,4.0,2,0.0,50.0,1,Toys,0,,,,,,,,,,
7d76b645482be4a332374e8223836592,SAO PAULO,SP,176,3843.93,21.840511,187,89,176,2587.61,9.69186046511628,0.5454545454545454,9.090909090909092,16,3.9488636363636362,176,10.227272727272728,48.29545454545455,2,Telephony,0,,,,,,,,,,
7d7866a99a8656a42c7ff6352a433410,SAO PAULO,SP,5,147.89,29.578,5,4,5,59.49,3.6,0.8,0.0,0,4.4,5,0.0,60.0,3,Party Supplies,1,Organic Search,Reseller,Offline,Cat,Not Specified,0.0,0.0,0.0,0.0,20.0
7d7d2b7a51328016102d4528c411d630,IBITINGA,SP,7,918.8,131.257142,7,5,7,180.05,7.857142857142857,0.8571428571428571,14.285714285714285,1,4.142857142857143,7,14.285714285714285,71.42857142857143,2,Housewares,1,Other,Reseller,Offline,Cat,Not Specified,0.0,0.0,0.0,0.0,19.0
7d81e74a4755b552267cd5e081563028,SAO PAULO,SP,1,32.5,32.5,1,1,1,7.49,1.0,0.0,0.0,0,4.0,1,0.0,0.0,1,Construction Tools Construction,1,Paid Search,Manufacturer,Industry,Cat,Not Specified,0.0,0.0,0.0,0.0,45.0
7d948535954aaf8c5d39db007f74372e,GUARUJA,SP,4,194.0,48.5,4,3,4,43.8,2.75,0.75,0.0,0,3.75,4,0.0,50.0,2,Fashio Female Clothing,0,,,,,,,,,,
7daca0837f033a41a6f3428c18657533,TANABI,SP,7,1228.98,175.568571,7,4,7,168.16,8.714285714285714,1.4285714285714286,28.57142857142857,2,3.5714285714285716,7,28.57142857142857,57.14285714285714,1,Housewares,0,,,,,,,,,,
7dc8c42cc750eeafea6c85712ffee9bf,SAO PAULO,SP,41,6409.68,156.333658,50,16,41,1035.41,5.658536585365853,0.5853658536585366,4.878048780487805,2,4.195121951219512,41,9.75609756097561,58.536585365853654,8,Housewares,0,,,,,,,,,,
7dc9a3355bae96dd82008b313d3a456c,DORES DE CAMPOS,MG,1,899.0,899.0,1,1,1,50.62,5.0,0.0,0.0,0,5.0,1,0.0,100.0,1,Pet Shop,0,,,,,,,,,,
7ddcbb64b5bc1ef36ca8c151f6ec77df,SAO PAULO,SP,334,55578.57,166.402904,343,19,332,7946.72,10.203076923076923,0.5299401197604791,8.08383233532934,27,3.934131736526946,334,13.17365269461078,52.69461077844312,9,Cool Stuff,0,,,,,,,,,,
7dea6f73af847b42cc3985bd620f994d,CASCAVEL,PR,2,324.0,162.0,2,2,2,56.17,3.0,0.5,0.0,0,4.0,2,0.0,50.0,1,Kitchen Dining Laundry Garden Furniture,0,,,,,,,,,,
7df1fc11cc5cbc518b39faa60cf5d67c,CAMPO GRANDE,MS,5,1037.6,207.52,5,5,5,134.36,4.2,0.0,0.0,0,4.2,5,20.0,80.0,1,Auto,0,,,,,,,,,,
7e1fb0a3ebfb01ffb3a7dae98bf3238d,FRANCA,SP,159,27349.53,172.009622,174,25,149,2986.4,13.941935483870967,0.48427672955974843,11.320754716981133,18,4.1257861635220126,159,9.433962264150944,57.23270440251572,2,Health Beauty,0,,,,,,,,,,
7e26c750b4cb9f6766f58265ff9ebe95,BELO HORIZONTE,MG,23,1344.3,58.447826,27,2,23,388.88,7.086956521739131,0.08695652173913043,0.0,0,4.434782608695652,23,4.3478260869565215,60.86956521739131,2,Not Specified,0,,,,,,,,,,
7e3dde9ffba72d5340f9aaf09b4424be,CAMBE,PR,1,220.0,220.0,1,1,1,22.03,,0.0,0.0,0,1.0,1,100.0,0.0,1,Housewares,0,,,,,,,,,,
7e3f87d16fb353f408d467e74fbd8014,SAO PAULO,SP,92,4754.99,51.684673,94,20,92,1438.71,10.219780219780219,0.7065217391304348,6.521739130434782,6,4.130434782608695,92,10.869565217391305,57.608695652173914,6,Computers Accessories,0,,,,,,,,,,
7e79d65b5c6f1f544b7daea036acf720,SAO CAETANO DO SUL,SP,4,517.8,129.45,4,2,4,62.09,5.25,0.5,0.0,0,4.5,4,0.0,50.0,1,Toys,0,,,,,,,,,,
7e93a43ef30c4f03f38b393420bc753a,BARUERI,SP,336,176431.87,525.094851,340,186,336,6322.18,8.501567398119123,0.6696428571428571,4.464285714285714,15,4.205357142857143,336,10.416666666666668,62.797619047619044,8,Watches Gifts,0,,,,,,,,,,
7e959205cebc10adefcb331f934238a4,SAO PAULO,SP,2,513.9,256.95,2,2,2,32.65,,0.0,0.0,0,1.0,2,100.0,0.0,1,Watches Gifts,0,,,,,,,,,,
7ea5bfa6c340f58f8e71fc1f0412b0d6,BELO HORIZONTE,MG,98,11002.89,112.274387,104,9,98,1660.99,10.53125,0.3877551020408163,6.122448979591836,6,4.1020408163265305,98,10.204081632653061,53.06122448979592,3,Baby,0,,,,,,,,,,
7ecd59e5e20407131822c1a68ac59c1f,BRASILIA,DF,24,1466.71,61.112916,29,5,24,587.81,9.125,0.5,12.5,3,4.416666666666667,24,4.166666666666666,66.66666666666666,1,Stationery,0,,,,,,,,,,
7ecef8194babfec876ca720714327841,CAMPINAS,SP,7,990.5,141.5,8,5,7,123.76,8.285714285714286,0.0,0.0,0,4.285714285714286,7,0.0,28.57142857142857,3,Construction Tools Construction,0,,,,,,,,,,
7f02656561b680def9986c0795a8a080,SAO PAULO,SP,2,84.0,42.0,2,1,2,27.83,7.0,2.0,0.0,0,3.0,2,50.0,50.0,1,Housewares,0,,,,,,,,,,
7f152321c60a266edc53af1925ef96c1,CRICIUMA,SC,20,3919.8,195.99,20,3,20,552.12,19.4,0.25,30.0,6,3.8,20,20.0,60.0,1,Sports Leisure,0,,,,,,,,,,
7f2617c58d5d06806987308b45654351,SAO PAULO,SP,22,3656.8,166.218181,23,2,22,326.47,10.090909090909092,0.4090909090909091,9.090909090909092,2,3.8181818181818183,22,13.636363636363635,40.909090909090914,1,Sports Leisure,0,,,,,,,,,,
7f35f9daf223da737b78738fbae4d977,VALINHOS,SP,5,252.0,50.4,5,2,5,101.01,6.6,0.2,0.0,0,4.0,5,20.0,60.0,2,Diapers And Hygiene,0,,,,,,,,,,
7f40d06aa0b5f1aa4f41af8c0480e2ef,RIO CLARO,SP,6,1309.94,218.323333,6,4,6,125.68,3.1666666666666665,0.0,0.0,0,4.833333333333333,6,0.0,83.33333333333334,2,Toys,0,,,,,,,,,,
7f5e4d5efad7e44b91115dd1decb65f3,JACAREI / SAO PAULO,SP,3,179.9,59.966666,9,2,2,77.42,5.666666666666667,1.0,0.0,0,5.0,3,0.0,100.0,1,Computers Accessories,1,Organic Search,Reseller,Online Medium,Not Specified,Not Specified,0.0,0.0,0.0,0.0,98.0
7f7b8245c336066a1f9933c359f11d77,MOGI MIRIM,SP,38,2094.36,55.114736,43,12,38,535.87,4.7894736842105265,0.6842105263157895,2.631578947368421,1,4.552631578947368,38,5.263157894736842,76.31578947368422,8,Health Beauty,0,,,,,,,,,,
7fc87cc3e89b3d1d5cabdca32f8485aa,GUARULHOS,SP,14,2153.9,153.85,14,9,14,681.92,4.285714285714286,0.7142857142857143,21.428571428571427,3,3.5714285714285716,14,28.57142857142857,50.0,3,Office Furniture,1,Paid Search,Manufacturer,Offline,Cat,Not Specified,0.0,0.0,0.0,0.0,5.0
7fdb0720c8d7c9075538b365dc8c3a22,TOLEDO,PR,9,1804.0,200.444444,10,3,9,484.31,11.0,0.8888888888888888,11.11111111111111,1,2.4444444444444446,9,33.33333333333333,0.0,3,Furniture Bedroom,0,,,,,,,,,,
7fe21dd00d2f4943ae09525efa2fd674,RIO DE JANEIRO,RJ,4,299.6,74.9,4,4,4,57.36,2.5,1.25,0.0,0,3.0,4,50.0,50.0,2,Fashion Bags Accessories,0,,,,,,,,,,
7ff588a03c2aeae4fbd23f9ae64b760d,GUARULHOS,SP,14,1182.2,84.442857,16,11,14,221.18,4.071428571428571,0.14285714285714285,0.0,0,4.642857142857143,14,0.0,78.57142857142857,1,Auto,1,Paid Search,Reseller,Online Big,Cat,Not Specified,0.0,0.0,0.0,0.0,28.0
800214c63934acd05d47e84214db8ba8,JARAGUA DO SUL,SC,4,259.6,64.9,4,4,4,61.74,6.666666666666667,0.0,0.0,0,5.0,4,0.0,100.0,2,Luggage Accessories,0,,,,,,,,,,
80146bc52c4f6af5239b23de2a20262b,TABOAO DA SERRA,SP,1,27.1,27.1,2,1,1,49.68,,1.0,0.0,0,3.0,1,0.0,0.0,1,Furniture Decor,0,,,,,,,,,,
804287717b9156fb7a787acd9af4fac1,MARINGA,PR,1,18.8,18.8,1,1,1,15.1,4.0,0.0,0.0,0,5.0,1,0.0,100.0,1,Toys,0,,,,,,,,,,
8060d731897e33b5c5ae575ce1e209e1,BLUMENAU,SP,5,199.5,39.9,5,1,5,91.45,6.0,0.0,0.0,0,4.8,5,0.0,80.0,1,Sports Leisure,0,,,,,,,,,,
808d4348b916efa08e766ebad39f61eb,SAO PAULO,SP,21,731.1,34.814285,21,11,21,283.82,5.1,1.0,4.761904761904762,1,4.428571428571429,21,9.523809523809524,71.42857142857143,1,Perfumery,0,,,,,,,,,,
8090490573c6c0aa343a7231ebcb8c86,SAO PAULO - SP,SP,26,3871.12,148.88923,26,9,26,426.91,8.26923076923077,0.6538461538461539,7.6923076923076925,2,4.1923076923076925,26,11.538461538461538,65.38461538461539,4,Health Beauty,0,,,,,,,,,,
809413606dbfe5deefd2db646693ef67,SAO PAULO,SP,3,196.68,65.56,5,3,3,50.37,2.6666666666666665,1.3333333333333333,0.0,0,4.333333333333333,3,0.0,33.33333333333333,1,Food Drink,0,,,,,,,,,,
80ceebb4ee9b31afb6c6a916a574a1e2,LONDRINA,PR,1,6729.0,6729.0,1,1,1,193.21,12.0,2.0,100.0,1,1.0,1,100.0,0.0,1,Computers,0,,,,,,,,,,
80cfd480be3eb6d6267139f5cb793555,SAO PAULO,SP,1,99.9,99.9,1,1,1,26.44,8.0,0.0,0.0,0,4.0,1,0.0,0.0,1,Stationery,0,,,,,,,,,,
80e6699fe29150b372a0c8a1ebf7dcc8,PINHAIS,PR,98,11441.56,116.750612,100,32,98,2713.34,9.583333333333334,0.5463917525773195,3.061224489795918,3,4.285714285714286,98,8.16326530612245,61.224489795918366,4,Sports Leisure,0,,,,,,,,,,
80f2cf9abf6b5a0e5c612b5eea6646e6,SAO JOSE DO RIO PRETO,SP,7,766.08,109.44,7,7,7,288.7,9.0,0.14285714285714285,14.285714285714285,1,4.428571428571429,7,14.285714285714285,85.71428571428571,2,Baby,0,,,,,,,,,,
8132b9bd16876e1b0f8808d43825dd48,FLORIANOPOLIS,SC,2,727.9,363.95,3,2,2,41.04,13.0,1.5,0.0,0,3.0,2,50.0,50.0,1,Sports Leisure,0,,,,,,,,,,
813348c996469b40f2e028d5429d3495,JUNDIAI,SP,179,11205.83,62.602402,202,4,178,3594.6,8.19186046511628,0.39664804469273746,4.4692737430167595,8,3.988826815642458,179,12.849162011173185,56.424581005586596,1,Housewares,0,,,,,,,,,,
81336a0f57a33776419727a300249e90,SAO CARLOS,SP,16,1374.85,85.928125,19,10,16,296.03,9.266666666666667,0.3125,12.5,2,3.875,16,12.5,56.25,2,Sports Leisure,0,,,,,,,,,,
8160255418d5aaa7dbdc9f4c64ebda44,IBITINGA,SP,385,47017.69,122.12387,431,57,383,7853.81,12.18421052631579,0.41818181818181815,13.506493506493506,52,3.9272727272727272,385,14.025974025974024,50.12987012987013,4,Bed Bath Table,0,,,,,,,,,,
817245bcc3badd82bbd222e0366951a6,BAURU,SP,29,5580.5,192.431034,45,4,29,722.58,11.107142857142858,0.3448275862068966,3.4482758620689653,1,3.9310344827586206,29,10.344827586206897,41.37931034482759,1,Auto,0,,,,,,,,,,
81783131d2a97c8d44d406a4be81b5d9,SOROCABA,SP,13,1782.54,137.118461,15,5,13,195.04,4.5,0.3076923076923077,0.0,0,3.3076923076923075,13,38.46153846153847,53.84615384615385,3,Toys,0,,,,,,,,,,
817f85dbb65aa3e70831d90fe75cdf89,TIETE,SP,11,1552.27,141.115454,11,6,11,231.62,3.3636363636363638,0.36363636363636365,0.0,0,4.545454545454546,11,0.0,63.63636363636363,2,Toys,0,,,,,,,,,,
8185694b58b2ba6de20fd41ae608bbea,TABAO DA SERRA,SP,8,1372.3,171.5375,8,8,8,230.27,7.5,0.625,0.0,0,4.5,8,0.0,62.5,2,Furniture Decor,0,,,,,,,,,,
818d28f936e791926d33bcb6ee94ef79,SAO PAULO,SP,5,139.5,27.9,5,5,5,77.2,9.75,0.6,0.0,0,3.6,5,20.0,40.0,1,Telephony,0,,,,,,,,,,
81a1104df0f08b59c68aa5b03cfe398e,SAO JOSE DOS PINHAIS,PR,73,9420.88,129.05315,73,17,73,1814.39,10.48611111111111,0.7945205479452054,4.10958904109589,3,4.260273972602739,73,8.21917808219178,61.64383561643836,1,Garden Tools,0,,,,,,,,,,
81ed90f07c0bacb7594940ba2ef676aa,DIVINOPOLIS,MG,2,223.9,111.95,2,2,2,33.56,8.0,1.0,0.0,0,4.5,2,0.0,50.0,1,Bed Bath Table,0,,,,,,,,,,
81f89e42267213cb94da7ddc301651da,PRESIDENTE PRUDENTE,SP,46,3955.0,85.97826,52,4,46,766.18,4.6521739130434785,0.391304347826087,0.0,0,3.6739130434782608,46,17.391304347826086,32.608695652173914,3,Perfumery,0,,,,,,,,,,
820c7c9eaf76d2b226b6c242bcf3f34d,SAO PAULO,SP,1,559.0,559.0,1,1,1,18.0,16.0,2.0,0.0,0,4.0,1,0.0,0.0,1,Home Appliances 2,0,,,,,,,,,,
820cc752a266cdc6c1a1e61dd4583330,MARINGA,PR,15,2802.8,186.853333,15,4,15,275.97,8.6,0.6,6.666666666666667,1,4.133333333333334,15,6.666666666666667,46.666666666666664,3,Small Appliances,0,,,,,,,,,,
821fb029fc6e495ca4f08a35d51e53a5,SAO PAULO,SP,28,19187.42,685.265,29,10,27,1552.83,14.5,0.6785714285714286,28.57142857142857,8,3.3214285714285716,28,35.714285714285715,42.857142857142854,4,Sports Leisure,0,,,,,,,,,,
822166ed1e47908f7cfb49946d03c726,TRES RIOS,RJ,69,3714.83,53.838115,108,34,68,1821.12,9.144927536231885,0.6811594202898551,1.4492753623188406,1,3.9420289855072466,69,17.391304347826086,59.42028985507246,3,Bed Bath Table,0,,,,,,,,,,
822b63912576852aea9a8436d72317b7,MOGI GUACU,SP,8,4905.69,613.21125,9,5,8,191.38,7.833333333333333,0.75,0.0,0,3.875,8,25.0,62.5,1,Consoles Games,0,,,,,,,,,,
822bad9bc42b51213ba522fe87b7ab5d,BALNEARIO CAMBORIU,SC,18,5160.0,286.666666,18,7,18,527.34,21.0,0.6666666666666666,27.77777777777778,5,4.111111111111111,18,5.555555555555555,55.55555555555556,4,Telephony,0,,,,,,,,,,
827f8f69dfa529c561901c4f2e0f332f,CURITIBA,PR,91,3408.39,37.454835,104,60,91,1595.57,7.923076923076923,0.3626373626373626,6.593406593406594,6,4.208791208791209,91,7.6923076923076925,64.83516483516483,7,Fashion Shoes,0,,,,,,,,,,
82921991ff5b557b045605b8bbf08d49,SAO PAULO,SP,1,18.9,18.9,1,1,1,18.23,3.0,0.0,0.0,0,5.0,1,0.0,100.0,1,Telephony,0,,,,,,,,,,
82bd0703a4aefd6b599e5bfdaed378fb,MARILIA,SP,21,2692.28,128.203809,24,16,21,392.56,6.9,0.6190476190476191,4.761904761904762,1,3.9047619047619047,21,19.047619047619047,57.14285714285714,4,Health Beauty,0,,,,,,,,,,
82cb9f452fe8334df74b22d37824b431,CAXIAS DO SUL,RS,14,838.2,59.871428,18,8,14,317.06,6.0,0.7142857142857143,0.0,0,4.714285714285714,14,0.0,71.42857142857143,3,Small Appliances,0,,,,,,,,,,
82e0a475a88cc9595229d8029273f045,SAO PAULO,SP,42,10930.02,260.238571,80,39,42,1485.9,12.268292682926829,0.5952380952380952,9.523809523809524,4,3.642857142857143,42,23.809523809523807,50.0,2,Furniture Decor,0,,,,,,,,,,
830379336fad8c6f3b15a4a3ddb5c66e,SAO PAULO,SP,2,268.0,134.0,4,2,2,170.38,4.0,1.5,0.0,0,4.5,2,0.0,50.0,1,Kitchen Dining Laundry Garden Furniture,0,,,,,,,,,,
83353a83fd769dfafa4f21a72b15e3e5,SAO PAULO,SP,5,579.5,115.9,5,5,5,94.83,14.4,0.6,20.0,1,3.8,5,20.0,60.0,1,Sports Leisure,0,,,,,,,,,,
834f3294fba9f932f56edc879193f925,ARARAQUARA,SP,66,39907.5,604.65909,66,3,66,4299.92,11.151515151515152,0.6818181818181818,6.0606060606060606,4,4.545454545454546,66,3.0303030303030303,71.21212121212122,2,Cool Stuff,0,,,,,,,,,,
834f8533b2ecb6598dd004ff3de7203a,SAO PAULO,SP,43,4538.29,105.541627,47,26,43,958.02,7.097560975609756,0.5116279069767442,13.953488372093023,6,3.813953488372093,43,18.6046511627907,48.837209302325576,5,Pet Shop,0,,,,,,,,,,
835f0f7810c76831d6c7d24c7a646d4d,SAO PAULO,SP,44,5130.0,116.590909,50,19,44,964.03,8.476190476190476,0.25,25.0,11,3.340909090909091,44,29.545454545454547,40.909090909090914,2,Housewares,0,,,,,,,,,,
83645b1645cdee8953ee54c29ceed564,SANTA TEREZINHA DE ITAIPU,PR,14,978.9,69.921428,14,11,14,266.2,9.071428571428571,0.21428571428571427,0.0,0,4.428571428571429,14,0.0,64.28571428571429,3,Baby,0,,,,,,,,,,
8378eb36b6b70c5734e83ad7b8cdc3b7,ITAJAI,SC,7,1714.8,244.971428,13,3,7,241.87,9.857142857142858,1.0,14.285714285714285,1,3.857142857142857,7,14.285714285714285,57.14285714285714,2,Home Construction,0,,,,,,,,,,
83a75eea11694e36e56dd0cb2240229a,AMPARO,SP,3,487.0,162.333333,3,1,3,42.47,1.3333333333333333,0.3333333333333333,0.0,0,5.0,3,0.0,100.0,1,Not Specified,0,,,,,,,,,,
83b08de96980757220871b31bf6cffca,RIO DE JANEIRO,RJ,5,1304.17,260.834,7,4,5,454.21,9.8,0.0,20.0,1,4.0,5,20.0,60.0,1,Construction Tools Construction,0,,,,,,,,,,
83c465a786b06574376909b35ef6752a,SAO CARLOS,SP,3,281.4,93.8,3,2,3,49.06,2.3333333333333335,0.3333333333333333,0.0,0,5.0,3,0.0,100.0,1,Bed Bath Table,1,Paid Search,Not Specified,Offline,Eagle,Not Specified,0.0,0.0,0.0,0.0,4.0
83c8aafbefb034674a70de0eac5b8954,FRANCISCO BELTRAO,PR,2,134.9,67.45,2,2,2,50.97,4.5,0.5,0.0,0,5.0,2,0.0,100.0,1,Auto,0,,,,,,,,,,
83d458c0d6d4f94295d63f091460bd60,VILA VELHA,SP,1,89.9,89.9,1,1,1,15.84,,1.0,0.0,0,5.0,1,0.0,100.0,1,Toys,0,,,,,,,,,,
83d7070a0b9a8b4625fa8682b819fabb,COTIA,SP,2,694.77,347.385,2,2,2,127.63,,0.0,0.0,0,1.0,2,100.0,0.0,1,Fashion Bags Accessories,0,,,,,,,,,,
83deb69e889cf80f82be1dc6d5f2d486,FLORIANOPOLIS,SC,40,5363.01,134.07525,42,14,40,913.64,10.925,0.675,5.0,2,4.325,40,5.0,72.5,1,Musical Instruments,0,,,,,,,,,,
83e197e95a1bbabc8c75e883ed016c47,MAGE,RJ,47,6693.69,142.418936,55,19,47,986.37,8.391304347826088,0.3617021276595745,2.127659574468085,1,4.808510638297872,47,2.127659574468085,89.36170212765957,2,Books General Interest,0,,,,,,,,,,
83f2b4881141ce3fcd4e985125d3279e,RIBEIRAO PRETO,SP,3,60.7,20.233333,3,3,3,40.68,13.333333333333334,0.6666666666666666,0.0,0,5.0,3,0.0,100.0,1,Baby,0,,,,,,,,,,
8444e55c1f13cd5c179851e5ca5ebd00,CONGONHAL,MG,99,22873.21,231.042525,109,54,98,2078.06,10.23913043478261,0.32323232323232326,6.0606060606060606,6,3.2626262626262625,99,31.313131313131315,36.36363636363637,12,Perfumery,0,,,,,,,,,,
845e8036c3f7bf62099352f5ed910240,RIO DE JANEIRO,RJ,21,1584.6,75.457142,24,18,21,460.64,5.809523809523809,0.5714285714285714,0.0,0,3.9523809523809526,21,9.523809523809524,52.38095238095239,2,Bed Bath Table,1,Other,Reseller,Online Big,Cat,Not Specified,0.0,0.0,0.0,0.0,0.0
8476243f92442881ddd5b578975cf115,CAMPO BOM,RS,12,7838.0,653.166666,12,4,12,275.03,12.0,0.4166666666666667,8.333333333333332,1,4.083333333333333,12,16.666666666666664,66.66666666666666,3,Health Beauty,1,Other,Reseller,Online Big,Not Specified,Not Specified,0.0,0.0,0.0,0.0,4.0
84c945f15571830c1a91a33978e94009,SAO PAULO,SP,2,51.98,25.99,2,1,2,26.06,6.0,0.0,0.0,0,4.5,2,0.0,50.0,1,Housewares,0,,,,,,,,,,
84deb808079d1be601c209c1e771b1cc,CURITIBA,PR,2,34.93,17.465,2,2,2,23.21,5.0,2.0,0.0,0,5.0,2,0.0,100.0,1,Health Beauty,0,,,,,,,,,,
8501d82f68d23148b6d78bb7c4a42037,BLUMENAU,SC,1,19.7,19.7,1,1,1,10.96,,0.0,0.0,0,1.0,1,100.0,0.0,1,Auto,0,,,,,,,,,,
85044848b1b767db2a4a58526adef4b4,OSASCO,SP,4,240.6,60.15,4,3,4,64.91,7.25,0.25,0.0,0,3.25,4,25.0,0.0,3,Telephony,1,Referral,Reseller,Offline,Not Specified,Not Specified,0.0,0.0,0.0,0.0,11.0
850857dfac77488c307e2b1cbd84ab5a,CASCAVEL,PR,1,1599.0,1599.0,1,1,1,39.72,2.0,0.0,0.0,0,5.0,1,0.0,100.0,1,Air Conditioning,0,,,,,,,,,,
850913d59ce317156b00f3705f1c3edb,ATIBAIA,SP,32,2690.0,84.0625,34,9,32,580.96,7.517241379310345,0.53125,15.625,5,3.4375,32,18.75,43.75,2,Telephony,1,Paid Search,Reseller,Online Medium,Not Specified,Not Specified,0.0,0.0,0.0,0.0,2.0
850f4f8af5ea87287ac68de36e29107f,SAO PAULO,SP,187,45355.36,242.542032,192,42,187,3114.41,8.682795698924732,0.46524064171123,4.81283422459893,9,4.283422459893048,187,6.951871657754011,62.03208556149733,4,Toys,0,,,,,,,,,,
851773c885feb5e2da3b4f82bc2b17ce,LENCOIS PAULISTA,SP,10,585.3,58.53,10,8,10,251.83,15.1,0.4,20.0,2,4.2,10,10.0,60.0,1,Health Beauty,0,,,,,,,,,,
855668e0971d4dfd7bef1b6a4133b41b,ITATIBA,SP,312,32208.16,103.231282,327,73,309,7797.2,9.986666666666666,0.5096153846153846,12.179487179487179,38,3.7435897435897436,312,16.98717948717949,48.717948717948715,3,Baby,0,,,,,,,,,,
8581055ce74af1daba164fdbd55a40de,GUARULHOS,SP,387,64925.3,167.765633,435,32,377,9659.0,9.973614775725594,0.4599483204134367,8.010335917312661,31,4.255813953488372,387,8.010335917312661,62.7906976744186,1,Auto,0,,,,,,,,,,
85cc55e048b6bcc90c75afe7f0e72f72,BARRA MANSA,RJ,9,308.28,34.253333,9,6,9,193.48,11.444444444444445,0.7777777777777778,22.22222222222222,2,4.444444444444445,9,11.11111111111111,77.77777777777779,5,Computers Accessories,0,,,,,,,,,,
85d9eb9ddc5d00ca9336a2219c97bb13,BELO HORIZONTE,MG,509,15415.24,30.285343,522,64,507,8614.34,7.478957915831663,0.6856581532416502,2.161100196463654,11,4.170923379174853,509,7.662082514734774,55.79567779960707,6,Computers Accessories,0,,,,,,,,,,
85e7c62c1d6ea078c3897424f867a7c8,ITAPEMA,SC,2,60.0,30.0,2,2,2,27.7,4.0,1.0,0.0,0,4.5,2,0.0,50.0,1,Pet Shop,0,,,,,,,,,,
85ecf03781da592876b7844acc1b729f,SAO PAULO,SP,2,251.0,125.5,2,2,2,43.9,13.0,2.0,50.0,1,4.5,2,0.0,50.0,1,Health Beauty,1,Organic Search,Reseller,Online Medium,Cat,Not Specified,0.0,0.0,0.0,0.0,13.0
8602a61d680a10a82cceeeda0d99ea3d,SAO PAULO,SP,17,826.99,48.64647,19,10,17,252.91,5.9411764705882355,0.058823529411764705,0.0,0,4.411764705882353,17,5.88235294117647,70.58823529411765,1,Fashion Bags Accessories,0,,,,,,,,,,
8603f0038fe0e52fedd3382d266723de,GAROPABA,SC,10,2355.0,235.5,10,9,7,490.12,8.2,0.5,0.0,0,4.4,10,10.0,70.0,5,Home Appliances 2,0,,,,,,,,,,
8629a7efec1aab257e58cda559f03ba7,GOIANIA,GO,1,45.22,45.22,1,1,1,18.89,34.0,0.0,100.0,1,1.0,1,100.0,0.0,1,Computers Accessories,0,,,,,,,,,,
8629c241b3622ac12cd4118afdc8d394,RIBEIRAO PRETO,SP,13,1167.66,89.82,13,6,13,334.36,11.76923076923077,0.38461538461538464,7.6923076923076925,1,4.076923076923077,13,15.384615384615385,53.84615384615385,3,Perfumery,0,,,,,,,,,,
863d2ebcd347ce4922de7a0f9a5581d6,RIO DE JANEIRO,RJ,18,1382.36,76.797777,19,8,18,308.81,9.705882352941176,0.8333333333333334,11.11111111111111,2,3.888888888888889,18,16.666666666666664,44.44444444444444,1,Auto,0,,,,,,,,,,
8648b1e89e9b349e32d3741b30ec737e,JACAREI,SP,95,7442.55,78.342631,103,56,93,1503.5,7.645161290322581,0.25263157894736843,9.473684210526317,9,4.094736842105263,95,14.736842105263156,64.21052631578948,4,Construction Tools Construction,0,,,,,,,,,,
86649b1632b1c0e6c0bcb2c90a8b75d8,MEDIANEIRA,PR,1,59.99,59.99,1,1,1,17.67,,4.0,0.0,0,1.0,1,100.0,0.0,1,Health Beauty,0,,,,,,,,,,
866558b3bccef2dbc6d29a2b5995016f,ARAPONGAS,PR,5,1519.4,303.88,6,4,5,351.35,9.2,0.0,0.0,0,4.8,5,0.0,80.0,2,Furniture Decor,0,,,,,,,,,,
86bb7c4b535e49a541baf3266b1c95b1,FRANCA,SP,16,8162.4,510.15,16,5,16,324.82,15.625,0.625,18.75,3,3.0625,16,25.0,25.0,1,Toys,0,,,,,,,,,,
86bf77bdb52e615674772d5817c6212f,VIAMAO,RS,4,281.8,70.45,5,3,4,97.58,5.5,1.0,0.0,0,4.75,4,0.0,75.0,2,Health Beauty,0,,,,,,,,,,
86ccac0b835037332a596a33b6949ee1,BLUMENAU,SC,180,16619.93,92.332944,210,72,179,3968.67,9.168539325842696,0.7444444444444445,2.2222222222222223,4,4.183333333333334,180,10.555555555555555,61.111111111111114,3,Watches Gifts,0,,,,,,,,,,
86ff3eaef0267069cc891a2ed9d10a17,PALHOCA,SC,7,409.75,58.535714,7,7,7,140.61,7.285714285714286,0.8571428571428571,0.0,0,4.714285714285714,7,0.0,85.71428571428571,2,Sports Leisure,1,Other,Reseller,Online Medium,Cat,Not Specified,0.0,0.0,0.0,0.0,5.0
870d0118f7a9d85960f29ad89d5d989a,POCOS DE CALDAS,MG,45,3157.2,70.16,61,18,43,1270.83,11.822222222222223,0.5111111111111111,4.444444444444445,2,4.044444444444444,45,8.88888888888889,48.888888888888886,2,Furniture Living Room,0,,,,,,,,,,
87142160b41353c4e5fca2360caf6f92,PORTO ALEGRE,RS,305,31095.98,101.954032,339,56,302,7218.33,7.950819672131147,0.6196721311475409,3.934426229508197,12,4.4,305,4.918032786885246,64.91803278688525,8,Computers Accessories,0,,,,,,,,,,
8759e7aedd644f487315e5860962f162,SANTO ANDRE,SP,3,627.0,209.0,3,1,3,166.34,28.333333333333332,1.3333333333333333,33.33333333333333,1,3.6666666666666665,3,33.33333333333333,66.66666666666666,1,Home Appliances,0,,,,,,,,,,
876182d1918783bbe15233febfbd4926,SAO PAULO,SP,3,120.27,40.09,3,3,3,34.73,2.3333333333333335,1.3333333333333333,0.0,0,4.0,3,0.0,33.33333333333333,2,Computers Accessories,0,,,,,,,,,,
87b4428a334b8f676fd9a7f3bf544fb5,GUAIMBE,SP,1,29.99,29.99,1,1,1,18.99,5.0,0.0,0.0,0,5.0,1,0.0,100.0,1,Health Beauty,0,,,,,,,,,,
87b740daf17b5d1be335a64164ec6842,SUZANO,SP,13,14699.87,1130.75923,13,9,13,1482.51,13.545454545454545,0.23076923076923078,7.6923076923076925,1,3.3076923076923075,13,30.76923076923077,23.076923076923077,1,Sports Leisure,0,,,,,,,,,,
87d30a6a0cbf89356e49324971ab1d24,SAO PAULO,SP,17,2134.13,125.537058,17,12,17,215.78,8.882352941176471,0.4117647058823529,5.88235294117647,1,4.352941176470588,17,11.76470588235294,70.58823529411765,1,Toys,0,,,,,,,,,,
87d3c3aeb3ead335511b3ce315eb341e,SAO PAULO,SP,15,749.35,49.956666,15,11,15,213.71,5.066666666666666,0.5333333333333333,6.666666666666667,1,3.3333333333333335,15,26.666666666666668,40.0,2,Toys,1,Direct Traffic,Reseller,Offline,Cat,Not Specified,0.0,0.0,0.0,0.0,5.0
87d73636a3acf123e842bb890a4db036,NHANDEARA,SP,1,269.9,269.9,1,1,1,43.71,11.0,1.0,0.0,0,5.0,1,0.0,100.0,1,Furniture Bedroom,1,Paid Search,Manufacturer,Online Medium,Eagle,Not Specified,0.0,0.0,0.0,0.0,188.0
87e24fc7052259b1f7f607d61c10d8be,SAO PAULO,SP,8,7473.49,934.18625,8,7,8,236.37,6.857142857142857,0.25,12.5,1,3.5,8,25.0,37.5,3,Telephony,0,,,,,,,,,,
87f3e35268860433e13d577825aada95,BOM JESUS DOS PERDOES,SP,3,161.7,53.9,3,3,3,41.78,5.0,1.3333333333333333,0.0,0,1.0,3,100.0,0.0,1,Furniture Decor,0,,,,,,,,,,
880ce4951cf857ab1d9e0b75c1d856f4,BELO HORIZONT,MG,1,178.9,178.9,1,1,1,18.82,11.0,0.0,0.0,0,5.0,1,0.0,100.0,1,Auto,1,Organic Search,Reseller,Industry,Not Specified,Not Specified,0.0,0.0,0.0,0.0,1.0
880eda903e719a5f179f7e9fceb3a69d,IPUA,SP,1,249.0,249.0,1,1,1,42.72,,0.0,0.0,0,1.0,1,100.0,0.0,1,Pet Shop,0,,,,,,,,,,
883dd81e82754ac2c65e9790a7db8c9a,CURITIBA,PR,5,319.5,63.9,5,4,5,74.96,5.4,0.4,0.0,0,4.4,5,0.0,80.0,2,Sports Leisure,0,,,,,,,,,,
88460e8ebdecbfecb5f9601833981930,MARINGA,PR,248,31546.55,127.20383,302,12,242,4996.55,9.922764227642276,0.45161290322580644,16.93548387096774,42,3.403225806451613,248,27.419354838709676,40.32258064516129,1,Computers Accessories,0,,,,,,,,,,
888faa8bfb0b159c37de6d898b961c31,BRACO DO NORTE,SC,19,2418.3,127.278947,23,14,19,526.7,7.052631578947368,0.15789473684210525,0.0,0,4.2105263157894735,19,5.263157894736842,57.89473684210527,8,Sports Leisure,0,,,,,,,,,,
889009a0ed0bb52c87819941192931b8,LENCOIS PAULISTA,SP,1,89.9,89.9,1,1,1,33.08,11.0,1.0,0.0,0,4.0,1,0.0,0.0,1,Health Beauty,0,,,,,,,,,,
88ae906ea2acf6971f26c3e8b7cb4357,SAO PAULO,SP,3,246.0,82.0,3,1,3,42.01,11.333333333333334,0.0,33.33333333333333,1,3.3333333333333335,3,0.0,0.0,1,Perfumery,0,,,,,,,,,,
88af55b4a7ca402b27df16f7c7c9b5d2,TABOAO DA SERRA,SP,1,130.0,130.0,1,1,1,11.52,,0.0,0.0,0,1.0,1,100.0,0.0,1,Cool Stuff,0,,,,,,,,,,
88cd3681e0a2ba85e190f7d817629c4c,BRUSQUE,SC,1,180.0,180.0,1,1,1,19.36,5.0,0.0,0.0,0,4.0,1,0.0,0.0,1,Auto,1,Paid Search,Reseller,Online Big,Eagle,Not Specified,0.0,0.0,0.0,0.0,237.0
88cf19ec1fc2c58f161aee259d57142c,SAO CARLOS,SP,14,1372.97,98.069285,14,11,13,234.71,4.785714285714286,0.42857142857142855,0.0,0,4.5,14,0.0,57.14285714285714,3,Small Appliances Home Oven And Coffee,1,Organic Search,Reseller,Online Big,Cat,Not Specified,0.0,0.0,0.0,0.0,15.0
88ef59b51bdaa941d10a853429f2b6ce,GUARATUBA,PR,2,252.9,126.45,2,2,2,41.8,4.0,1.0,0.0,0,2.0,2,50.0,0.0,1,Agro Industry And Commerce,1,Organic Search,Reseller,Online Medium,Cat,Not Specified,0.0,0.0,0.0,0.0,2.0
891071be6ba827b591264c90c2ae8a63,SAO PAULO,SP,92,4177.28,45.405217,98,31,92,1277.07,9.658823529411764,0.7282608695652174,13.043478260869565,12,3.7717391304347827,92,20.652173913043477,53.2608695652174,10,Fashion Bags Accessories,0,,,,,,,,,,
8931a84a914b3fe9b1ddaa4d704947ca,SAO PAULO,SP,29,4668.3,160.975862,32,16,28,424.59,7.448275862068965,0.8620689655172413,6.896551724137931,2,4.103448275862069,29,13.793103448275861,62.06896551724138,1,Perfumery,0,,,,,,,,,,
8936ba0de1073ee888cb3185ae5dc661,SAO PAULO,SP,1,389.99,389.99,1,1,1,22.22,7.0,2.0,0.0,0,5.0,1,0.0,100.0,1,Garden Tools,0,,,,,,,,,,
897060da8b9a21f655304d50fd935913,RIBEIRAO PRETO,SP,317,23023.92,72.630662,430,106,313,6863.55,11.726973684210526,0.6435331230283912,10.094637223974763,32,3.6056782334384856,317,20.82018927444795,43.217665615141954,4,Computers Accessories,0,,,,,,,,,,
89757206b887aed36f3e18d858460fea,SAO PAULO,SP,2,120.5,60.25,2,2,2,55.64,9.0,0.5,0.0,0,5.0,2,0.0,100.0,1,Stationery,1,Other,Reseller,Online Medium,Wolf,Not Specified,0.0,0.0,0.0,0.0,5.0
89a51f50b8095ea78d5768f34c13a76f,BRASILIA,DF,10,677.16,67.716,11,10,10,177.1,5.6,0.7,0.0,0,4.7,10,0.0,70.0,1,Perfumery,1,Paid Search,Reseller,Online Small,Not Specified,Not Specified,0.0,0.0,0.0,0.0,223.0
89ad3263c0931c47f976d7c5778e60f6,SAO PAULO,SP,6,568.2,94.7,6,5,6,131.54,4.5,0.5,0.0,0,4.166666666666667,6,16.666666666666664,66.66666666666666,1,Baby,0,,,,,,,,,,
89bc797e2e29667aa035d4368f9b7f92,SAO PAULO,SP,17,407.3,23.958823,20,12,17,252.15,6.875,0.7647058823529411,17.647058823529413,3,3.7058823529411766,17,23.52941176470588,47.05882352941176,1,Telephony,0,,,,,,,,,,
89c127985a8b130cfa45c1d36764017a,OSASCO,SP,7,1419.57,202.795714,7,6,7,120.63,6.5,0.42857142857142855,0.0,0,3.142857142857143,7,42.857142857142854,42.857142857142854,5,Cool Stuff,0,,,,,,,,,,
89d9a386b0b6e5fc8403071b03f7206a,SAO PAULO,SP,2,167.0,83.5,5,1,2,68.25,8.5,0.0,0.0,0,4.0,2,0.0,50.0,1,Not Specified,0,,,,,,,,,,
89dda63a3c907c468ec88c310ed91213,MAUA/SAO PAULO,SP,2,734.99,367.495,2,2,2,42.14,23.0,1.0,0.0,0,3.0,2,50.0,50.0,1,Computers Accessories,0,,,,,,,,,,
89de2d6f23e9746ff309705b23581faa,LONDRINA,PR,8,340.0,42.5,8,4,8,160.08,26.625,0.625,0.0,0,2.5,8,62.5,37.5,1,Books Technical,0,,,,,,,,,,
89f69225956f951295ca4c7fb1266553,VASSOURAS,RJ,11,1041.3,94.663636,12,8,11,277.41,7.363636363636363,0.45454545454545453,0.0,0,4.2727272727272725,11,9.090909090909092,63.63636363636363,5,Toys,0,,,,,,,,,,
8a130737016f838139d31878787a39c9,SAO PAULO,SP,56,4222.03,75.393392,62,7,56,842.29,7.875,0.5714285714285714,7.142857142857142,4,4.446428571428571,56,3.571428571428571,64.28571428571429,2,Home Construction,0,,,,,,,,,,
8a1ff5c35f6595a73fef4c7b96e4908a,SAO  JOSE DOS PINHAIS,PR,2,1598.0,799.0,2,1,2,284.8,6.0,1.0,0.0,0,5.0,2,0.0,100.0,1,Baby,0,,,,,,,,,,
8a207b6080964f3c1fc9d35bd6096ba4,JACI,SP,2,553.7,276.85,3,2,2,176.34,20.0,1.0,50.0,1,5.0,2,0.0,100.0,2,Furniture Bedroom,0,,,,,,,,,,
8a2d12a90e92f012ce5226fc6592b653,CURITIBA,PR,18,1594.65,88.591666,18,13,18,338.97,6.833333333333333,0.5555555555555556,0.0,0,4.388888888888889,18,11.11111111111111,72.22222222222221,2,Housewares,0,,,,,,,,,,
8a32e327fe2c1b3511609d81aaf9f042,SAO PAULO,SP,132,6429.01,48.704621,180,53,130,2363.03,6.587301587301587,0.4393939393939394,3.0303030303030303,4,3.840909090909091,132,15.151515151515152,50.0,2,Furniture Decor,0,,,,,,,,,,
8a40ae794fa3f9892cee24bd5af0488b,CURITIBA,PR,6,739.85,123.308333,6,4,5,206.41,21.666666666666668,1.5,33.33333333333333,2,3.1666666666666665,6,33.33333333333333,33.33333333333333,3,Telephony,0,,,,,,,,,,
8a43128d7f9a3db592b866e6861a6cce,SAO PAULO,SP,3,990.6,330.2,4,3,3,67.89,5.333333333333333,0.3333333333333333,0.0,0,2.3333333333333335,3,66.66666666666666,33.33333333333333,3,Auto,0,,,,,,,,,,
8a432f4e5b471f8da497d7dc517666e2,PRESIDENTE PRUDENTE,SP,95,7555.0,79.526315,106,48,95,1965.11,6.463157894736842,0.5052631578947369,2.1052631578947367,2,4.157894736842105,95,10.526315789473683,61.05263157894737,3,Bed Bath Table,1,Organic Search,Reseller,Online Big,Cat,Not Specified,0.0,0.0,0.0,0.0,13.0
8a87611c08849ffeeccab52aa798b6c7,CURITIBA,PR,13,2369.8,182.292307,14,7,13,485.32,2.8333333333333335,0.46153846153846156,0.0,0,2.769230769230769,13,46.15384615384615,30.76923076923077,4,Garden Tools,0,,,,,,,,,,
8a8835a43bda99fd37310ad76c457510,SAO CAETANO DO SUL,SP,2,224.34,112.17,3,2,2,34.2,3.5,1.5,0.0,0,4.5,2,0.0,50.0,1,Auto,1,Referral,Reseller,Online Big,Cat,Not Specified,0.0,0.0,0.0,0.0,30.0
8a9260f2b0340411d6d2a56bcf4f7378,CONTAGEM,MG,8,1256.0,157.0,9,4,8,140.94,7.375,0.75,0.0,0,4.75,8,0.0,75.0,4,Food,0,,,,,,,,,,
8ab42aa58097fd4668d60cc648225d5f,GOIANIA,GO,20,2616.75,130.8375,26,15,20,593.64,6.9,0.25,0.0,0,4.2,20,5.0,55.00000000000001,2,Bed Bath Table,0,,,,,,,,,,
8ae520247981aa06bc94abddf5f46d34,NAVEGANTES,SC,65,16320.99,251.092153,65,50,65,1445.35,9.553846153846154,0.46153846153846156,0.0,0,4.446153846153846,65,6.153846153846154,70.76923076923077,4,Watches Gifts,0,,,,,,,,,,
8b11118053756a9a2932f447e11fc1b5,IGARACU DO TIETE,SP,1,79.99,79.99,1,1,1,11.17,3.0,0.0,0.0,0,3.0,1,0.0,0.0,1,Fixed Telephony,0,,,,,,,,,,
8b181ee5518df84f18f4e1a43fe07923,GOIOERE,SP,1,27.9,27.9,1,1,1,27.08,8.0,0.0,0.0,0,5.0,1,0.0,100.0,1,Health Beauty,1,Other,Reseller,Online Medium,Shark,Not Specified,0.0,0.0,0.0,0.0,34.0
8b2492b7ff4468839593fafeed55bad9,SAO GONCALO,RJ,29,3660.08,126.209655,45,15,29,676.18,10.344827586206897,0.4482758620689655,6.896551724137931,2,4.172413793103448,29,13.793103448275861,68.96551724137932,1,Health Beauty,0,,,,,,,,,,
8b28d096634035667e8263d57ba3368c,SAO JOSE DOS CAMPOS,SP,143,9375.7,65.564335,155,49,142,2591.45,11.18705035971223,0.5104895104895105,10.48951048951049,15,3.958041958041958,143,13.986013986013987,52.44755244755245,14,Health Beauty,0,,,,,,,,,,
8b2d4ab22f42c5cfc338b846decfda60,FAZENDA RIO GRANDE,PR,6,458.0,76.333333,9,3,6,185.32,12.333333333333334,0.5,0.0,0,4.833333333333333,6,0.0,83.33333333333334,2,Sports Leisure,0,,,,,,,,,,
8b321bb669392f5163d04c59e235e066,SAO PAULO,SP,943,17535.69,18.595641,1018,104,938,14156.36,10.237634408602151,0.5291622481442205,8.589607635206786,81,4.06998939554613,943,11.876988335100743,56.733828207847296,11,Electronics,0,,,,,,,,,,
8b655f0855926bcb49f5835d38dfddf6,OSASCO,SP,5,1089.5,217.9,5,3,5,73.31,3.6,0.0,0.0,0,4.8,5,0.0,80.0,1,Stationery,0,,,,,,,,,,
8b87cd0d43d49b9bdf40f56229364d59,SAO PAULO,SP,5,1552.9,310.58,5,5,5,301.0,10.5,0.4,0.0,0,2.6,5,60.0,40.0,2,Baby,0,,,,,,,,,,
8b8cfc8305aa441e4239358c9f6f2485,LONDRINA,PR,15,11892.0,792.8,15,6,15,1218.7,9.533333333333333,0.4666666666666667,13.333333333333334,2,4.2,15,6.666666666666667,66.66666666666666,2,Cool Stuff,0,,,,,,,,,,
8b9d6eec4a7eb7d0f9d579ce0b38324d,MESQUITA,RJ,49,4232.54,86.378367,53,7,48,1684.44,7.958333333333333,0.3877551020408163,14.285714285714285,7,4.0,49,12.244897959183673,53.06122448979592,2,Furniture Living Room,0,,,,,,,,,,
8bb48dc19fccaa8613b6229bf7f452a2,ASSIS,SP,82,4190.72,51.106341,95,47,82,1857.4,9.182926829268293,0.5,2.4390243902439024,2,4.414634146341464,82,6.097560975609756,67.07317073170732,4,Costruction Tools Garden,0,,,,,,,,,,
8bd0e3abda539b9479c4b44a691be1ec,TRES DE MAIO,RS,7,596.55,85.221428,13,7,7,248.79,9.5,0.14285714285714285,28.57142857142857,2,2.2857142857142856,7,57.14285714285714,14.285714285714285,1,Health Beauty,0,,,,,,,,,,
8bd0f31cf0a614c658f6763bd02dea69,SAO PAULO,SP,33,4455.34,135.010303,35,10,33,967.98,8.212121212121213,0.7878787878787878,3.0303030303030303,1,4.181818181818182,33,12.121212121212121,63.63636363636363,3,Furniture Decor,0,,,,,,,,,,
8bdd8e3fd58bafa48af76b2c5fd71974,SAO PAULO,SP,11,2324.82,211.347272,11,5,11,190.73,8.666666666666666,0.09090909090909091,9.090909090909092,1,4.545454545454546,11,9.090909090909092,81.81818181818183,1,Toys,0,,,,,,,,,,
8c0de775f52fe41590b376a3b7c50f68,SUMARE,SP,9,672.7,74.744444,9,6,9,135.33,4.375,1.0,0.0,0,3.888888888888889,9,11.11111111111111,44.44444444444444,1,Sports Leisure,0,,,,,,,,,,
8c16d1f32a54d92897cc437244442e1b,BLUMENAU,SC,108,5642.6,52.246296,118,25,108,2112.07,9.00925925925926,0.6018518518518519,0.9259259259259258,1,4.333333333333333,108,6.481481481481481,65.74074074074075,8,Computers Accessories,0,,,,,,,,,,
8c351ed7c326c62123318f4f3246e906,PRAIA GRANDE,SP,2,114.9,57.45,2,1,2,35.76,8.5,1.5,0.0,0,5.0,2,0.0,100.0,1,Computers Accessories,0,,,,,,,,,,
8c3b533c63cca56240f94f1e3a6b18ef,BELO HORIZONTE,MG,5,3312.16,662.432,8,4,5,989.61,18.333333333333332,0.2,40.0,2,1.4,5,80.0,0.0,2,Furniture Decor,0,,,,,,,,,,
8c5e007d7bd5693fa1386ffefbc99f6c,INDAIATUBA,SP,9,1029.11,114.345555,24,9,9,378.3,7.666666666666667,0.6666666666666666,0.0,0,4.333333333333333,9,11.11111111111111,66.66666666666666,1,Health Beauty,0,,,,,,,,,,
8c91bfea4263b8fba54081460693e2a1,HORIZONTINA,RS,2,739.0,369.5,2,2,2,46.75,5.0,0.0,0.0,0,5.0,2,0.0,100.0,1,Health Beauty,0,,,,,,,,,,
8c9348f33ae3dada25c99c99ade2af78,CARAPICUIBA,SP,2,312.99,156.495,2,2,2,51.94,8.0,0.5,0.0,0,5.0,2,0.0,100.0,2,Garden Tools,1,Paid Search,Reseller,Online Small,Cat,Not Specified,0.0,0.0,0.0,0.0,174.0
8ca1551acf9832a4cf467bbbac15851f,CAMPO LARGO,PR,11,2176.4,197.854545,12,10,11,266.54,9.454545454545455,0.45454545454545453,9.090909090909092,1,3.909090909090909,11,18.181818181818183,54.54545454545454,3,Furniture Decor,0,,,,,,,,,,
8ca5b19e0263150d2c57afdde2b3d011,MAUA,SP,3,180.6,60.2,4,2,3,44.08,3.6666666666666665,0.3333333333333333,0.0,0,4.666666666666667,3,0.0,66.66666666666666,2,Housewares,0,,,,,,,,,,
8cb7c5ddf41f4d506eba76e9a4702a25,ANAPOLIS,GO,2,138.0,69.0,2,1,2,44.37,8.0,0.0,0.0,0,3.0,2,50.0,50.0,1,Sports Leisure,0,,,,,,,,,,
8cbac7e12637ed9cffa18c7875207478,JARAGUA DO SUL,SC,67,2990.98,44.641492,82,21,67,1663.37,11.287878787878787,0.5074626865671642,5.970149253731343,4,4.119402985074627,67,7.462686567164178,59.70149253731343,4,Cool Stuff,0,,,,,,,,,,
8cc6a0e5738e61a87b03c78b2ba9db4b,ANDRADAS,MG,24,13312.4,554.683333,26,14,24,525.82,15.043478260869565,0.2916666666666667,8.333333333333332,2,4.333333333333333,24,8.333333333333332,66.66666666666666,7,Stationery,0,,,,,,,,,,
8ccf3cf69651cc1d8a02c8bfaf3b8568,RIO CLARO,SP,2,250.0,125.0,2,1,2,38.63,23.0,0.0,50.0,1,3.5,2,0.0,0.0,1,Computers Accessories,0,,,,,,,,,,
8cf21434553b02cbd37c0bbd07e041b0,SAO JOSE,SC,2,94.98,47.49,2,2,2,67.15,8.0,0.0,0.0,0,2.5,2,50.0,0.0,1,Auto,0,,,,,,,,,,
8d46553a36e68f95350a200c12f8f2e2,CAMPINAS,SP,13,746.6,57.430769,16,9,13,223.0,5.333333333333333,0.6153846153846154,0.0,0,3.230769230769231,13,30.76923076923077,30.76923076923077,2,Perfumery,0,,,,,,,,,,
8d79c8a04e42d722a75097ce5cbcf2ef,CAUCAIA,CE,27,2777.72,102.878518,28,3,24,757.44,16.5,0.3333333333333333,7.4074074074074066,2,4.444444444444445,27,11.11111111111111,77.77777777777779,1,Food,0,,,,,,,,,,
8d899e15a5925f097cca50faa49b15e3,SAO ROQUE,SP,4,645.0,161.25,10,3,4,150.98,2.75,0.25,25.0,1,3.75,4,25.0,50.0,2,Furniture Decor,0,,,,,,,,,,
8d92f3ea807b89465643c219455e7369,SAO PAULO,SP,3,121.2,40.4,8,3,3,131.57,8.333333333333334,1.6666666666666667,66.66666666666666,2,1.0,3,100.0,0.0,2,Not Specified,0,,,,,,,,,,
8d956fec2e4337affcb520f56fd8cbfd,SAO BERNARDO DO CAMPO,SP,211,11015.19,52.204691,228,52,211,3327.95,7.480952380952381,0.4928909952606635,6.161137440758294,13,4.199052132701421,211,8.056872037914692,56.39810426540285,13,Sports Leisure,0,,,,,,,,,,
8daab2245ebdc277c51098d01c5ad8ef,SAO PAULO,SP,16,1604.59,100.286875,16,4,16,284.05,7.875,0.25,0.0,0,4.625,16,0.0,68.75,4,Costruction Tools Tools,0,,,,,,,,,,
8dd386be0767c330276ea6a3f96532d3,PAULO LOPES,SC,1,89.98,89.98,2,1,1,44.5,8.0,0.0,0.0,0,5.0,1,0.0,100.0,1,Sports Leisure,0,,,,,,,,,,
8de8fe3af4449ed695d2434c933ed73e,SAO PAULO,SP,1,2090.0,2090.0,1,1,1,65.35,6.0,1.0,0.0,0,5.0,1,0.0,100.0,1,Home Appliances,1,Organic Search,Reseller,Online Medium,Shark,Not Specified,0.0,0.0,0.0,0.0,46.0
8def3db7f272735afb2ecd03aeca09a7,RIO DE JANEIRO,RJ,2,196.0,98.0,2,1,2,33.64,2.0,0.0,0.0,0,5.0,2,0.0,100.0,1,Fashion Bags Accessories,0,,,,,,,,,,
8dfbc5ff27df12f6cef751d3b9554222,CURITIBA,PR,4,226.0,56.5,4,4,4,90.12,9.0,1.25,0.0,0,4.5,4,0.0,75.0,1,Garden Tools,0,,,,,,,,,,
8e29d051f810eb22959ede205b462b9f,MIRASSOL,SP,2,599.8,299.9,2,1,2,213.48,30.5,0.5,50.0,1,4.0,2,0.0,50.0,1,Pet Shop,0,,,,,,,,,,
8e2b3afb420011ef0c88c9d5f11ea526,CAMPINAS,SP,11,1384.5,125.863636,11,3,11,147.93,7.636363636363637,0.2727272727272727,9.090909090909092,1,4.2727272727272725,11,0.0,63.63636363636363,2,Sports Leisure,0,,,,,,,,,,
8e34331b7eedd03be4e5d965c1956225,SAO PAULO,SP,5,145.0,29.0,5,5,5,65.44,11.0,0.4,20.0,1,4.8,5,0.0,80.0,1,Books General Interest,0,,,,,,,,,,
8e4f041ff58e7845456d3482524014b3,PORTO ALEGRE,RS,2,133.8,66.9,2,2,2,48.59,22.0,0.0,50.0,1,3.0,2,50.0,50.0,1,Baby,0,,,,,,,,,,
8e670472e453ba34a379331513d6aab1,JUIZ DE FORA,MG,1,975.0,975.0,1,1,1,108.96,25.0,0.0,100.0,1,1.0,1,100.0,0.0,1,Auto,0,,,,,,,,,,
8e6cc767478edae941d9bd9eb778d77a,ARAGUARI,MG,106,6830.58,64.439433,114,61,103,2284.83,10.33,0.36792452830188677,5.660377358490567,6,3.8773584905660377,106,14.150943396226415,53.77358490566038,2,Housewares,0,,,,,,,,,,
8e6d7754bc7e0f22c96d255ebda59eba,SAO JOSE DOS CAMPOS,SP,85,14497.27,170.556117,130,29,85,1715.24,9.880952380952381,0.5058823529411764,12.941176470588237,11,3.5764705882352943,85,21.176470588235293,44.70588235294118,1,Computers Accessories,0,,,,,,,,,,
8e8a7ce9f2f970dc00e2acf6f6e199f6,SAO GONCALO,RJ,65,9101.0,140.015384,66,6,65,1183.82,10.142857142857142,0.38461538461538464,6.153846153846154,4,3.953846153846154,65,9.230769230769232,44.61538461538462,1,Computers Accessories,0,,,,,,,,,,
8ea394aed8138685abe1eb9f25e1021d,SOROCABA,SP,2,1340.0,670.0,2,1,2,77.6,6.5,0.0,0.0,0,4.0,2,0.0,50.0,1,Signaling And Security,0,,,,,,,,,,
8eb88b0acb3f90a717ad659221471fa7,CACADOR,SC,2,119.8,59.9,2,2,2,40.87,10.5,1.0,0.0,0,4.5,2,0.0,50.0,1,Fashion Bags Accessories,0,,,,,,,,,,
8ec76bb0965af3f007692b26fa9d6623,CRICIUMA,SC,1,1999.0,1999.0,1,1,1,29.75,8.0,1.0,0.0,0,5.0,1,0.0,100.0,1,Computers Accessories,0,,,,,,,,,,
8ed8ea9a57c862f2c18c2fe41f601d56,BLUMENAU,SC,19,3831.9,201.678947,19,2,19,731.07,6.526315789473684,1.263157894736842,0.0,0,4.473684210526316,19,5.263157894736842,63.1578947368421,2,Cool Stuff,0,,,,,,,,,,
8f0fbe2cd4d472157dc1cdef6edecaa9,SAO PAULO,SP,2,71.88,35.94,2,2,2,22.88,5.0,0.5,0.0,0,3.0,2,50.0,50.0,2,Computers Accessories,0,,,,,,,,,,
8f119a0aee85c0c8fc534629734e94fd,BARUERI,SP,77,3733.68,48.48935,83,32,77,1092.77,6.573333333333333,0.2857142857142857,3.896103896103896,3,4.246753246753247,77,9.090909090909092,61.038961038961034,8,Toys,0,,,,,,,,,,
8f2b51a30523cdecddc2f179f351c7d6,SAO PAULO,SP,7,1027.9,146.842857,8,4,7,148.33,8.714285714285714,0.42857142857142855,0.0,0,4.142857142857143,7,0.0,57.14285714285714,1,Auto,0,,,,,,,,,,
8f2ce03f928b567e3d56181ae20ae952,PIRITUBA,SP,153,21712.9,141.914379,175,79,151,3837.11,10.7682119205298,0.6470588235294118,12.418300653594772,19,4.084967320261438,153,12.418300653594772,53.59477124183007,1,Sports Leisure,0,,,,,,,,,,
8f54d64f28a993550aa7943f12572959,IPATINGA,MG,15,2755.5,183.7,16,10,15,377.62,12.066666666666666,0.7333333333333333,6.666666666666667,1,3.7333333333333334,15,20.0,53.333333333333336,1,Health Beauty,0,,,,,,,,,,
8f580d36c1e9d6fbce95283403c7d447,RIBEIRAO PRETO,SP,8,4813.25,601.65625,8,7,8,180.15,10.375,0.625,12.5,1,4.375,8,0.0,62.5,1,Auto,0,,,,,,,,,,
8f78f0903005064036736c7173a5c2ed,TIRADENTES,MG,13,2113.7,162.592307,21,10,13,632.25,10.384615384615385,0.0,0.0,0,3.769230769230769,13,23.076923076923077,53.84615384615385,4,Furniture Decor,0,,,,,,,,,,
8fb67a334bacec338885b4e9e1708073,TOLEDO,PR,1,59.9,59.9,1,1,1,38.52,6.0,0.0,0.0,0,5.0,1,0.0,100.0,1,Furniture Decor,1,Paid Search,Manufacturer,Online Medium,Cat,Not Specified,0.0,0.0,0.0,0.0,3.0
8fb791022c1fc8909664f48ab7dc636d,SAO PAULO,SP,5,8119.95,1623.99,5,4,5,363.4,4.8,0.4,0.0,0,4.2,5,0.0,60.0,1,Home Appliances 2,0,,,,,,,,,,
8fbd63429be6d3e5e6d1a709b6464802,SANTO ANDRE,SP,6,1061.4,176.9,8,4,6,179.57,6.0,0.6666666666666666,0.0,0,4.833333333333333,6,0.0,83.33333333333334,1,Auto,1,Organic Search,Reseller,Industry,Not Specified,Not Specified,0.0,0.0,0.0,0.0,18.0
8fbe2ee446b97e128471be4ce983dc0d,SOROCABA,SP,3,148.5,49.5,3,3,3,40.0,4.0,0.0,33.33333333333333,1,3.0,3,0.0,33.33333333333333,1,Health Beauty,0,,,,,,,,,,
8fd3b4468f6425810648177996c14cbd,SAO JOSE DO RIO PRETO,SP,1,354.9,354.9,1,1,1,21.67,4.0,0.0,0.0,0,5.0,1,0.0,100.0,1,Health Beauty,0,,,,,,,,,,
8fdca8e349553f99bc738833a62c8802,SAO PAULO,SP,22,989.34,44.97,29,4,22,380.88,8.181818181818182,0.5,4.545454545454546,1,4.045454545454546,22,9.090909090909092,45.45454545454545,3,Electronics,0,,,,,,,,,,
8fe8786ee000001ab51d030dfd4a7bf1,PAULO LOPES,SC,5,2255.0,451.0,5,2,5,201.44,13.0,0.2,0.0,0,4.6,5,0.0,80.0,1,Musical Instruments,0,,,,,,,,,,
8fec2e460530482132c436cfb5439925,LARANJAL PAULISTA,SP,3,468.46,156.153333,5,3,3,80.15,19.333333333333332,0.6666666666666666,33.33333333333333,1,4.333333333333333,3,0.0,66.66666666666666,1,Toys,0,,,,,,,,,,
8ff1a9df749e454105c55cda13e79143,MARILIA,SP,13,1400.6,107.738461,14,9,13,277.21,8.076923076923077,0.7692307692307693,0.0,0,3.3076923076923075,13,23.076923076923077,38.46153846153847,5,Housewares,0,,,,,,,,,,
8ff38bc3969e67c36c48343a07090f66,SAO PAULO,SP,2,3472.0,1736.0,8,1,2,387.56,9.5,0.0,0.0,0,2.5,2,50.0,0.0,1,Auto,0,,,,,,,,,,
8fff28c4263ddec387f28d237fb42773,SAO PAULO,SP,4,339.4,84.85,6,4,4,82.28,5.0,0.25,0.0,0,3.0,4,50.0,50.0,2,Bed Bath Table,0,,,,,,,,,,
900ba814c251a692506d7834c1218441,SALTO,SP,88,29099.69,330.678295,88,7,88,2368.25,8.36046511627907,0.7045454545454546,13.636363636363635,12,4.170454545454546,88,7.954545454545454,55.68181818181818,1,Health Beauty,0,,,,,,,,,,
901b460cdce0c64e471230d7f2f9f3a3,PORTO ALEGRE,RS,5,1904.0,380.8,5,5,5,108.56,11.2,0.0,0.0,0,4.4,5,0.0,80.0,2,Fashion Bags Accessories,0,,,,,,,,,,
902c99f1ac505c0d18778b61bcd636f7,MOGI GUACU,SP,4,157.96,39.49,4,4,4,100.16,3.0,0.0,0.0,0,4.0,4,25.0,75.0,2,Housewares,1,Organic Search,Reseller,Online Medium,Cat,Not Specified,0.0,0.0,0.0,0.0,109.0
903037660cf848a717166eb7a06d616e,SAO PAULO,SP,45,7991.51,177.589111,60,36,45,1091.77,8.704545454545455,0.5555555555555556,11.11111111111111,5,3.888888888888889,45,13.333333333333334,53.333333333333336,4,Furniture Decor,0,,,,,,,,,,
90b36c5aeb728d5504a39f435bef0c5f,CONCHAL,SP,5,207.86,41.572,7,3,5,132.37,7.25,0.2,0.0,0,4.2,5,20.0,80.0,3,Drinks,0,,,,,,,,,,
90b57083da5d803237da74daec6dcb2b,CURITIBA,PR,2,206.9,103.45,2,2,2,34.31,5.0,1.0,0.0,0,5.0,2,0.0,100.0,2,Housewares,0,,,,,,,,,,
90d4125885ab6c86e8820a722be71974,TABOAO DA SERRA,SP,3,1299.55,433.183333,5,1,3,43.4,,0.3333333333333333,0.0,0,1.0,3,100.0,0.0,1,Consoles Games,0,,,,,,,,,,
910a922b426b7ff95eaee129ad6c0e1f,SAO JOSE DO RIO PRETO,SP,2,119.8,59.9,2,1,2,31.16,12.0,1.5,0.0,0,5.0,2,0.0,100.0,1,Sports Leisure,0,,,,,,,,,,
913fd0ebba70bb919f7254a02239173c,BLUMENAU,SC,1,159.9,159.9,1,1,1,19.22,12.0,0.0,0.0,0,1.0,1,100.0,0.0,1,Auto,0,,,,,,,,,,
9140bd1d9de28b197dce077bdd687438,AMPARO,SP,6,1258.87,209.811666,8,5,6,184.06,4.166666666666667,1.0,0.0,0,4.166666666666667,6,0.0,33.33333333333333,1,Sports Leisure,0,,,,,,,,,,
9140ef75cc8211c4035935e80e567204,MARINGA,PR,1,49.9,49.9,1,1,1,22.28,10.0,1.0,0.0,0,5.0,1,0.0,100.0,1,Pet Shop,1,Paid Search,Manufacturer,Industry,Eagle,Not Specified,0.0,0.0,0.0,0.0,8.0
91543f9849d68d023e17194926598543,BLUMENAU,SC,4,834.0,208.5,6,6,4,266.57,9.0,0.25,0.0,0,4.5,4,0.0,50.0,1,Furniture Decor,0,,,,,,,,,,
916748bc99315c2d202898ae58b1617e,SOROCABA,SP,25,369.4,14.776,32,5,25,377.11,6.32,0.36,0.0,0,4.28,25,8.0,56.00000000000001,3,Sports Leisure,0,,,,,,,,,,
916c9de0b5ad957346eeeb12f332687e,CURITIBA,PR,23,5480.25,238.271739,28,5,23,493.53,7.2272727272727275,0.7391304347826086,0.0,0,4.565217391304348,23,4.3478260869565215,73.91304347826086,1,Health Beauty,0,,,,,,,,,,
918717417d88a9f9ae9735567e6c7682,SAO PAULO,SP,4,345.7,86.425,4,3,4,43.52,4.25,0.0,0.0,0,5.0,4,0.0,100.0,3,Health Beauty,0,,,,,,,,,,
918f6fbcf3ab724d805867303e593a1b,VALINHOS,SP,2,79.7,39.85,3,2,2,32.88,3.5,0.0,0.0,0,4.0,2,0.0,50.0,2,Electronics,0,,,,,,,,,,
9198786624eaeb375793215cad26cfa6,RODEIO,SC,9,908.3,100.922222,10,6,9,210.07,6.625,0.7777777777777778,0.0,0,3.7777777777777777,9,0.0,44.44444444444444,3,Sports Leisure,0,,,,,,,,,,
91f0eec23d4a61d7d7caeefa3f0ad1ca,TUBARAO,SC,11,2190.8,199.163636,11,2,11,354.46,24.363636363636363,0.45454545454545453,27.27272727272727,3,3.5454545454545454,11,27.27272727272727,36.36363636363637,1,Auto,0,,,,,,,,,,
91f5779a8731baca4809fdeade81803f,BARRA MANSA,RJ,6,1971.46,328.576666,6,5,6,145.63,11.166666666666666,0.6666666666666666,0.0,0,3.8333333333333335,6,16.666666666666664,50.0,2,Sports Leisure,0,,,,,,,,,,
91f848e9f4be368f4318775aac733370,SAO PAULO,SP,63,5932.6,94.168253,73,10,63,1235.56,8.15,0.5873015873015873,1.5873015873015872,1,4.2063492063492065,63,7.936507936507936,58.730158730158735,2,Housewares,0,,,,,,,,,,
9200e6ce317b67196b6b0bad4d4bd567,RIO DE JANEIRO,RJ,1,36.9,36.9,1,1,1,14.52,13.0,3.0,0.0,0,3.0,1,0.0,0.0,1,Furniture Decor,0,,,,,,,,,,
921323538c9f1c4e816f2720eac02bea,SAO PAULO,SP,15,1401.84,93.456,17,10,15,240.36,6.466666666666667,0.26666666666666666,20.0,3,3.933333333333333,15,13.333333333333334,46.666666666666664,3,Sports Leisure,0,,,,,,,,,,
9261d76c62caaf0b24677c2ceb7f8f20,PALHOCA,SC,6,968.7,161.45,7,4,6,247.54,6.333333333333333,1.0,0.0,0,3.8333333333333335,6,0.0,33.33333333333333,1,Housewares,1,Other,Reseller,Industry,Cat,Not Specified,0.0,0.0,0.0,0.0,5.0
92992bec39dde5766f590d3b1f46d465,SAO PAULO,SP,1,109.0,109.0,1,1,1,12.67,,2.0,0.0,0,1.0,1,100.0,0.0,1,Sports Leisure,0,,,,,,,,,,
929f342384a6607afe143d789ade1316,LONDRINA,PR,4,209.4,52.35,4,4,4,63.36,3.25,0.0,0.0,0,5.0,4,0.0,100.0,3,Housewares,1,Other,Reseller,Online Small,Cat,Not Specified,0.0,0.0,0.0,0.0,5.0
92c8bc6e8f925792247656fed09aad65,SAO PAULO,SP,3,259.7,86.566666,3,3,3,39.87,12.5,0.0,33.33333333333333,1,2.3333333333333335,3,66.66666666666666,33.33333333333333,2,Not Specified,0,,,,,,,,,,
92d14edfb62ee5ae7fdff70b0f4e7233,SAO BERNARDO DO CAMPO,SP,8,322.0,40.25,13,5,8,165.65,5.75,1.0,0.0,0,3.375,8,25.0,37.5,3,Food Drink,0,,,,,,,,,,
92eb0f42c21942b6552362b9b114707d,SAO PAULO,SP,341,6548.63,19.204193,365,52,339,4944.04,7.967065868263473,0.6539589442815249,4.69208211143695,16,3.9765395894428153,341,12.609970674486803,51.31964809384164,3,Telephony,0,,,,,,,,,,
9315e491484b1b0081ca166fc164108d,LONDRINA,PR,1,29.99,29.99,1,1,1,30.41,4.0,0.0,0.0,0,3.0,1,0.0,0.0,1,Housewares,0,,,,,,,,,,
933446e9a59dece7ae9175103820ca8f,CURITIBA,PR,2,381.39,190.695,3,2,2,57.46,8.0,0.5,0.0,0,3.0,2,50.0,50.0,1,Housewares,0,,,,,,,,,,
934ed5cd1b9c1c7382d0a94a94b9e639,CURITIBA,PR,1,125.85,125.85,1,1,1,26.62,11.0,0.0,0.0,0,5.0,1,0.0,100.0,1,Not Specified,0,,,,,,,,,,
939e6227d6964a11a70aa91243e418f2,CONSELHEIRO LAFAIETE,MG,4,425.0,106.25,4,2,4,63.25,3.75,0.25,0.0,0,4.25,4,0.0,50.0,1,Health Beauty,0,,,,,,,,,,
939f6e231201f26803cb5c3a3d2940b3,BAURU,SP,3,130.6,43.533333,4,3,3,95.02,3.0,0.3333333333333333,0.0,0,4.666666666666667,3,0.0,66.66666666666666,1,Furniture Decor,0,,,,,,,,,,
93b9a99027bd8bd6af682aff18dd19bf,MAIRIPORA,SP,20,1953.0,97.65,21,15,20,467.11,7.315789473684211,0.1,0.0,0,3.9,20,10.0,35.0,3,Furniture Decor,0,,,,,,,,,,
93bef6edaa84956e8e575016449b6351,SAO PAULO,SP,1,115.0,115.0,1,1,1,14.56,7.0,0.0,0.0,0,5.0,1,0.0,100.0,1,Sports Leisure,0,,,,,,,,,,
93dc87703c046b603023e75222018b45,BELO HORIZONTE,MG,35,8517.35,243.352857,36,26,35,688.94,11.242424242424242,0.4,8.571428571428571,3,3.8,35,17.142857142857142,45.714285714285715,3,Watches Gifts,0,,,,,,,,,,
94144541854e298c2d976cb893b81343,VIAMAO,RS,68,17286.28,254.21,76,23,68,1429.37,7.0588235294117645,0.6470588235294118,4.411764705882353,3,4.235294117647059,68,5.88235294117647,61.76470588235294,3,Health Beauty,0,,,,,,,,,,
941554c5757b73ba0e50aa7732310afc,SAO PAULO,SP,3,107.69,35.896666,4,2,3,58.66,6.333333333333333,0.0,0.0,0,4.666666666666667,3,0.0,66.66666666666666,1,Garden Tools,0,,,,,,,,,,
94165aea8a35c3c21499cbcae239b16c,UBERLANDIA,MG,1,180.0,180.0,1,1,1,16.11,4.0,0.0,0.0,0,2.0,1,0.0,0.0,1,Auto,1,Paid Search,Reseller,Online Medium,Eagle,Not Specified,0.0,0.0,0.0,0.0,22.0
94231344608e603693b0a8891143f65d,PORTO ALEGRE,SP,3,722.0,240.666666,3,3,3,102.18,10.666666666666666,1.3333333333333333,0.0,0,4.0,3,0.0,33.33333333333333,2,Housewares,0,,,,,,,,,,
9449f25aeaf531019b76999ea49a6949,RIO DE JANEIRO,RJ,10,2046.45,204.645,10,9,10,179.39,10.555555555555555,0.3,20.0,2,4.0,10,10.0,50.0,1,Health Beauty,0,,,,,,,,,,
9485a23c0430ba1d58d359391606fce6,SANTO ANDRE,SP,5,1129.9,225.98,5,5,5,65.25,13.0,0.0,20.0,1,3.2,5,20.0,20.0,1,Auto,0,,,,,,,,,,
94b9108d4b637ba65bb4f1e53cfcf8d8,GUARULHOS,SP,7,234.96,33.565714,8,3,7,99.13,12.571428571428571,0.42857142857142855,14.285714285714285,1,4.428571428571429,7,14.285714285714285,85.71428571428571,2,Electronics,0,,,,,,,,,,
94c49f20a123aeb9360dbf80ff912bf6,SOROCABA,SP,3,277.75,92.583333,3,2,3,61.54,10.666666666666666,1.0,0.0,0,3.6666666666666665,3,33.33333333333333,66.66666666666666,2,Toys,0,,,,,,,,,,
94ca168e8bcb407ab85c5da308863027,CLEMENTINA,SP,5,224.3,44.86,5,4,5,87.36,10.2,0.6,0.0,0,5.0,5,0.0,100.0,2,Health Beauty,0,,,,,,,,,,
94d76e96eedd976258cd3278ce56d5f2,SAO ROQUE,SP,1,385.61,385.61,1,1,1,68.56,6.0,0.0,0.0,0,5.0,1,0.0,100.0,1,Sports Leisure,1,Organic Search,Manufacturer,Online Big,Not Specified,Not Specified,0.0,0.0,0.0,0.0,2.0
94e93ce877be27a515118dbfd2c2be41,VOTUPORANGA,SP,30,5674.57,189.152333,35,18,29,868.15,10.413793103448276,0.3333333333333333,0.0,0,3.8666666666666667,30,13.333333333333334,53.333333333333336,10,Housewares,0,,,,,,,,,,
951e8cef368f09bb3f3d03c00ca4702c,IBITINGA,SP,64,4092.29,63.942031,71,49,64,1400.8,7.048387096774194,0.609375,6.25,4,4.0625,64,12.5,57.8125,2,Bed Bath Table,0,,,,,,,,,,
9523fb39dd240aa958e040f8183d64f3,SAO PAULO,SP,1,146.99,146.99,1,1,1,21.3,20.0,1.0,0.0,0,1.0,1,100.0,0.0,1,Construction Tools Safety,0,,,,,,,,,,
9535a841eecebed61a9fb1ac1cbb5597,SAO PAULO,SP,2,784.9,392.45,2,2,2,33.43,7.5,1.0,0.0,0,3.0,2,50.0,50.0,1,Garden Tools,0,,,,,,,,,,
9539213aa8e023c01937bef95dc006da,SAO PAULO,SP,9,229.1,25.455555,9,2,9,89.94,4.0,0.0,11.11111111111111,1,4.555555555555555,9,0.0,66.66666666666666,1,Housewares,0,,,,,,,,,,
954e95f20808d7e5d11f0de292d078e0,JOAO MONLEVADE,MG,3,158.78,52.926666,4,2,3,119.18,7.0,0.0,0.0,0,4.666666666666667,3,0.0,66.66666666666666,1,Not Specified,0,,,,,,,,,,
9558aa23f77a9e0a0eca83540999f43b,APUCARANA,PR,2,125.7,62.85,2,2,2,29.88,7.0,0.0,0.0,0,3.0,2,50.0,50.0,1,Fashion Bags Accessories,0,,,,,,,,,,
955fee9216a65b617aa5c0531780ce60,SAO PAULO,SP,1287,135171.7,105.028515,1499,104,1282,25430.98,8.517842981760507,0.6379176379176379,5.982905982905983,77,4.142968142968143,1287,8.702408702408702,55.94405594405595,23,Furniture Decor,0,,,,,,,,,,
9591fc341b1bfb7ef561e2968ec6e011,SAO PAULO,SP,1,79.9,79.9,1,1,1,14.31,,0.0,0.0,0,1.0,1,100.0,0.0,1,Fashion Shoes,0,,,,,,,,,,
9596c870880d900012f2e8e6e30d06d7,VARGINHA,MG,22,8606.25,391.193181,24,11,22,2009.08,11.19047619047619,0.7272727272727273,4.545454545454546,1,4.136363636363637,22,9.090909090909092,50.0,4,Construction Tools Construction,0,,,,,,,,,,
9599519be538b98748162a2b48248960,SAO PAULO,SP,1,570.0,570.0,3,1,1,60.06,21.0,0.0,0.0,0,1.0,1,100.0,0.0,1,Sports Leisure,0,,,,,,,,,,
95b293867b5862941c9cd74f756a3c68,SAO PAULO,SP,9,648.1,72.011111,9,5,9,98.12,9.11111111111111,0.3333333333333333,44.44444444444444,4,3.5555555555555554,9,33.33333333333333,55.55555555555556,2,Telephony,0,,,,,,,,,,
95cca791657aabeff15a07eb152d7841,PALOTINA,PR,1,9.99,9.99,1,1,1,18.23,2.0,0.0,0.0,0,5.0,1,0.0,100.0,1,Sports Leisure,0,,,,,,,,,,
95e03ca3d4146e4011985981aeb959b9,RIO DE JANEIRO,RJ,175,11009.96,62.914057,193,55,174,3233.54,10.348837209302326,0.46285714285714286,3.428571428571429,6,3.9714285714285715,175,12.0,54.285714285714285,13,Housewares,0,,,,,,,,,,
95ec4458365c4d11f452ccf538377619,LIMEIRA,SP,27,1866.76,69.139259,31,15,27,436.67,3.4444444444444446,0.7407407407407407,3.7037037037037033,1,4.62962962962963,27,3.7037037037037033,74.07407407407408,4,Furniture Decor,0,,,,,,,,,,
95f83f51203c626648c875dd41874c7f,BORDA DA MATA,MG,52,3217.46,61.87423,67,11,52,1609.05,7.76,0.6153846153846154,3.8461538461538463,2,3.673076923076923,52,19.230769230769234,50.0,2,Furniture Decor,0,,,,,,,,,,
960945e1a9535cbc0cd6ddd35fbe7ae8,SAO PAULO,SP,28,3381.73,120.776071,29,7,28,479.8,4.357142857142857,0.42857142857142855,0.0,0,4.642857142857143,28,0.0,71.42857142857143,3,Construction Tools Construction,0,,,,,,,,,,
9616352088dcf83a7c06637f4ebf1c80,UMUARAMA,PR,92,5703.0,61.98913,98,5,92,1787.57,8.714285714285714,0.5869565217391305,0.0,0,4.315217391304348,92,6.521739130434782,60.86956521739131,1,Sports Leisure,0,,,,,,,,,,
961dff0a659b4561334372337dd897d9,RIO DE JANEIRO,RJ,4,9946.0,2486.5,4,3,4,136.56,2.6666666666666665,1.25,0.0,0,3.75,4,25.0,50.0,1,Cool Stuff,0,,,,,,,,,,
9646c3513289980f17226a2fc4720dbd,SAO JOSE DOS CAMPOS,SP,71,3039.3,42.807042,78,24,71,1208.02,8.855072463768115,0.49295774647887325,2.8169014084507045,2,4.352112676056338,71,5.633802816901409,63.38028169014085,5,Computers Accessories,0,,,,,,,,,,
96493fab2fbb13a14d0c0e8772eef5c3,SAO PAULO,SP,63,18969.0,301.095238,64,54,63,1212.23,8.682539682539682,0.3492063492063492,6.349206349206349,4,4.079365079365079,63,6.349206349206349,53.96825396825397,1,Computers Accessories,0,,,,,,,,,,
964ff64dc05b13811c6d0f41e0aa5f6b,SAO PAULO,SP,1,180.0,180.0,1,1,1,24.06,6.0,0.0,0.0,0,5.0,1,0.0,100.0,1,Home Construction,1,Other,Manufacturer,Online Big,Shark,Not Specified,0.0,0.0,0.0,0.0,7.0
966cb4760537b1404caedd472cc610a5,DIADEMA,SP,75,51286.05,683.814,75,17,74,1649.82,7.731343283582089,0.5733333333333334,2.666666666666667,2,3.8266666666666667,75,18.666666666666668,53.333333333333336,1,Watches Gifts,0,,,,,,,,,,
9674754b5a0cb32b638cec001178f799,SAO PAULO,SP,86,5069.92,58.952558,97,41,82,1214.91,6.261904761904762,0.32558139534883723,2.3255813953488373,2,4.046511627906977,86,12.790697674418606,60.46511627906976,5,Small Appliances,0,,,,,,,,,,
96804ea39d96eb908e7c3afdb671bb9e,IBIA,MG,38,3610.7,95.018421,40,5,38,755.06,9.837837837837839,0.5526315789473685,2.631578947368421,1,4.052631578947368,38,13.157894736842104,55.26315789473685,5,Sports Leisure,0,,,,,,,,,,
968268a686aa05d1f529fb07dff08130,SAO PAULO,SP,12,4677.29,389.774166,12,4,12,203.55,7.083333333333333,0.4166666666666667,0.0,0,3.5,12,16.666666666666664,41.66666666666667,2,Stationery,1,Referral,Reseller,Online Big,Not Specified,Not Specified,0.0,0.0,0.0,0.0,9.0
968ee78631915a63fef426d6733d7422,ERECHIM,RS,2,450.0,225.0,2,1,2,71.67,6.5,1.0,0.0,0,3.0,2,0.0,0.0,1,Cool Stuff,0,,,,,,,,,,
96e5dc09087bad639b4ee193104ec2e5,BOM JARDIM,RJ,2,101.9,50.95,2,2,2,52.54,6.5,3.5,0.0,0,4.5,2,0.0,50.0,2,Health Beauty,0,,,,,,,,,,
96f7c797de9ca20efbe14545bed63eec,CRAVINHOS,SP,1,138.6,138.6,3,1,1,38.37,1.0,0.0,0.0,0,1.0,1,100.0,0.0,1,Perfumery,0,,,,,,,,,,
972d0f9cf61b499a4812cf0bfa3ad3c4,BRUSQUE,SC,83,8089.29,97.461325,88,15,82,2151.3,13.148148148148149,0.5180722891566265,10.843373493975903,9,2.9759036144578315,83,34.93975903614458,31.32530120481928,1,Bed Bath Table,0,,,,,,,,,,
973f21788dfab357250f69a8dcb7ddee,CLAUDIO,MG,10,909.0,90.9,21,10,10,536.65,11.11111111111111,0.7,50.0,5,2.0,10,70.0,20.0,1,Sports Leisure,0,,,,,,,,,,
974cf2cb8f4b7add98709c30df02fe10,ARARAQUARA,SP,33,2982.67,90.383939,33,11,33,577.01,10.066666666666666,0.3939393939393939,3.0303030303030303,1,4.0606060606060606,33,6.0606060606060606,51.515151515151516,2,Computers Accessories,0,,,,,,,,,,
97512d3fc193b2d1dfcdba0f9d1f0f8a,SAO PAULO,SP,12,1458.87,121.5725,13,6,12,341.55,5.0,1.0,8.333333333333332,1,4.25,12,0.0,50.0,1,Computers Accessories,0,,,,,,,,,,
977f9f63dd360c2a32ece2f93ad6d306,TABATINGA,SP,24,2858.87,119.119583,25,19,24,934.98,9.565217391304348,0.75,8.333333333333332,2,3.75,24,20.833333333333336,54.166666666666664,1,Baby,0,,,,,,,,,,
979e9f8b5b39dd243a2550c8b05aecf0,SAO PAULO,SP,3,525.0,175.0,4,2,3,46.88,6.333333333333333,0.3333333333333333,0.0,0,5.0,3,0.0,100.0,1,Health Beauty,0,,,,,,,,,,
97e4a63591ca439a2b8b7efd20e6e19e,RIO DE JANEIRO,RJ,5,349.95,69.99,5,2,5,78.55,3.8,0.4,0.0,0,4.4,5,0.0,60.0,1,Furniture Living Room,0,,,,,,,,,,
97e50a621f8e801f4baf69e08687c192,SAO PAULO,SP,1,89.9,89.9,1,1,1,7.88,3.0,0.0,0.0,0,5.0,1,0.0,100.0,1,Toys,1,Social,Reseller,Online Small,Not Specified,Not Specified,0.0,0.0,0.0,0.0,90.0
97e995629983723d11830a829bc2b246,LORENA,SP,5,499.5,99.9,5,5,5,99.37,12.4,0.4,0.0,0,4.8,5,0.0,80.0,2,Books Technical,0,,,,,,,,,,
9803a40e82e45418ab7fb84091af5231,RIO VERDE,GO,11,4278.75,388.977272,18,13,11,512.63,12.090909090909092,0.36363636363636365,0.0,0,3.727272727272727,11,27.27272727272727,54.54545454545454,7,Computers Accessories,1,Organic Search,Reseller,Online Big,Cat,Not Specified,0.0,0.0,0.0,0.0,9.0
980640c45d7a4635885491d077167e4d,RIO CLARO,SP,14,1004.29,71.735,14,12,14,242.37,5.142857142857143,0.8571428571428571,7.142857142857142,1,4.642857142857143,14,0.0,71.42857142857143,3,Fashion Bags Accessories,1,Other,Reseller,Online Medium,Cat,Not Specified,0.0,0.0,0.0,0.0,2.0
98115075dd26cb8835946fc6086f5d30,AO BERNARDO DO CAMPO,SP,4,434.96,108.74,4,3,4,56.24,2.75,0.5,0.0,0,4.75,4,0.0,75.0,2,Furniture Decor,0,,,,,,,,,,
984c273121e743dd14767befe6cb17f5,AMERICANA,SP,1,259.6,259.6,1,1,1,21.31,32.0,0.0,100.0,1,1.0,1,100.0,0.0,1,Cool Stuff,0,,,,,,,,,,
9853a239ab7b7ebbdc3a21248d5b8e1f,CAMPO LARGO,PR,5,381.0,76.2,5,5,5,90.01,12.0,0.2,20.0,1,3.8,5,20.0,40.0,1,Housewares,0,,,,,,,,,,
985c92cc412091f8529c12d7f23d3fef,SAO JOAO DEL REI,MG,12,1368.5,114.041666,12,9,12,238.13,5.833333333333333,0.16666666666666666,0.0,0,4.75,12,0.0,83.33333333333334,1,Health Beauty,1,Referral,Reseller,Offline,Eagle,Not Specified,0.0,0.0,0.0,0.0,0.0
989becdce12ebc39863c2bceab6f3ca1,CURITIBA,PR,18,7840.88,435.604444,18,8,18,1052.45,10.8,0.3888888888888889,5.555555555555555,1,4.555555555555555,18,5.555555555555555,77.77777777777779,3,Sports Leisure,0,,,,,,,,,,
98dac6635aee4995d501a3972e047414,SAO PAULO,SP,91,4235.85,46.547802,195,62,91,2439.52,5.865168539325842,0.5164835164835165,4.395604395604396,4,4.153846153846154,91,14.285714285714285,69.23076923076923,1,Housewares,0,,,,,,,,,,
98dddbc4601dd4443ca174359b237166,SARANDI,PR,2,158.0,79.0,2,1,2,53.67,5.0,0.5,0.0,0,5.0,2,0.0,100.0,1,Housewares,0,,,,,,,,,,
98e164d549402270247f3c96a1a158ef,SAO PAULO,SP,2,162.7,81.35,2,2,2,24.72,4.0,1.0,0.0,0,2.5,2,50.0,0.0,1,Cool Stuff,0,,,,,,,,,,
98f52e1020fe788c10c0418de4393fec,MACAE,RJ,1,21.6,21.6,1,1,1,15.1,7.0,0.0,0.0,0,4.0,1,0.0,0.0,1,Sports Leisure,0,,,,,,,,,,
99002261c568a84cce14d43fcffb43ea,CUIABA,MT,36,4088.0,113.555555,36,19,36,1100.33,10.416666666666666,0.3888888888888889,5.555555555555555,2,3.7222222222222223,36,13.88888888888889,41.66666666666667,2,Baby,0,,,,,,,,,,
9906e7aa42a3c067b7c9a564d01c4320,MARINGA,PR,12,2619.0,218.25,16,2,12,496.6,15.0,0.5,16.666666666666664,2,4.5,12,0.0,66.66666666666666,1,Sports Leisure,0,,,,,,,,,,
994f04b3718c2bab35c2adfa8afecd2a,JAGUARIUNA,SP,49,3445.7,70.320408,57,26,48,775.51,10.170212765957446,0.3877551020408163,6.122448979591836,3,4.244897959183674,49,4.081632653061225,57.14285714285714,3,Housewares,0,,,,,,,,,,
9996ae921c50e8dff411ac69c0b4bb8b,TUPA,SP,2,29.7,14.85,3,3,2,43.67,10.0,1.0,0.0,0,2.0,2,50.0,0.0,1,Furniture Decor,0,,,,,,,,,,
999f6d9a1c7c81f43be44c6b7d076210,SAO PAULO,SP,2,28.0,14.0,2,1,2,22.83,2.5,0.0,0.0,0,4.5,2,0.0,50.0,1,Garden Tools,0,,,,,,,,,,
99a25c39b28a74d1151c35c18d178292,SAO PAULO,SP,1,173.94,173.94,6,1,1,44.76,1.0,1.0,0.0,0,5.0,1,0.0,100.0,1,Baby,0,,,,,,,,,,
99a54764c341d5dc80b4a8fac4eba3fb,SAO PAULO,SP,45,3708.76,82.416888,67,31,43,1317.5,5.386363636363637,0.4222222222222222,11.11111111111111,5,3.5555555555555554,45,17.77777777777778,37.77777777777778,5,Housewares,0,,,,,,,,,,
99cd94252748d2bdde08e17858233602,SAO PAULO,SP,2,159.8,79.9,2,1,2,21.52,2.5,0.5,0.0,0,4.5,2,0.0,50.0,1,Pet Shop,1,Social,Reseller,Online Medium,Shark,Not Specified,0.0,0.0,0.0,0.0,2.0
99eaacc9e6046db1c82b163c5f84869f,FRANCA,SP,66,13139.17,199.078333,70,19,66,1135.35,11.11111111111111,0.8333333333333334,10.606060606060606,7,3.878787878787879,66,13.636363636363635,46.96969696969697,4,Telephony,0,,,,,,,,,,
9a03a4e9eb0b947652fae4f6121a3f5e,CATANDUVA,SP,7,1497.0,213.857142,7,4,7,185.22,10.714285714285714,0.42857142857142855,0.0,0,3.857142857142857,7,14.285714285714285,42.857142857142854,2,Baby,0,,,,,,,,,,
9a1aea68d3efa00862ec88c0768037d0,CATANDUVA,SP,7,1309.2,187.028571,8,3,7,192.51,10.0,0.8571428571428571,0.0,0,4.428571428571429,7,0.0,42.857142857142854,2,Home Appliances 2,0,,,,,,,,,,
9a208dee8f95cfdf00760c4d627828ec,BELFORD ROXO,RJ,1,269.9,269.9,1,1,1,26.09,,2.0,0.0,0,1.0,1,100.0,0.0,1,Health Beauty,0,,,,,,,,,,
9a84ba99f5367fdbd4598363496f1ea2,LUZIANIA,GO,16,2284.98,142.81125,16,3,16,435.95,8.933333333333334,0.25,0.0,0,3.625,16,18.75,37.5,1,Sports Leisure,0,,,,,,,,,,
9aa388272ee334b6ae07bc73706e254a,MURIAE,MG,6,678.0,113.0,7,2,6,183.46,6.5,0.0,0.0,0,4.333333333333333,6,16.666666666666664,83.33333333333334,1,Bed Bath Table,1,Paid Search,Manufacturer,Online Medium,Not Specified,Not Specified,0.0,0.0,0.0,0.0,11.0
9ac4f14370b1e24ddc58be041b7f99df,JARAGUA,GO,5,314.51,62.902,5,5,5,122.14,7.2,0.6,0.0,0,4.4,5,0.0,60.0,3,Sports Leisure,1,Direct Traffic,Manufacturer,Online Medium,Not Specified,Not Specified,0.0,0.0,0.0,0.0,22.0
9ac75591b69c3402684b6ce0310f22ee,SAO PAULO,SP,1,60.5,60.5,1,1,1,9.17,1.0,1.0,0.0,0,5.0,1,0.0,100.0,1,Housewares,0,,,,,,,,,,
9add47bf45ce8e8c7db6b9cf670b1e09,FAZENDA RIO GRANDE,PR,43,4829.24,112.307906,45,12,43,1158.04,9.170731707317072,0.5813953488372093,2.3255813953488373,1,4.116279069767442,43,9.30232558139535,53.48837209302325,6,Furniture Decor,0,,,,,,,,,,
9b00cad94ef3078faf6fba2e792c158f,JANAUBA,MG,1,354.9,354.9,1,1,1,18.92,19.0,0.0,0.0,0,5.0,1,0.0,100.0,1,Sports Leisure,0,,,,,,,,,,
9b00ed88b7fdb95d6ff76e27c1b52d16,SAO PAULO,SP,47,1627.88,34.635744,51,19,47,575.48,7.0,0.44680851063829785,6.382978723404255,3,4.468085106382978,47,8.51063829787234,76.59574468085107,2,Sports Leisure,0,,,,,,,,,,
9b013e03b2ab786505a1d3b5c0756754,VICENTE DE CARVALHO,SP,174,9027.4,51.881609,225,57,173,2604.21,5.882352941176471,0.5402298850574713,4.022988505747127,7,4.137931034482759,174,13.218390804597702,62.06896551724138,6,Health Beauty,0,,,,,,,,,,
9b1050e85becf3ae99c1cf4934c9bc5d,MONTES CLAROS,MG,2,85.14,42.57,2,1,2,30.2,,0.5,0.0,0,2.5,2,50.0,0.0,1,Musical Instruments,0,,,,,,,,,,
9b1585752613ec342d03bbab9997ec48,RIO DE JANEIRO,RJ,3,4248.98,1416.326666,3,3,3,100.06,5.333333333333333,1.6666666666666667,0.0,0,3.6666666666666665,3,33.33333333333333,66.66666666666666,2,Auto,1,Organic Search,Reseller,Offline,Cat,Not Specified,0.0,0.0,0.0,0.0,2.0
9b1ab052f5fca308ba743ac789ebb2e1,PITANGA,PR,2,294.09,147.045,2,2,2,31.99,7.0,0.0,0.0,0,4.0,2,0.0,50.0,2,Garden Tools,0,,,,,,,,,,
9b1f656ca3060f8af17a50d8a024b533,SANTOS,SP,2,41.0,20.5,2,2,2,47.68,15.0,1.5,50.0,1,5.0,2,0.0,100.0,2,Auto,1,Organic Search,Reseller,Online Medium,Eagle,Not Specified,0.0,0.0,0.0,0.0,1.0
9b522ba7eae9e1d04082f267144583cc,SAO PAULO,SP,4,1507.6,376.9,6,3,4,148.05,1.3333333333333333,0.25,25.0,1,4.25,4,0.0,50.0,2,Garden Tools,0,,,,,,,,,,
9b76ad3d04236f76bc71c59470305e13,BOITUVA,SP,2,394.7,197.35,3,2,2,61.93,4.5,2.0,0.0,0,5.0,2,0.0,100.0,1,Housewares,0,,,,,,,,,,
9bade61a92bed55a25d2b67b9f4ed739,SAO JOSE DOS PINHAIS,PR,2,117.68,58.84,3,1,2,57.12,5.0,0.0,0.0,0,3.0,2,50.0,50.0,1,Baby,0,,,,,,,,,,
9baf5cb77970f539089d09a38bcec5c3,INDAIATUBA,SP,32,6129.67,191.552187,33,25,32,543.73,6.774193548387097,0.34375,0.0,0,4.3125,32,9.375,62.5,8,Housewares,0,,,,,,,,,,
9bc484c87d79cd4874e05ca182658045,SAO PAULO,SP,9,1120.0,124.444444,9,9,9,149.87,10.75,0.3333333333333333,11.11111111111111,1,4.0,9,11.11111111111111,55.55555555555556,4,Construction Tools Construction,0,,,,,,,,,,
9bcdfa7b615b3abb9461d9e3ad9886ae,BLUMENAU,SC,14,2126.07,151.862142,20,10,14,397.72,9.785714285714286,0.2857142857142857,7.142857142857142,1,4.428571428571429,14,0.0,57.14285714285714,1,Sports Leisure,0,,,,,,,,,,
9bf11dfc0bec77e5a23028043c3c5a8f,CONTAGEM,MG,1,115.0,115.0,1,1,1,17.06,29.0,1.0,100.0,1,1.0,1,100.0,0.0,1,Auto,0,,,,,,,,,,
9c068d10aca38e85c50202e17b4a7e88,COXIM,MS,17,2658.9,156.405882,17,13,17,449.93,10.941176470588236,0.5882352941176471,17.647058823529413,3,3.9411764705882355,17,23.52941176470588,64.70588235294117,1,Auto,0,,,,,,,,,,
9c0e69c7bf2619675bbadf47b43f655a,SAO JOSE DOS CAMPOS,SP,157,33702.78,214.667388,206,69,156,2900.18,9.417218543046358,0.7070063694267515,8.280254777070063,13,4.101910828025478,157,11.464968152866243,56.68789808917197,3,Computers Accessories,0,,,,,,,,,,
9c1c0c36cd23c20897e473901a8fb149,PRAIA GRANDE,SP,6,544.97,90.828333,7,3,6,172.07,4.0,0.5,0.0,0,5.0,6,0.0,100.0,1,Food Drink,1,Organic Search,Reseller,Online Medium,Cat,Not Specified,0.0,0.0,0.0,0.0,19.0
9c351405b754cc5ce3e2ecf277bb034a,SAO PAULO,SP,1,45.0,45.0,1,1,1,14.11,,1.0,0.0,0,1.0,1,100.0,0.0,1,Furniture Decor,0,,,,,,,,,,
9c3a1c416c765687bc79a04113269929,CARMO DA MATA,MG,1,74.9,74.9,1,1,1,58.9,3.0,2.0,0.0,0,1.0,1,100.0,0.0,1,Housewares,0,,,,,,,,,,
9c3c24eca51c52b91c1de727d2a2ae06,CAXIAS DO SUL,RS,6,307.5,51.25,6,3,6,113.66,6.5,0.0,0.0,0,4.5,6,0.0,50.0,2,Sports Leisure,0,,,,,,,,,,
9c4d31c7e46ab03a43fc06e3142afd4e,RIO DE JANEIRO,RJ,2,1218.9,609.45,2,2,2,43.82,4.0,0.0,0.0,0,4.5,2,0.0,50.0,1,Toys,0,,,,,,,,,,
9c54608f0996c32ae4743089d915f845,LOANDA,PR,3,194.8,64.933333,3,3,3,109.92,10.333333333333334,0.3333333333333333,0.0,0,4.0,3,0.0,33.33333333333333,1,Housewares,0,,,,,,,,,,
9c57bc60cfad5ee62d35d3f1ce4593a1,CURITIBA,PR,1,180.0,180.0,1,1,1,15.43,9.0,5.0,100.0,1,1.0,1,100.0,0.0,1,Pet Shop,0,,,,,,,,,,
9c690ceacd5c66731bf443ea810195cb,CAMANDUCAIA,MG,10,871.8,87.18,12,2,10,249.22,6.0,0.3,0.0,0,4.3,10,10.0,70.0,2,Garden Tools,0,,,,,,,,,,
9c7fd21e0aa159b20da593371f08ff7c,OSASCO,SP,7,798.3,114.042857,8,5,7,123.5,6.285714285714286,0.14285714285714285,14.285714285714285,1,3.2857142857142856,7,14.285714285714285,28.57142857142857,4,Fixed Telephony,1,Other,Reseller,Online Medium,Cat,Not Specified,0.0,0.0,0.0,0.0,2.0
9cad4b68bb993ee401a3c5aaa2bc26dd,BIRIGUI,SP,5,649.3,129.86,7,4,5,114.03,16.2,1.2,20.0,1,2.8,5,20.0,20.0,1,Health Beauty,0,,,,,,,,,,
9cea4682e16655f7da87f406902e989e,ARAUCARIA,PR,4,87.76,21.94,9,2,4,131.47,6.75,0.25,0.0,0,4.0,4,25.0,75.0,2,Not Specified,0,,,,,,,,,,
9cf787a239c1aa29dbd76f153dc13f9a,FRANCA,SP,4,316.0,79.0,4,2,4,52.4,5.0,0.0,0.0,0,4.75,4,0.0,75.0,1,Stationery,1,Other,Reseller,Online Medium,Not Specified,Not Specified,0.0,0.0,0.0,0.0,14.0
9d213f303afae4983637247556438ede,IBITINGA,SP,2,47.7,23.85,3,2,2,73.11,5.0,0.5,0.0,0,5.0,2,0.0,100.0,1,Bed Bath Table,1,Paid Search,Reseller,Online Big,Cat,Not Specified,0.0,0.0,0.0,0.0,28.0
9d39404483343dd55c7ae254494d8388,SAO PAULO,SP,10,293.2,29.32,10,4,10,141.08,10.3,1.0,10.0,1,3.5,10,30.0,50.0,1,Telephony,0,,,,,,,,,,
9d489893ff6af05029671b785f54b998,LEME,SP,5,298.7,59.74,6,5,5,102.54,5.2,1.6,0.0,0,4.0,5,20.0,60.0,2,Construction Tools Lights,0,,,,,,,,,,
9d4db00d65d7760644ac0c14edb5fd86,SOROCABA,SP,98,9979.7,101.833673,100,41,98,1533.11,6.680412371134021,0.3877551020408163,4.081632653061225,4,4.479591836734694,98,5.1020408163265305,69.38775510204081,7,Toys,0,,,,,,,,,,
9d5604a1f112324ad6b2aa552122e0fb,FLORIANOPOLIS,SP,13,421.5,32.423076,17,3,13,340.48,10.615384615384615,0.5384615384615384,0.0,0,3.5384615384615383,13,23.076923076923077,38.46153846153847,1,Home Construction,0,,,,,,,,,,
9d5a9018aee56acb367ba9c3f05d1d6a,APARECIDA DE GOIANIA,GO,67,10292.31,153.616567,79,22,67,1689.9,10.757575757575758,0.40298507462686567,1.4925373134328357,1,4.417910447761194,67,7.462686567164178,74.6268656716418,5,Baby,0,,,,,,,,,,
9d681c7e12db302cb261e721040dde65,CURITIBA,PR,13,785.6,60.430769,14,8,13,273.08,6.6923076923076925,1.0,0.0,0,4.923076923076923,13,0.0,92.3076923076923,1,Sports Leisure,1,Organic Search,Reseller,Online Small,Cat,Not Specified,0.0,0.0,0.0,0.0,0.0
9d69ba0a7a626a64dc5db08e529559cf,RIBEIRAO PRETO,SP,1,19.3,19.3,1,1,1,18.24,9.0,0.0,0.0,0,5.0,1,0.0,100.0,1,Food,0,,,,,,,,,,
9d7a1d34a5052409006425275ba1c2b4,FRANCA,SP,13,1054.82,81.14,16,12,13,277.05,9.384615384615385,0.6153846153846154,7.6923076923076925,1,4.384615384615385,13,7.6923076923076925,69.23076923076923,4,Stationery,0,,,,,,,,,,
9da15f4a4ea758d9eeb49000dbe57e22,OSASCO,SP,1,196.9,196.9,1,1,1,37.71,2.0,1.0,100.0,1,2.0,1,0.0,0.0,1,Office Furniture,1,Other,Reseller,Online Medium,Wolf,Not Specified,0.0,0.0,0.0,0.0,8.0
9da1ca0bef29ee170e541927a5aeabdc,VOTUPORANGA,SP,6,1484.4,247.4,6,2,6,127.63,14.333333333333334,0.6666666666666666,16.666666666666664,1,3.0,6,33.33333333333333,33.33333333333333,2,Cool Stuff,0,,,,,,,,,,
9dc79dd988ac42f4d56c340d7048420a,SAO PAULO,SP,4,749.6,187.4,4,3,4,94.33,5.25,0.0,0.0,0,4.75,4,0.0,75.0,1,Health Beauty,0,,,,,,,,,,
9dd459b29a14bf89d47183cf2cd0e4c7,SAO PAULO,SP,2,180.0,90.0,2,2,2,18.82,3.0,1.5,50.0,1,5.0,2,0.0,100.0,1,Auto,0,,,,,,,,,,
9dd59e43f0c9f0553244e8f9c2fb247e,FOZ DO IGUACU,PR,10,356.3,35.63,10,8,10,151.82,10.5,0.2,10.0,1,4.8,10,0.0,90.0,1,Perfumery,0,,,,,,,,,,
9dda5bbacd45e18d6485fee649205d09,SANTA RITA DO SAPUCAI,MG,19,1912.6,100.663157,22,18,19,506.73,8.842105263157896,0.5789473684210527,5.263157894736842,1,4.105263157894737,19,5.263157894736842,57.89473684210527,2,Furniture Decor,0,,,,,,,,,,
9de4643a8dbde634fe55621059d92273,JOINVILLE,SC,72,17560.34,243.893611,81,5,72,1722.07,11.36111111111111,0.2638888888888889,2.7777777777777777,2,4.527777777777778,72,4.166666666666666,72.22222222222221,2,Housewares,0,,,,,,,,,,
9df5750209b83567ec144eb299d7d634,SAO LEOPOLDO,RS,11,4917.0,447.0,11,8,11,259.3,9.181818181818182,0.8181818181818182,9.090909090909092,1,4.0,11,18.181818181818183,54.54545454545454,3,Garden Tools,0,,,,,,,,,,
9e17b9d64683aebcbb9ee362d06463b4,RIBEIRAO PRETO,SP,2,98.7,49.35,3,2,2,37.97,,0.0,0.0,0,1.0,2,100.0,0.0,2,Sports Leisure,0,,,,,,,,,,
9e25199f6ef7e7c347120ff175652c3b,TAUBATE,SP,1,12.5,12.5,1,1,1,14.52,7.0,0.0,0.0,0,4.0,1,0.0,0.0,1,Housewares,0,,,,,,,,,,
9e6229250fedbe05838fef417b74e7fb,MIRANDOPOLIS,SP,74,13132.2,177.462162,78,25,74,1854.45,8.205479452054794,0.6216216216216216,2.7027027027027026,2,3.891891891891892,74,10.81081081081081,44.5945945945946,3,Baby,0,,,,,,,,,,
9e6967d3cf386d284251784b18ccb485,SAO CAETANO DO SUL,SP,9,517.67,57.518888,11,3,9,137.23,4.333333333333333,0.6666666666666666,11.11111111111111,1,3.888888888888889,9,22.22222222222222,55.55555555555556,3,Not Specified,1,Organic Search,Reseller,Online Big,Cat,Not Specified,0.0,0.0,0.0,0.0,9.0
9e7c5f4d7770eab65738cca38f9efccf,SAO PAULO,SP,2,184.8,92.4,2,2,2,38.08,7.0,0.0,0.0,0,3.5,2,0.0,0.0,1,Toys,1,Paid Search,Reseller,Online Medium,Cat,Not Specified,0.0,0.0,0.0,0.0,5.0
9e94fa26a70ede4d26226e918e8706a2,SAO CARLOS,SP,1,62.8,62.8,1,1,1,9.94,1.0,0.0,0.0,0,5.0,1,0.0,100.0,1,Housewares,0,,,,,,,,,,
9e9b539eb2806acee3f5c28085c1db9f,CONTAGEM,MG,3,967.0,322.333333,3,3,3,72.47,18.0,0.6666666666666666,33.33333333333333,1,3.6666666666666665,3,33.33333333333333,66.66666666666666,2,Small Appliances,0,,,,,,,,,,
9ed65337433adfbedefd23dd76eaa494,SAO PAULO,SP,6,1262.6,210.433333,6,3,6,81.05,5.5,1.0,0.0,0,4.833333333333333,6,0.0,83.33333333333334,1,Sports Leisure,0,,,,,,,,,,
9ef932e837d8b7f392c0bfee9d359dc2,IBITINGA,SP,1,59.9,59.9,1,1,1,19.66,36.0,0.0,100.0,1,3.0,1,0.0,0.0,1,Not Specified,0,,,,,,,,,,
9f50216bfd01913736a55a11b55ea842,TAUBATE,SP,17,1354.0,79.647058,19,14,17,317.1,6.470588235294118,0.7058823529411765,11.76470588235294,2,4.411764705882353,17,0.0,58.82352941176471,8,Computers Accessories,0,,,,,,,,,,
9f505651f4a6abe901a56cdc21508025,SAO PAULO,SP,397,26361.82,66.402569,430,77,394,6030.04,6.628498727735369,0.5793450881612091,4.030226700251889,16,4.335012594458438,397,8.060453400503778,68.26196473551637,7,Computers Accessories,0,,,,,,,,,,
9f56a7a649097b166d8ed286ad86a15c,RIO DE JANEIRO,RJ,2,27.98,13.99,2,2,2,23.04,,0.0,0.0,0,1.0,2,100.0,0.0,1,Christmas Supplies,0,,,,,,,,,,
9fbd5666d8618fa571c4230fafa09bd6,SAO PAULO,SP,1,79.9,79.9,1,1,1,16.81,7.0,0.0,0.0,0,5.0,1,0.0,100.0,1,Auto,0,,,,,,,,,,
9fc70243fb26800cba56e8f014797004,BELO HORIZONTE,MG,6,466.6,77.766666,7,2,6,104.7,7.166666666666667,0.6666666666666666,0.0,0,4.5,6,0.0,66.66666666666666,2,Garden Tools,0,,,,,,,,,,
9fe7c6641c79970ab48185498f547c09,SAO PAULO,SP,1,130.0,130.0,1,1,1,34.71,11.0,2.0,0.0,0,5.0,1,0.0,100.0,1,Luggage Accessories,0,,,,,,,,,,
a00824eb9093d40e589b940ec45c4eb0,BOFETE,SP,3,9399.97,3133.323333,3,1,3,379.49,6.666666666666667,0.3333333333333333,0.0,0,4.666666666666667,3,0.0,66.66666666666666,1,Computers,0,,,,,,,,,,
a0415d9b25ede3c4b1e477e9916ffc03,NOVA IGUACU,RJ,10,4044.1,404.41,10,8,10,203.88,6.888888888888889,0.4,0.0,0,3.9,10,10.0,50.0,2,Watches Gifts,0,,,,,,,,,,
a066df7361163e7ddc5d7452dd17448b,FRANCA,SP,15,1078.3,71.886666,17,6,15,266.32,13.666666666666666,0.4,20.0,3,4.4,15,6.666666666666667,80.0,1,Telephony,0,,,,,,,,,,
a06c8ff043abea0528ee44171e2140a2,DIVINOPOLIS,MG,8,514.5,64.3125,8,6,8,92.43,2.875,0.375,0.0,0,4.75,8,0.0,75.0,3,Baby,0,,,,,,,,,,
a080fc8a850289b27500f6b49cca2553,SAO PAULO,SP,4,383.0,95.75,4,4,4,52.57,4.0,0.0,0.0,0,4.75,4,0.0,75.0,2,Auto,0,,,,,,,,,,
a08692680c77d30a0b4280da5df01c5a,SAO PAULO,SP,6,2433.0,405.5,17,4,5,227.91,5.833333333333333,0.5,0.0,0,5.0,6,0.0,100.0,1,Computers Accessories,0,,,,,,,,,,
a09a13f18ed27932d08438aa6f12756e,SAPIRANGA,RS,1,29.9,29.9,1,1,1,16.11,7.0,0.0,0.0,0,3.0,1,0.0,0.0,1,Garden Tools,0,,,,,,,,,,
a0a14e50070f3225b3eabba5b85da517,CURITIBA,PR,4,176.2,44.05,4,1,4,72.44,4.75,0.5,0.0,0,4.5,4,0.0,75.0,1,Furniture Living Room,0,,,,,,,,,,
a0d7fbb07bb5ebc3b05980e750db56f3,FERRAZ DE VASCONCELOS,SP,3,848.99,282.996666,4,4,3,236.19,13.666666666666666,2.0,0.0,0,2.3333333333333335,3,66.66666666666666,33.33333333333333,1,Furniture Decor,0,,,,,,,,,,
a0e19590a0923cdd0614ea9427713ced,SAO JOSE DOS PINHAIS,PR,2,258.3,129.15,7,1,2,139.12,,0.5,0.0,0,1.0,2,100.0,0.0,1,Art,0,,,,,,,,,,
a1040efe9ff4a6f93c28b0499eada8f5,JUNDIAI,SP,1,1658.83,1658.83,1,1,1,34.48,14.0,1.0,0.0,0,5.0,1,0.0,100.0,1,Construction Tools Safety,0,,,,,,,,,,
a1043bafd471dff536d0c462352beb48,ILICINEA,MG,718,101901.16,141.923621,770,6,714,31844.09,11.653846153846153,0.5097493036211699,4.874651810584958,35,4.213091922005571,718,9.052924791086351,59.47075208913649,3,Garden Tools,0,,,,,,,,,,
a11a0e0ca67423425691db355cff69b0,INDAIATUBA,SP,2,448.9,224.45,2,2,2,28.08,4.5,0.5,0.0,0,5.0,2,0.0,100.0,1,Auto,1,Paid Search,Manufacturer,Online Medium,Cat,Not Specified,0.0,0.0,0.0,0.0,0.0
a13580f0e8f782b7a543885a0ef99f08,RIO DE JANEIRO,RJ,10,1304.9,130.49,10,5,10,258.78,20.0,0.4,20.0,2,4.4,10,0.0,50.0,2,Perfumery,0,,,,,,,,,,
a13aaf2d2886ab9fb30fb9a920160b8f,JOINVILLE,SC,4,1011.52,252.88,4,1,4,74.31,8.5,0.75,25.0,1,4.5,4,0.0,50.0,1,Musical Instruments,0,,,,,,,,,,
a1474fd46fd3430168f7ec202da39408,PINHAIS,SP,12,2752.5,229.375,14,8,12,661.02,16.083333333333332,0.3333333333333333,16.666666666666664,2,4.333333333333333,12,8.333333333333332,58.333333333333336,3,Auto,0,,,,,,,,,,
a150c540f572d0fb53992264bc5c10b5,SOROCABA,SP,1,119.9,119.9,1,1,1,15.59,9.0,0.0,0.0,0,4.0,1,0.0,0.0,1,Consoles Games,0,,,,,,,,,,
a1544b9ea0b2390e020537d4daa89049,JUNDIAI,SP,8,841.2,105.15,8,4,8,107.33,8.75,0.375,0.0,0,3.875,8,12.5,37.5,1,Fashion Bags Accessories,0,,,,,,,,,,
a154d7316f158bb42e6fa18bbe3afd3a,SAO PAULO,SP,2,139.8,69.9,2,1,2,50.33,42.5,0.0,50.0,1,3.0,2,50.0,50.0,1,Not Specified,0,,,,,,,,,,
a17f621c590ea0fab3d5d883e1630ec6,SOROCABA,SP,65,2778.58,42.747384,80,34,64,1122.96,9.65079365079365,0.5384615384615384,6.153846153846154,4,3.9692307692307693,65,15.384615384615385,58.46153846153847,2,Sports Leisure,0,,,,,,,,,,
a1bea7061f61f6fdd9a85a6325ba1033,CARAPICUIBA / SAO PAULO,SP,9,810.95,90.105555,9,8,9,99.93,2.888888888888889,0.1111111111111111,11.11111111111111,1,4.444444444444445,9,0.0,66.66666666666666,8,Telephony,0,,,,,,,,,,
a1bea9970d8f65b240555f99c2214f7f,PINHAIS,PR,1,75.0,75.0,1,1,1,27.48,8.0,0.0,0.0,0,3.0,1,0.0,0.0,1,Construction Tools Lights,0,,,,,,,,,,
a1ed30492b3b798bc121845bc4aa7366,SAO PAULO,SP,1,41.8,41.8,2,1,1,23.7,,0.0,0.0,0,3.0,1,0.0,0.0,1,Perfumery,0,,,,,,,,,,
a20d8058c866dbaeca014d2cd20ac62e,SAO JOSE DOS CAMPOS,SP,2,1194.0,597.0,2,1,2,44.9,21.0,0.5,0.0,0,5.0,2,0.0,100.0,1,Small Appliances,0,,,,,,,,,,
a213f1bd6458f4a158f3746cb2514559,MARINGA,PR,1,41.52,41.52,1,1,1,14.43,7.0,0.0,0.0,0,5.0,1,0.0,100.0,1,Computers Accessories,1,Paid Search,Reseller,Not Specified,Not Specified,Not Specified,0.0,0.0,0.0,0.0,97.0
a218df5c097b0ca409cfaac1488cc7f6,ARARAQUARA,SP,4,130.69,32.6725,4,4,4,110.01,6.5,0.25,0.0,0,2.75,4,25.0,0.0,3,Housewares,0,,,,,,,,,,
a21c11ec5c3f03e7cc9f9203bff9e1c6,SANTANA DE PARNAIBA,SP,3,385.0,128.333333,4,2,3,90.88,6.666666666666667,0.0,0.0,0,3.6666666666666665,3,33.33333333333333,66.66666666666666,2,Perfumery,0,,,,,,,,,,
a23266650e7c84bb93fbbba502137478,PORTO ALEGRE,RS,11,1512.4,137.490909,16,8,11,279.04,9.363636363636363,0.18181818181818182,0.0,0,3.8181818181818183,11,18.181818181818183,45.45454545454545,5,Garden Tools,0,,,,,,,,,,
a247197e2e9c19a6a53a6888cb8b660f,SAO JOSE DO RIO PRETO,SP,2,798.0,399.0,2,1,2,143.07,,0.0,0.0,0,1.0,2,100.0,0.0,1,Toys,0,,,,,,,,,,
a254c682cc01e119f83530446f1df9a9,CAFELANDIA,SP,6,569.4,94.9,7,3,6,240.02,13.333333333333334,0.5,16.666666666666664,1,4.0,6,16.666666666666664,50.0,1,Pet Shop,0,,,,,,,,,,
a2a41aedb70551d4a85aa04dc2fced48,SAO PAULO,SP,2,52.79,26.395,2,1,2,26.94,5.0,1.5,0.0,0,4.0,2,0.0,50.0,1,Home Appliances,0,,,,,,,,,,
a2b5b6105ea5942300631d2e76f4ffe0,OSASCO,SP,16,3286.69,205.418125,16,6,16,722.65,5.875,0.375,6.25,1,4.75,16,0.0,75.0,2,Toys,0,,,,,,,,,,
a2b911e9ad40dc7d61c142a4683e2d85,BARRA MANSA,RJ,1,85.9,85.9,1,1,1,34.4,12.0,0.0,0.0,0,5.0,1,0.0,100.0,1,Sports Leisure,0,,,,,,,,,,
a2deecd5398f5df4987110c80a1972a3,SAO PAULO,SP,16,827.43,51.714375,16,7,15,292.1,6.769230769230769,0.0625,0.0,0,3.625,16,25.0,43.75,2,Home Appliances,0,,,,,,,,,,
a2e85714b56b1cb6bb24a9a6e6cad36f,MIGUELOPOLIS,SP,2,339.7,169.85,3,3,2,40.74,,0.0,0.0,0,1.0,2,100.0,0.0,1,Sports Leisure,0,,,,,,,,,,
a2e874074c877c5a05abae80ad6e488f,SAO JOSE DO RIO PRETO,SP,44,8071.98,183.45409,46,21,44,1202.82,8.4,0.5,4.545454545454546,2,3.9545454545454546,44,15.909090909090908,52.27272727272727,5,Housewares,0,,,,,,,,,,
a2fa0bdc798ee84cdb08281337cf4fb6,FLORIANOPOLIS,SC,10,392.75,39.275,13,7,10,218.27,9.0,1.0,0.0,0,4.0,10,20.0,70.0,1,Books General Interest,0,,,,,,,,,,
a3082f442524a1be452e3189e003b361,CURITIBA,SP,3,301.6,100.533333,4,3,3,97.65,7.333333333333333,0.3333333333333333,0.0,0,4.333333333333333,3,0.0,33.33333333333333,1,Auto,0,,,,,,,,,,
a35124e2d763d7ca3fbe3b97d143200f,SAO PAULO,SP,4,411.5,102.875,7,2,4,78.89,4.25,0.25,0.0,0,4.75,4,0.0,75.0,1,Garden Tools,0,,,,,,,,,,
a353b1083c9863d756d9404695016d64,CARIACICA,ES,1,120.0,120.0,1,1,1,17.09,15.0,0.0,0.0,0,5.0,1,0.0,100.0,1,Musical Instruments,0,,,,,,,,,,
a35ef466c6fd6d052f5d241240d3c5e2,NOVO HAMBURGO,RS,3,569.9,189.966666,3,3,3,79.65,10.666666666666666,0.3333333333333333,0.0,0,4.666666666666667,3,0.0,66.66666666666666,1,Sports Leisure,0,,,,,,,,,,
a369d693961cb93b61ca2cc518872a85,SAO JOSE DO RIO PRETO,SP,11,2597.0,236.090909,18,7,11,616.79,7.7272727272727275,0.5454545454545454,0.0,0,3.909090909090909,11,18.181818181818183,54.54545454545454,2,Home Construction,0,,,,,,,,,,
a36ac007a4d18f865c8d32c3b2402c2d,BARUERI,SP,9,1359.78,151.086666,9,3,9,177.19,6.0,0.1111111111111111,0.0,0,2.5555555555555554,9,44.44444444444444,22.22222222222222,2,Garden Tools,0,,,,,,,,,,
a36b125ac6d5fdbc7f50de85c9157bdc,RIBEIRAO PRETO,SP,24,1843.64,76.818333,26,10,24,388.99,9.652173913043478,0.5416666666666666,8.333333333333332,2,3.9583333333333335,24,8.333333333333332,41.66666666666667,3,Sports Leisure,0,,,,,,,,,,
a37c340b91cb0169e8b029db6440fba2,SAO PAULO,SP,5,345.0,69.0,5,1,5,94.95,6.2,0.4,0.0,0,4.8,5,0.0,80.0,1,Not Specified,0,,,,,,,,,,
a3a38f4affed601eb87a97788c949667,JOINVILLE,SC,254,26533.32,104.461889,263,115,252,5241.95,10.613545816733067,0.3661417322834646,4.330708661417323,11,4.354330708661418,254,6.299212598425196,67.32283464566929,12,Toys,0,,,,,,,,,,
a3b0df0065e264a91b7bbf5f844af5cd,SAO BERNARDO DO CAPO,SP,2,186.69,93.345,2,2,2,32.06,9.5,0.5,0.0,0,5.0,2,0.0,100.0,1,Auto,0,,,,,,,,,,
a3b42d266fa8afc874b909422ce88582,ORLANDIA,SP,1,839.4,839.4,6,1,1,81.84,2.0,0.0,0.0,0,5.0,1,0.0,100.0,1,Computers Accessories,0,,,,,,,,,,
a3dd39f583bc80bd8c5901c95878921e,SALVADOR,BA,34,4607.81,135.523823,37,3,34,804.35,10.352941176470589,0.38235294117647056,2.941176470588235,1,4.588235294117647,34,2.941176470588235,70.58823529411765,1,Food Drink,0,,,,,,,,,,
a3e9a2c700480d9bb01fba070ba80a0e,IBITINGA,SP,130,13440.8,103.390769,144,72,130,2883.09,10.4031007751938,0.4230769230769231,9.230769230769232,12,3.9461538461538463,130,15.384615384615385,51.53846153846153,2,Bed Bath Table,0,,,,,,,,,,
a3f0b55de503387383c7b1de3ad7f678,CURITIBA,PR,24,4348.4,181.183333,26,13,24,1229.34,8.375,0.3333333333333333,4.166666666666666,1,4.416666666666667,24,4.166666666666666,66.66666666666666,2,Fashion Bags Accessories,0,,,,,,,,,,
a3fa18b3f688ec0fca3eb8bfcbd2d5b3,SA~O PAULO,SP,1,47.8,47.8,2,1,1,36.46,7.0,0.0,0.0,0,5.0,1,0.0,100.0,1,Perfumery,0,,,,,,,,,,
a414555ce331b8c8aea4a9cb8395194d,SAO PAULO,SP,7,1450.95,207.278571,8,4,7,242.64,4.142857142857143,0.7142857142857143,0.0,0,3.2857142857142856,7,14.285714285714285,28.57142857142857,3,Garden Tools,1,Organic Search,Reseller,Online Medium,Not Specified,Not Specified,0.0,0.0,0.0,0.0,3.0
a416b6a846a11724393025641d4edd5e,SAO PAULO,SP,162,25670.72,158.461234,181,113,161,2999.8,9.292993630573248,0.37037037037037035,10.493827160493826,17,4.12962962962963,162,13.580246913580247,66.66666666666666,2,Health Beauty,0,,,,,,,,,,
a420f60ff1aa9acc80d0e42959f2b313,SAO PAULO,SP,67,7443.3,111.094029,69,23,67,1099.97,9.955223880597014,0.3582089552238806,7.462686567164178,5,3.925373134328358,67,13.432835820895523,47.76119402985074,9,Baby,0,,,,,,,,,,
a425f92c199eb576938df686728acd20,CURITIBA,PR,17,1165.8,68.57647,19,18,16,308.95,6.6875,2.2941176470588234,0.0,0,4.294117647058823,17,17.647058823529413,82.35294117647058,5,Furniture Decor,0,,,,,,,,,,
a435b009cd956ea60748b5cfbddf2e24,FRANCA,SP,3,361.18,120.393333,3,2,3,45.21,21.333333333333332,0.0,33.33333333333333,1,4.333333333333333,3,0.0,66.66666666666666,2,Perfumery,0,,,,,,,,,,
a44fb5a447105f8469bdf16bf9159f25,PORTO ALEGRE,RS,19,3706.1,195.057894,19,11,19,586.61,9.31578947368421,0.2631578947368421,21.052631578947366,4,4.052631578947368,19,15.789473684210526,63.1578947368421,1,Sports Leisure,0,,,,,,,,,,
a45314082d50d578a4721c9787ce09ab,MIRASSOL,SP,2,424.9,212.45,2,2,2,29.02,3.5,0.0,0.0,0,5.0,2,0.0,100.0,2,Sports Leisure,0,,,,,,,,,,
a45765f8afb1e594b22bf9e974b46765,SAO PAULO,SP,1,79.99,79.99,1,1,1,8.93,4.0,0.0,0.0,0,4.0,1,0.0,0.0,1,Auto,0,,,,,,,,,,
a478c7961d6a992065b24e63b366f90b,BLUMENAU,SC,8,1281.5,160.1875,9,5,8,170.06,7.5,0.625,0.0,0,4.875,8,0.0,87.5,2,Home Construction,0,,,,,,,,,,
a49928bcdf77c55c6d6e05e09a9b4ca5,SAO PAULO,SP,98,8816.7,89.966326,106,3,98,1757.55,9.666666666666666,0.4387755102040816,21.428571428571427,21,3.010204081632653,98,34.69387755102041,29.591836734693878,3,Toys,0,,,,,,,,,,
a4b6b9b992b46e9ef863637af96e04bc,FLORIANOPOLIS,SC,7,7147.0,1021.0,14,6,7,305.36,15.5,1.0,14.285714285714285,1,3.2857142857142856,7,28.57142857142857,14.285714285714285,3,Garden Tools,0,,,,,,,,,,
a4b8d97cd5d3674eeff96abc99d8ed67,SUMARE,SP,1,214.08,214.08,1,1,1,19.3,5.0,0.0,0.0,0,1.0,1,100.0,0.0,1,Construction Tools Construction,0,,,,,,,,,,
a4bd6e9adf39b63f43dc545d3ca1f53d,RIO DE JANEIRO,RJ,4,1848.59,462.1475,5,4,4,112.38,7.25,0.25,0.0,0,4.5,4,0.0,75.0,2,Garden Tools,0,,,,,,,,,,
a4e634166243bbb3a13fa584463fa468,OSASCO,SP,2,155.55,77.775,2,2,2,45.63,,1.0,0.0,0,2.0,2,0.0,0.0,2,Electronics,0,,,,,,,,,,
a4fc6eadaff1576af888509a53420f6a,SAO CAETANO DO SUL,SP,1,100.86,100.86,1,1,1,20.76,15.0,0.0,0.0,0,3.0,1,0.0,0.0,1,Computers Accessories,1,Paid Search,Reseller,Not Specified,Cat,Not Specified,0.0,0.0,0.0,0.0,1.0
a513150f33f99a06569e9cd5c4bb889b,SAO PAULO,SP,2,677.0,338.5,2,2,2,34.25,7.0,2.0,0.0,0,4.5,2,0.0,50.0,2,Construction Tools Construction,0,,,,,,,,,,
a5259c149128e82c9d6d46e0c1c812bb,JI PARANA,RO,8,1182.26,147.7825,8,7,8,438.87,16.0,0.375,0.0,0,3.875,8,12.5,50.0,1,Auto,0,,,,,,,,,,
a53f60f05f822b5c621a50ff6a5cb362,UBERLANDIA,MG,4,415.4,103.85,6,4,4,129.13,5.0,0.75,0.0,0,4.0,4,25.0,75.0,2,Furniture Decor,1,Organic Search,Manufacturer,Online Big,Wolf,Not Specified,0.0,0.0,0.0,0.0,7.0
a56a8043ebf66e42119618fb8cf232c6,JOINVILLE,SC,1,83.0,83.0,1,1,1,23.73,8.0,0.0,0.0,0,5.0,1,0.0,100.0,1,Computers Accessories,0,,,,,,,,,,
a56e351445e5863fc8960640ba9190c7,ITAJAI,SC,3,760.92,253.64,4,2,3,65.06,9.666666666666666,0.3333333333333333,0.0,0,4.333333333333333,3,0.0,33.33333333333333,2,Baby,1,Direct Traffic,Reseller,Online Small,Cat,Not Specified,0.0,0.0,0.0,0.0,5.0
a5a1bfcf728ab0e19182959cf0771ee4,SOCORRO,SP,21,1812.96,86.331428,24,6,21,347.89,11.666666666666666,0.3333333333333333,4.761904761904762,1,4.333333333333333,21,4.761904761904762,61.904761904761905,3,Food,0,,,,,,,,,,
a5bff0f43eb51f0cad7c37fac7244c8a,SAO PAULO,SP,4,445.0,111.25,5,2,4,96.27,13.5,0.75,0.0,0,4.75,4,0.0,75.0,1,Garden Tools,0,,,,,,,,,,
a5cba26a62b8b4d0145b68b841e62e7f,CAMPO MOURAO,PR,54,14737.84,272.922962,55,18,54,1382.82,8.90566037735849,0.5555555555555556,1.8518518518518516,1,4.518518518518518,54,3.7037037037037033,74.07407407407408,3,Health Beauty,0,,,,,,,,,,
a5dd1946fb63ada8bcaa0c9cd8f11e22,CARUARU,PE,6,219.62,36.603333,7,6,6,206.71,14.5,0.3333333333333333,0.0,0,3.8333333333333335,6,16.666666666666664,50.0,2,Health Beauty,0,,,,,,,,,,
a5ff20ff766e7f50bd5066f33da14413,SAO PAULO,SP,2,66.59,33.295,4,3,2,43.58,4.5,0.5,0.0,0,3.0,2,50.0,50.0,2,Home Appliances,0,,,,,,,,,,
a61cc04793308395a840807104365121,JARINU,SP,1,14.63,14.63,1,1,1,23.74,7.0,1.0,0.0,0,5.0,1,0.0,100.0,1,Housewares,0,,,,,,,,,,
a63bfbaa882c8f4542891b4e2246cc7f,NITEROI,RJ,7,6772.0,967.428571,7,5,7,264.19,9.666666666666666,0.2857142857142857,0.0,0,4.428571428571429,7,14.285714285714285,85.71428571428571,1,Health Beauty,1,Referral,Reseller,Online Big,Cat,Not Specified,0.0,0.0,0.0,0.0,2.0
a64e44665225d19dfc0277eeeaaccc57,SAO PAULO,SP,6,335.0,55.833333,6,3,6,91.76,5.333333333333333,0.3333333333333333,0.0,0,5.0,6,0.0,100.0,1,Health Beauty,1,Other,Manufacturer,Online Medium,Cat,Not Specified,0.0,0.0,0.0,0.0,12.0
a663d9c3797e90eac99ff60939416a56,SAO PAULO,SP,1,235.0,235.0,1,1,1,14.08,3.0,0.0,0.0,0,5.0,1,0.0,100.0,1,Computers Accessories,1,Other,Reseller,Not Specified,Cat,Not Specified,0.0,0.0,0.0,0.0,9.0
a673821011d0cec28146ea42f5ab767f,SAO PAULO,SP,129,13863.69,107.470465,146,53,128,2626.45,8.712,0.4728682170542636,10.077519379844961,13,3.9069767441860463,129,15.503875968992247,56.58914728682171,7,Bed Bath Table,0,,,,,,,,,,
a67780aba9dd436e7ac0aa1f889e73ec,PRESIDENTE PRUDENTE,SP,6,863.0,143.833333,6,5,6,178.04,14.0,0.6666666666666666,16.666666666666664,1,3.6666666666666665,6,16.666666666666664,33.33333333333333,2,Sports Leisure,0,,,,,,,,,,
a69aa24cec11168e7e39a3fbc727e925,CARAPICUIBA,SP,3,105.97,35.323333,3,2,3,34.32,4.666666666666667,0.6666666666666666,0.0,0,5.0,3,0.0,100.0,1,Health Beauty,1,Organic Search,Reseller,Online Big,Cat,Not Specified,0.0,0.0,0.0,0.0,55.0
a6bd7d1ccdac48c6b33b28596b7eb122,MAMANGUAPE,PB,16,14368.61,898.038125,16,16,16,678.02,11.333333333333334,1.0625,6.25,1,3.4375,16,37.5,56.25,1,Watches Gifts,0,,,,,,,,,,
a6fe7de3d16f6149ffe280349a8535a0,FRANCA,SP,51,2904.8,56.956862,52,12,51,742.62,10.64,0.6862745098039216,11.76470588235294,6,3.9215686274509802,51,13.725490196078432,52.94117647058824,1,Fashion Underwear Beach,0,,,,,,,,,,
a70e9066dbfd10b6b97a3f54a1356762,MANDAGUARI,PR,2,1716.0,858.0,4,2,2,311.4,8.5,0.5,0.0,0,5.0,2,0.0,100.0,1,Furniture Decor,0,,,,,,,,,,
a72c2f59332659e361d647515c698798,FLORES DA CUNHA,RS,5,802.9,160.58,6,3,5,131.03,7.4,0.6,0.0,0,4.8,5,0.0,80.0,2,Pet Shop,0,,,,,,,,,,
a72f15980dc3e9bfd1a49ac9b2f3af65,MARILIA,SP,1,89.9,89.9,1,1,1,18.73,4.0,0.0,0.0,0,4.0,1,0.0,0.0,1,Furniture Decor,0,,,,,,,,,,
a7a9b880c49781da66651ccf4ba9ac38,ITIRAPINA,SP,3,307.6,102.533333,4,4,3,65.47,8.333333333333334,0.6666666666666666,0.0,0,3.6666666666666665,3,0.0,0.0,1,Bed Bath Table,1,Paid Search,Reseller,Offline,Cat,Not Specified,0.0,0.0,0.0,0.0,35.0
a7b7354cc588f7566a848bcbb1ce3d96,SAO PAULO,SP,2,79.8,39.9,2,1,2,25.07,4.5,0.5,0.0,0,4.0,2,0.0,50.0,1,Home Appliances,0,,,,,,,,,,
a7c53f6b3b61adbdaa99dda97e8cbd56,BARRETOS,SP,1,99.0,99.0,1,1,1,11.3,5.0,0.0,0.0,0,4.0,1,0.0,0.0,1,Baby,0,,,,,,,,,,
a7c88262832dfc683781d6a421edefae,MOGI DAS CRUZES,SP,5,1520.0,304.0,5,5,5,82.42,9.2,0.4,0.0,0,4.2,5,0.0,40.0,1,Perfumery,0,,,,,,,,,,
a7d0f8dd44f57ef6de7f7f02e3d82630,SAO PAULO,SP,2,73.79,36.895,2,2,2,25.88,3.5,1.0,0.0,0,4.5,2,0.0,50.0,2,Cool Stuff,1,Email,Reseller,Online Medium,Cat,Not Specified,0.0,0.0,0.0,0.0,1.0
a7dc4098e4da6e41b426269d12ae7e91,SAO PAULO,SP,2,518.0,259.0,3,2,2,36.45,2.0,2.0,0.0,0,3.0,2,50.0,50.0,1,Auto,0,,,,,,,,,,
a7ecf689b40a44361e259b28939023e4,VILA VELHA,ES,1,389.0,389.0,1,1,1,21.91,8.0,0.0,0.0,0,5.0,1,0.0,100.0,1,Sports Leisure,0,,,,,,,,,,
a7f13822ceb966b076af67121f87b063,ITAQUAQUECETUBA,SP,75,12477.64,166.368533,86,32,75,3117.48,11.506849315068493,0.7066666666666667,4.0,3,3.3066666666666666,75,25.333333333333336,34.66666666666667,5,Office Furniture,0,,,,,,,,,,
a806a4bb063ea7ca6d374eafa50a6058,SERRA,ES,5,294.4,58.88,6,5,5,110.87,9.4,1.0,0.0,0,4.0,5,0.0,40.0,1,Perfumery,0,,,,,,,,,,
a81466620e46a6970b22ef40379fdfc9,SAO LUDGERO,SC,2,321.8,160.9,2,1,2,32.98,7.0,0.0,0.0,0,5.0,2,0.0,100.0,1,Computers Accessories,0,,,,,,,,,,
a8739afb32aaa45e01815ca76f76f54b,SAO BERNARDO DO CAMPO,SP,13,298.83,22.986923,15,8,13,264.73,7.230769230769231,0.23076923076923078,0.0,0,3.769230769230769,13,15.384615384615385,53.84615384615385,1,Electronics,1,Paid Search,Reseller,Online Big,Eagle,Not Specified,0.0,0.0,0.0,0.0,13.0
a888faf2d1baececa6baf9c3d603ee1f,UMUARAMA,PR,54,17765.8,328.996296,55,19,54,1121.52,11.056603773584905,0.2962962962962963,9.25925925925926,5,4.037037037037037,54,14.814814814814813,59.25925925925925,1,Perfumery,0,,,,,,,,,,
a89e143d5211473ae18db9577ee34b64,LIMEIRA,SP,2,140.0,70.0,2,2,2,19.68,1.0,0.0,0.0,0,3.0,2,50.0,50.0,1,Furniture Decor,0,,,,,,,,,,
a90a5da8b09e44264a177c0374a5ac87,PONTA GROSSA,PR,3,74.7,24.9,3,2,3,72.6,8.333333333333334,0.6666666666666666,0.0,0,4.333333333333333,3,0.0,66.66666666666666,1,Telephony,0,,,,,,,,,,
a938325a4b357fd23a6a4d5bb126408e,NILOPOLIS,RJ,24,3231.0,134.625,25,20,24,560.81,9.125,0.625,4.166666666666666,1,3.8333333333333335,24,16.666666666666664,41.66666666666667,1,Auto,0,,,,,,,,,,
a9415cf907dfa12f9ed18693244f5329,PRADOS,MG,1,210.0,210.0,2,1,1,175.42,6.0,0.0,0.0,0,5.0,1,0.0,100.0,1,Kitchen Dining Laundry Garden Furniture,0,,,,,,,,,,
a99504ac23ed125aaf5302af6cc30af9,BATATAIS,SP,1,978.0,978.0,1,1,1,47.24,13.0,1.0,0.0,0,5.0,1,0.0,100.0,1,Home Construction,0,,,,,,,,,,
a9ae440659f48b7849df83e82734150b,SANTO ANDRE,SP,1,285.0,285.0,1,1,1,27.02,10.0,0.0,0.0,0,5.0,1,0.0,100.0,1,Auto,0,,,,,,,,,,
a9b533a26e898b12e8b8d4c07279bf4d,RIO DE JANEIRO,RJ,4,119.6,29.9,4,1,4,71.46,8.75,1.25,0.0,0,5.0,4,0.0,100.0,1,Books General Interest,0,,,,,,,,,,
aa17b35ce4de7b565be3249ba838944f,JUNDIAI,SP,2,79.8,39.9,2,1,2,34.2,11.0,0.0,0.0,0,4.5,2,0.0,50.0,1,Sports Leisure,0,,,,,,,,,,
aa1eb17b9fdf6dfd546e25c45c7b9235,SAO PAULO,SP,3,117.99,39.33,4,2,3,36.27,6.333333333333333,1.3333333333333333,0.0,0,4.666666666666667,3,0.0,66.66666666666666,1,Health Beauty,0,,,,,,,,,,
aa2640d851ec322526f1295bbeb20092,SAO PAULO,SP,1,159.98,159.98,2,1,1,22.36,1.0,2.0,0.0,0,3.0,1,0.0,0.0,1,Furniture Decor,1,Organic Search,Reseller,Online Medium,Not Specified,Not Specified,0.0,0.0,0.0,0.0,9.0
aa762680c40618316a896838866140ea,CURITIBA,PR,3,261.0,87.0,3,1,3,62.46,19.666666666666668,1.6666666666666667,33.33333333333333,1,3.3333333333333335,3,33.33333333333333,33.33333333333333,1,Books General Interest,0,,,,,,,,,,
aa8af66c623d7d544dfe4bb85b5ebe3b,BETIM,MG,1,99.0,99.0,1,1,1,15.57,3.0,0.0,0.0,0,5.0,1,0.0,100.0,1,Art,0,,,,,,,,,,
aac29b1b99776be73c3049939652091d,UBERLANDIA,MG,98,6755.91,68.937857,138,14,98,2709.61,11.851063829787234,0.336734693877551,9.183673469387756,9,4.030612244897959,98,11.224489795918368,52.04081632653062,7,Cool Stuff,0,,,,,,,,,,
aac51c486b672a9850d59f3e84b1cf88,SAO PAULO,SP,10,728.28,72.828,13,6,10,131.29,3.3,0.0,0.0,0,4.8,10,0.0,80.0,3,Food,0,,,,,,,,,,
aadfe0417e61315688b6bd7043361e25,GOIANIA,GO,1,289.9,289.9,1,1,1,14.28,6.0,0.0,0.0,0,4.0,1,0.0,0.0,1,Perfumery,0,,,,,,,,,,
aae3bfea055532c57fb453ed3ec80b30,SANTO ANDRE,SP,48,3057.92,63.706666,50,5,48,799.25,8.9375,0.6875,0.0,0,3.5416666666666665,48,16.666666666666664,33.33333333333333,1,Market Place,0,,,,,,,,,,
aae5953b9edddf14749c0d65d60eb4b9,BELO HORIZONTE,MG,2,173.0,86.5,2,2,2,29.9,8.0,0.0,0.0,0,5.0,2,0.0,100.0,1,Furniture Decor,0,,,,,,,,,,
aae5e7b457a3c72ee230a47d98fceda5,SAO JOSE DOS PINHAS,PR,5,604.8,120.96,7,2,5,140.77,6.6,1.4,0.0,0,4.2,5,0.0,40.0,1,Bed Bath Table,1,Paid Search,Manufacturer,Industry,Not Specified,Not Specified,0.0,0.0,0.0,0.0,41.0
aaed1309374718fdd995ee4c58c9dfcd,TIMBO,SC,105,9376.95,89.304285,112,54,103,2331.07,10.259615384615385,0.5333333333333333,2.857142857142857,3,4.066666666666666,105,12.380952380952381,55.23809523809524,5,Sports Leisure,0,,,,,,,,,,
aafe36600ce604f205b86b5084d3d767,SAO JOSE,SC,129,9251.4,71.716279,131,30,129,2421.8,10.255813953488373,0.6434108527131783,3.875968992248062,5,4.403100775193798,129,6.976744186046512,69.76744186046511,4,Baby,0,,,,,,,,,,
ab27bbbad5239bc31a34709275a70db4,TATUI,SP,3,382.9,127.633333,11,3,3,102.15,4.0,0.6666666666666666,0.0,0,5.0,3,0.0,100.0,2,Garden Tools,0,,,,,,,,,,
ab3e0c171fe84a7ba7de130f19cfb485,COLORADO,PR,7,863.42,123.345714,10,5,7,172.28,12.666666666666666,0.2857142857142857,28.57142857142857,2,3.5714285714285716,7,28.57142857142857,57.14285714285714,2,Furniture Decor,0,,,,,,,,,,
ab75b89cc49c9ab3160d0c91565a442a,TUPA,SP,2,37.98,18.99,2,2,2,15.85,3.0,0.0,0.0,0,1.5,2,50.0,0.0,1,Stationery,0,,,,,,,,,,
ab91571efab27993ff2f6b36e38055c3,SAO PAULO,SP,3,102.24,34.08,4,1,3,56.69,4.0,0.6666666666666666,33.33333333333333,1,4.666666666666667,3,0.0,66.66666666666666,1,Auto,0,,,,,,,,,,
ab9db4cf53b08b828b64dccaafc2d9f0,PARAISO DO SUL,RS,5,277.67,55.534,5,4,5,125.76,8.75,0.4,0.0,0,4.2,5,20.0,80.0,3,Air Conditioning,0,,,,,,,,,,
aba1721a889e04decc910aa13b768ef4,SAO PAULO,SP,83,14103.3,169.919277,92,76,81,1249.17,7.602409638554217,0.26506024096385544,7.228915662650602,6,4.445783132530121,83,4.819277108433735,73.49397590361446,4,Stationery,0,,,,,,,,,,
abbf6046bbdf1028606a5bc7f00c99e7,XANXERE,SC,7,2217.15,316.735714,7,4,7,175.99,9.666666666666666,0.2857142857142857,0.0,0,4.142857142857143,7,14.285714285714285,57.14285714285714,1,Auto,0,,,,,,,,,,
abc015ebac1d283a323ca9db35ede4b9,RIBEIRAO PRETO,SP,12,1106.8,92.233333,13,8,12,222.85,8.75,1.0,0.0,0,4.416666666666667,12,8.333333333333332,66.66666666666666,2,Air Conditioning,0,,,,,,,,,,
abcd2cb37d46c2c8fb1bf071c859fc5b,CUIABA,MT,45,4880.22,108.449333,52,32,45,1320.4,11.681818181818182,0.4444444444444444,4.444444444444445,2,4.2444444444444445,45,4.444444444444445,57.77777777777777,1,Health Beauty,0,,,,,,,,,,
abe021b01ba992245271b9aa422032df,CURITIBA,PR,2,6720.0,3360.0,2,2,2,117.24,6.5,0.5,0.0,0,3.5,2,0.0,50.0,1,Not Specified,0,,,,,,,,,,
abe42c5d03695b4257b5c6cbf4e6784e,RIO DE JANEIRO,RJ,50,17159.0,343.18,50,37,50,999.23,12.326530612244898,0.28,16.0,8,3.88,50,14.000000000000002,52.0,2,Health Beauty,0,,,,,,,,,,
ac137bac82ffa8548e62bd9d01d2a14f,SAO PAULO,SP,1,49.6,49.6,1,1,1,9.34,,0.0,0.0,0,1.0,1,100.0,0.0,1,Not Specified,0,,,,,,,,,,
ac1ed5fc15901fbc92920361eb4ab350,SAO PAULO,SP,1,110.25,110.25,1,1,1,13.79,,3.0,0.0,0,1.0,1,100.0,0.0,1,Garden Tools,0,,,,,,,,,,
ac3508719a1d8f5b7614b798f70af136,CANOAS,RS,103,12775.84,124.037281,104,48,103,3016.39,8.01980198019802,0.27184466019417475,1.9417475728155338,2,4.533980582524272,103,4.854368932038835,74.75728155339806,4,Toys,0,,,,,,,,,,
ac51cac5e20d69ff485a54746488ef48,RIBEIRAO PRETO,SP,4,759.9,189.975,4,4,4,73.87,12.666666666666666,0.0,0.0,0,3.5,4,25.0,50.0,2,Not Specified,0,,,,,,,,,,
ac6417315ae5da8f9a38ee11de6f7780,ARUJA,SP,8,788.9,98.6125,8,7,8,182.53,8.571428571428571,0.0,12.5,1,3.75,8,25.0,62.5,4,Garden Tools,0,,,,,,,,,,
ac9b01377919cdbd2a1bbb8d5837c70b,MOGI DAS CRUZES,SP,1,55.9,55.9,1,1,1,23.54,9.0,0.0,0.0,0,3.0,1,0.0,0.0,1,Construction Tools Lights,0,,,,,,,,,,
acadd4d36859671cb635527c6c977533,SANTA ROSA DE VITERBO,SP,12,2381.0,198.416666,12,9,12,265.94,14.75,0.3333333333333333,8.333333333333332,1,4.25,12,8.333333333333332,58.333333333333336,2,Garden Tools,0,,,,,,,,,,
acb6c2ca5c82411c1fdb88d5fd5eb95e,SAO PAULO,SP,10,413.88,41.388,11,5,10,161.61,6.3,0.0,0.0,0,3.9,10,10.0,50.0,4,Sports Leisure,0,,,,,,,,,,
acce39e832338debb07b02385cde5967,CONTAGEM,MG,44,4748.1,107.911363,44,30,44,1175.56,5.795454545454546,0.2727272727272727,0.0,0,4.4772727272727275,44,0.0,63.63636363636363,2,Stationery,0,,,,,,,,,,
ace601496e211a664100321f038f50af,SAO PAULO,SP,1,165.0,165.0,1,1,1,14.92,,0.0,0.0,0,2.0,1,0.0,0.0,1,Bed Bath Table,0,,,,,,,,,,
aced59e9b31ef866a94f9e7f29d8d418,SAO PAULO,SP,61,7268.5,119.155737,67,19,60,1047.3,7.262295081967213,0.39344262295081966,3.278688524590164,2,4.426229508196721,61,3.278688524590164,67.21311475409836,3,Housewares,0,,,,,,,,,,
acf974e4d5950ad143a247471b831eb9,CAXIAS DO SUL,RS,5,423.8,84.76,12,3,5,329.82,9.0,0.6,0.0,0,4.2,5,0.0,60.0,2,Housewares,0,,,,,,,,,,
ad14615bdd492b01b0d97922e87cb87f,TUBARAO,SC,1,8.25,8.25,1,1,1,10.96,13.0,0.0,0.0,0,5.0,1,0.0,100.0,1,Auto,0,,,,,,,,,,
ad273c9eb54ecb4532de4bf75bae9e4e,CURITIBA,PR,10,645.0,64.5,11,8,10,184.75,8.5,0.6,0.0,0,4.1,10,10.0,60.0,2,Housewares,0,,,,,,,,,,
ad420dd0c4f92f8af951ac24b86d0cf5,FRONTEIRA,MG,42,4705.29,112.030714,46,23,39,913.11,12.69047619047619,0.42857142857142855,7.142857142857142,3,4.071428571428571,42,11.904761904761903,61.904761904761905,2,Health Beauty,0,,,,,,,,,,
ad738d3fcf42655ed15c4960b7b6c601,NOVO HAMBURGO,RS,1,65.0,65.0,1,1,1,15.89,,1.0,0.0,0,1.0,1,100.0,0.0,1,Furniture Decor,0,,,,,,,,,,
ad75519a07f039025e83795a4418470f,SANTA TEREZINHA DE GOIAS,GO,3,302.1,100.7,9,3,3,115.82,7.333333333333333,0.0,0.0,0,3.6666666666666665,3,0.0,33.33333333333333,1,Drinks,0,,,,,,,,,,
ad781527c93d00d89a11eecd9dcad7c1,SAO JOSE DO RIO PRETO,SP,44,6899.57,156.808409,44,2,44,2379.69,13.789473684210526,0.5227272727272727,27.27272727272727,12,3.0681818181818183,44,34.090909090909086,29.545454545454547,1,Baby,0,,,,,,,,,,
ad87df7699e83b8a91822a4a0b765c3a,JAGUARIUNA,SP,6,349.9,58.316666,7,5,6,88.72,8.2,0.6666666666666666,0.0,0,3.8333333333333335,6,0.0,33.33333333333333,2,Electronics,0,,,,,,,,,,
ad8ada0ffa993cb1197d102d9ab21a3e,ARAGUARI,MG,1,599.8,599.8,2,1,1,56.36,,0.0,0.0,0,1.0,1,100.0,0.0,1,Construction Tools Construction,0,,,,,,,,,,
ad8b531ae67582f096925cff5630d0d1,CASTRO,PR,3,208.35,69.45,3,3,3,67.56,12.0,0.0,0.0,0,3.0,3,33.33333333333333,0.0,2,Furniture Decor,0,,,,,,,,,,
ad97a199236354e53fcd91a5a913e9a2,BRUSQUE,SC,17,13205.9,776.817647,18,8,17,868.8,10.0625,0.5882352941176471,11.76470588235294,2,4.529411764705882,17,5.88235294117647,70.58823529411765,3,Small Appliances,0,,,,,,,,,,
adbc26658d6c7b4b6219f9d934598091,CURITIBA,PR,88,11806.4,134.163636,92,9,88,1885.85,13.681818181818182,0.48863636363636365,13.636363636363635,12,4.125,88,12.5,63.63636363636363,2,Baby,0,,,,,,,,,,
adbe70ab2c97442046d393988c8d1d27,MAUA,SP,5,289.5,57.9,5,2,5,65.15,5.8,0.0,0.0,0,4.2,5,20.0,80.0,1,Garden Tools,0,,,,,,,,,,
adcf50477d6a1f5d91bb9d54c4903cb5,CLAUDIO,MG,19,1425.14,75.007368,38,15,19,798.66,11.125,0.631578947368421,15.789473684210526,3,3.263157894736842,19,26.31578947368421,31.57894736842105,4,Sports Leisure,0,,,,,,,,,,
ade45994b717ccee333492330fbf037b,UMUARAMA,PR,10,7196.0,719.6,10,6,10,283.63,6.9,0.1,0.0,0,4.5,10,0.0,50.0,1,Telephony,1,Social,Reseller,Online Big,Cat,Not Specified,0.0,0.0,0.0,0.0,7.0
aded58c8142dedc5494a81f948431fab,RIO DE JANEIRO,RJ,4,289.5,72.375,5,4,4,89.98,5.25,0.75,0.0,0,3.75,4,25.0,50.0,2,Perfumery,0,,,,,,,,,,
ae45ad30c2d2e5913094769690a239d2,FRANCA,SP,1,251.8,251.8,2,1,1,31.26,11.0,0.0,0.0,0,5.0,1,0.0,100.0,1,Sports Leisure,0,,,,,,,,,,
ae45df84722b1d15c5f32b23a095746c,SAO PAULO,SP,9,901.83,100.203333,12,10,9,163.66,5.888888888888889,0.7777777777777778,0.0,0,4.777777777777778,9,0.0,77.77777777777779,1,Health Beauty,1,Organic Search,Reseller,Online Small,Not Specified,Not Specified,0.0,0.0,0.0,0.0,6.0
ae7ab174effdead6c241e547e4ca13f0,ARAPONGAS,PR,6,2778.6,463.1,7,5,6,795.46,5.666666666666667,0.3333333333333333,0.0,0,4.333333333333333,6,16.666666666666664,83.33333333333334,1,Furniture Living Room,1,Organic Search,Manufacturer,Online Medium,Cat,Not Specified,0.0,0.0,0.0,0.0,76.0
ae8bfdbf1c2a2a2dee92d799db0a31c6,TOLEDO,PR,8,339.92,42.49,8,6,8,146.22,7.125,0.0,0.0,0,4.125,8,0.0,37.5,4,Housewares,0,,,,,,,,,,
ae9690c6e8fee182c28c9ff8e11ca52c,SAO PAULO,SP,1,47.4,47.4,1,1,1,12.41,0.0,1.0,0.0,0,5.0,1,0.0,100.0,1,Furniture Decor,0,,,,,,,,,,
aeb36d67f1414f234d42a29e27cf1f17,SANTO ANDRE,SP,4,3263.8,815.95,4,4,4,284.3,10.25,0.0,25.0,1,4.5,4,0.0,75.0,1,Auto,0,,,,,,,,,,
aec99834ab5d38ead22766ada8497e87,COLOMBO,PR,1,459.0,459.0,1,1,1,17.51,4.0,0.0,0.0,0,5.0,1,0.0,100.0,1,Construction Tools Safety,0,,,,,,,,,,
af3ef48d0e13835e529c29ac573c63e5,ARARAQUARA,SP,21,1405.63,66.934761,21,12,21,467.5,5.619047619047619,0.23809523809523808,4.761904761904762,1,3.761904761904762,21,19.047619047619047,47.61904761904761,2,Pet Shop,1,Other,Manufacturer,Not Specified,Cat,Not Specified,0.0,0.0,0.0,0.0,0.0
af4a0e4cfe1d9c26b6712b1be25a72e5,MATEUS LEME,MG,21,8757.98,417.046666,26,17,21,593.62,8.19047619047619,0.8095238095238095,4.761904761904762,1,3.4285714285714284,21,33.33333333333333,57.14285714285714,3,Computers Accessories,0,,,,,,,,,,
af7cdac9d9897cddead9c6b08976c642,LARANJAL PAULISTA,SP,6,543.54,90.59,6,5,6,150.47,13.333333333333334,0.3333333333333333,16.666666666666664,1,3.6666666666666665,6,16.666666666666664,33.33333333333333,1,Toys,0,,,,,,,,,,
afa6714acee029b2dfdf357e5579cc03,DESCALVADO,SP,16,3220.76,201.2975,17,8,16,382.82,9.875,0.3125,12.5,2,4.25,16,12.5,68.75,4,Toys,0,,,,,,,,,,
afac9f6b0c4e5f0a7ee87e922cd0f873,BAURU,SP,1,20.99,20.99,1,1,1,11.85,,0.0,0.0,0,1.0,1,100.0,0.0,1,Not Specified,0,,,,,,,,,,
afe0067131b73e40875c9b6c10bd2e21,LAGOA DA PRATA,MG,46,5130.4,111.530434,46,7,46,1125.45,11.6,0.30434782608695654,4.3478260869565215,2,4.217391304347826,46,8.695652173913043,58.69565217391305,1,Perfumery,0,,,,,,,,,,
b00af24704019bd2e1b335e70ad11f7c,SALVADOR,BA,1,189.0,189.0,1,1,1,18.25,14.0,1.0,0.0,0,5.0,1,0.0,100.0,1,Sports Leisure,0,,,,,,,,,,
b01c2b7b8599b325103ebcddc67413e1,VENANCIO AIRES,RS,4,169.45,42.3625,4,1,4,72.67,4.75,0.0,0.0,0,4.75,4,0.0,75.0,1,Health Beauty,0,,,,,,,,,,
b026643914f651e8371425e5b8a1e780,RIO DE JANEIRO,RJ,1,27.9,27.9,1,1,1,15.1,7.0,1.0,0.0,0,5.0,1,0.0,100.0,1,Health Beauty,0,,,,,,,,,,
b0398568231ba5e6734af1881671a317,COLATINA,ES,4,656.77,164.1925,4,3,4,113.35,11.75,1.0,0.0,0,4.0,4,25.0,75.0,3,Cool Stuff,0,,,,,,,,,,
b05b432bf68945d4d9783f9e3ca29ee8,BIRIGUI,SP,2,224.8,112.4,2,2,2,26.09,4.0,0.5,0.0,0,4.5,2,0.0,50.0,1,Health Beauty,0,,,,,,,,,,
b080809eaacb49e5ca07290981472431,BELO HORIZONTE,MG,11,424.0,38.545454,11,6,11,143.4,6.545454545454546,0.18181818181818182,0.0,0,4.818181818181818,11,0.0,81.81818181818183,1,Books General Interest,0,,,,,,,,,,
b0b346d3a89f5eb4c2968af3f083cd43,CAMPINAS,SP,11,614.0,55.818181,12,6,11,212.6,18.77777777777778,0.18181818181818182,27.27272727272727,3,3.272727272727273,11,36.36363636363637,36.36363636363637,2,Drinks,0,,,,,,,,,,
b0f2a6122a90a93eb03e68653dd960e3,CURITIBA,PR,6,1620.3,270.05,7,4,5,137.98,4.5,0.8333333333333334,0.0,0,4.833333333333333,6,0.0,83.33333333333334,2,Health Beauty,0,,,,,,,,,,
b1204cfda1d4948679db3cfc0d3cb95c,GUARULHOS,SP,7,2903.7,414.814285,11,4,7,174.45,7.666666666666667,0.42857142857142855,0.0,0,4.0,7,14.285714285714285,71.42857142857143,3,Fixed Telephony,0,,,,,,,,,,
b127efdabeffb5d559349c7b172eb75d,SAO PAULO,SP,10,308.5,30.85,10,10,10,112.77,8.0,0.7,10.0,1,4.8,10,0.0,90.0,1,Fashion Bags Accessories,0,,,,,,,,,,
b12cfd255810394b60caef18ae163547,CASCAVEL,PR,2,560.0,280.0,2,1,2,166.15,13.0,0.5,0.0,0,4.5,2,0.0,50.0,1,Office Furniture,0,,,,,,,,,,
b14db04aa7881970e83ffa9426897925,SOROCABA,SP,83,5898.6,71.067469,111,12,83,2225.35,10.871794871794872,0.5421686746987951,9.63855421686747,8,3.6506024096385543,83,15.66265060240964,39.75903614457831,2,Furniture Decor,0,,,,,,,,,,
b16d3dadc47d4eb18be3d88bad0775ce,ESTANCIA VELHA,RS,10,722.1,72.21,11,10,10,178.44,4.1,0.6,0.0,0,4.3,10,10.0,70.0,3,Sports Leisure,1,Paid Search,Manufacturer,Online Medium,Cat,Not Specified,0.0,0.0,0.0,0.0,15.0
b17b679f4f5ce2e03ce6968c62648246,RIBEIRAO PRETO,SP,55,4084.75,74.268181,57,36,55,1076.07,14.62,0.6727272727272727,14.545454545454545,8,3.709090909090909,55,21.818181818181817,52.72727272727272,2,Health Beauty,0,,,,,,,,,,
b18871c324516afa228a13e8f1ef0ae9,SAO PAULO,SP,9,1064.6,118.288888,23,5,9,243.8,7.222222222222222,0.4444444444444444,11.11111111111111,1,3.4444444444444446,9,22.22222222222222,55.55555555555556,1,Garden Tools,0,,,,,,,,,,
b18dc380845b24038cfc48006478f099,DIADEMA,SP,44,8353.3,189.847727,54,12,44,895.63,9.813953488372093,0.5,11.363636363636363,5,4.068181818181818,44,13.636363636363635,59.09090909090909,2,Health Beauty,0,,,,,,,,,,
b19c48688808720822399ffa9f2dbe2f,SAO PAULO,SP,1,959.99,959.99,1,1,1,24.82,6.0,0.0,0.0,0,5.0,1,0.0,100.0,1,Watches Gifts,0,,,,,,,,,,
b19f3ca2ea475913750f25a5c37c8d8f,DIVINOPOLIS,MG,24,6202.91,258.454583,24,19,24,1346.64,6.368421052631579,0.4583333333333333,25.0,6,2.7916666666666665,24,45.83333333333333,33.33333333333333,2,Housewares,0,,,,,,,,,,
b1a81260566c1bac3114a6d124413f27,CARAZINHO,RS,51,8684.69,170.288039,54,26,49,1565.51,7.529411764705882,0.39215686274509803,0.0,0,4.2745098039215685,51,11.76470588235294,68.62745098039215,4,Luggage Accessories,0,,,,,,,,,,
b1aaae6b66ad3c40f54b389d7ea4bee0,SAO PAULO,SP,15,1176.5,78.433333,17,15,15,392.74,5.733333333333333,0.6,0.0,0,4.4,15,6.666666666666667,66.66666666666666,3,Fashion Underwear Beach,0,,,,,,,,,,
b1ac6ea7895bc3dd6f0f6f4abbdd2821,CANOAS,RS,40,3139.0,78.475,41,3,40,825.33,6.947368421052632,0.325,0.0,0,4.35,40,7.5,65.0,1,Sports Leisure,0,,,,,,,,,,
b1b3948701c5c72445495bd161b83a4c,SAO PAULO,SP,18,24699.19,1372.177222,18,4,17,486.3,7.714285714285714,0.6666666666666666,50.0,9,1.7222222222222223,18,77.77777777777779,11.11111111111111,1,Auto,0,,,,,,,,,,
b1fc4f64df5a0e8b6913ab38803c57a9,SAO GONCALO,RJ,107,7994.74,74.717196,121,5,107,2146.25,10.934579439252337,0.4392523364485981,12.149532710280374,13,3.822429906542056,107,14.018691588785046,50.467289719626166,1,Watches Gifts,0,,,,,,,,,,
b1fecf4da1fa2689bccffa0121953643,CAMPO GRANDE,MS,19,3669.64,193.138947,20,8,18,397.08,6.368421052631579,0.3157894736842105,0.0,0,4.947368421052632,19,0.0,94.73684210526315,1,Health Beauty,0,,,,,,,,,,
b2479f944e1b90cf8a5de1bbfde284d6,IBITINGA,SP,103,4752.51,46.140873,131,38,101,2239.71,12.495049504950495,0.4854368932038835,11.650485436893204,12,3.436893203883495,103,26.21359223300971,42.71844660194174,3,Bed Bath Table,0,,,,,,,,,,
b248792ac0b60ec3f93d80af1b4fae47,SAO CAETANO DO SUL,SP,7,454.5,64.928571,9,6,7,153.85,5.142857142857143,0.14285714285714285,14.285714285714285,1,3.857142857142857,7,14.285714285714285,42.857142857142854,2,Sports Leisure,0,,,,,,,,,,
b26741d31a563d769b4af0465ab20c56,FLORIANOPOLIS,SC,2,648.0,324.0,2,2,2,47.03,11.5,0.0,0.0,0,4.0,2,0.0,0.0,2,Sports Leisure,0,,,,,,,,,,
b274baf5bbd142410eb2958cf685d684,MONTENEGRO,RS,7,585.9,83.7,7,7,7,148.67,5.428571428571429,0.14285714285714285,0.0,0,4.285714285714286,7,0.0,71.42857142857143,3,Toys,0,,,,,,,,,,
b29d3380981c51df13fc6fbe87e1763d,RIBEIRAO PRETO,SP,6,435.3,72.55,7,5,6,98.58,5.5,0.0,0.0,0,3.8333333333333335,6,16.666666666666664,33.33333333333333,2,Bed Bath Table,0,,,,,,,,,,
b2a6d334e2833acea353624840e25a0e,SAO PAULO,SP,25,1650.98,66.0392,26,6,25,387.61,8.56,0.44,0.0,0,4.48,25,8.0,76.0,4,Small Appliances,0,,,,,,,,,,
b2ac621f0d0322434d04a12b078b9369,CURITIBA,PR,30,9575.5,319.183333,30,13,30,781.39,11.466666666666667,0.7333333333333333,10.0,3,4.4,30,6.666666666666667,66.66666666666666,2,Health Beauty,0,,,,,,,,,,
b2ba3715d723d245138f291a6fe42594,SAO PAULO,SP,337,51676.88,153.343857,363,183,336,6496.14,8.598765432098766,0.4688427299703264,6.528189910979229,22,4.071216617210682,337,12.759643916913946,58.45697329376854,27,Stationery,0,,,,,,,,,,
b2bdc5e7940a7d7ca8c4a37953b27a42,VARGEM GRANDE DO SUL,SP,1,250.0,250.0,1,1,1,62.49,,1.0,0.0,0,5.0,1,0.0,100.0,1,Furniture Bedroom,0,,,,,,,,,,
b2c97074649f92197d9387d9033dda5f,BOTUCATU,SP,10,684.71,68.471,11,9,10,279.37,10.7,0.4,10.0,1,4.7,10,0.0,70.0,2,Health Beauty,0,,,,,,,,,,
b2eecf5ea250510da76590ca79d60e5d,SAO PAULO,SP,9,1060.0,117.777777,11,5,9,153.15,4.444444444444445,0.3333333333333333,0.0,0,5.0,9,0.0,100.0,1,Musical Instruments,0,,,,,,,,,,
b2f4d63c7203f539a78252565ca32257,ARMACAO DOS BUZIOS,RJ,1,14.9,14.9,1,1,1,20.84,11.0,0.0,0.0,0,5.0,1,0.0,100.0,1,Auto,0,,,,,,,,,,
b32be1695eb7ec5f10f72d9610a12527,CAXIAS DO SUL,RS,45,26874.0,597.2,46,14,45,2957.02,8.659090909090908,0.4666666666666667,4.444444444444445,2,4.0,45,13.333333333333334,51.11111111111111,4,Kitchen Dining Laundry Garden Furniture,0,,,,,,,,,,
b335c59ab742f751a85db9c411a86739,ARAGUARI,MG,33,2873.34,87.070909,35,21,33,607.38,8.866666666666667,0.42424242424242425,3.0303030303030303,1,3.8484848484848486,33,9.090909090909092,39.39393939393939,3,Housewares,0,,,,,,,,,,
b33aaadd1a8891d2dfef0c4c3bdf0371,LIMEIRA,SP,16,1504.0,94.0,17,4,16,359.04,12.3125,0.4375,12.5,2,3.9375,16,18.75,56.25,1,Housewares,0,,,,,,,,,,
b33e7c55446eabf8fe1a42d037ac7d6d,PRADOPOLIS,SP,152,44985.17,295.955065,155,34,152,2725.07,13.697986577181208,0.4934210526315789,11.18421052631579,17,4.1644736842105265,152,9.868421052631579,60.526315789473685,5,Watches Gifts,0,,,,,,,,,,
b347677812ea483b0f528eaf8cbc09b7,CURITIBA,PR,21,7288.99,347.094761,21,11,21,762.35,10.333333333333334,0.5714285714285714,0.0,0,4.523809523809524,21,4.761904761904762,71.42857142857143,2,Housewares,0,,,,,,,,,,
b372ee768ed69e46ca8cdbd267aa7a38,SAO JOSE DO RIO PRETO,SP,63,12630.0,200.47619,69,24,57,1183.84,10.571428571428571,0.5238095238095238,0.0,0,4.428571428571429,63,6.349206349206349,73.01587301587301,1,Fashion Bags Accessories,0,,,,,,,,,,
b37c4c02bda3161a7546a4e6d222d5b2,SAO PAULO,SP,4,24075.0,6018.75,15,3,4,412.6,9.75,1.75,0.0,0,2.25,4,50.0,25.0,2,Fixed Telephony,0,,,,,,,,,,
b3809b8d4394588a47c8470ea331e135,SAO PAULO,SP,1,89.0,89.0,1,1,1,7.88,1.0,0.0,0.0,0,4.0,1,0.0,0.0,1,Electronics,1,Direct Traffic,Reseller,Online Medium,Cat,Not Specified,0.0,0.0,0.0,0.0,4.0
b39d7fe263ef469605dbb32608aee0af,IBITINGA,SP,44,5193.1,118.025,49,19,44,1062.67,10.209302325581396,0.5227272727272727,4.545454545454546,2,3.8636363636363638,44,9.090909090909092,50.0,1,Bed Bath Table,0,,,,,,,,,,
b3b17aab11f273023a5f22ca52e1eb70,LONDRINA,PR,7,6850.0,978.571428,13,7,7,475.35,14.571428571428571,0.2857142857142857,14.285714285714285,1,4.857142857142857,7,0.0,85.71428571428571,1,Auto,0,,,,,,,,,,
b3e2faf2c1004d674f16a3aa3197f0e1,RIBEIRAO PRETO,SP,3,61.47,20.49,3,3,3,33.77,4.666666666666667,0.3333333333333333,0.0,0,5.0,3,0.0,100.0,2,Auto,0,,,,,,,,,,
b3f19518fcec265b2e97af287725f981,TANABI,SP,9,486.91,54.101111,9,4,9,137.57,8.25,0.4444444444444444,0.0,0,4.222222222222222,9,0.0,44.44444444444444,2,Housewares,0,,,,,,,,,,
b410bdd36d5db7a65dcd42b7ead933b8,GOIANIA,GO,44,7726.9,175.611363,44,2,44,1006.71,7.5,0.4090909090909091,0.0,0,4.659090909090909,44,2.272727272727273,79.54545454545455,1,Housewares,0,,,,,,,,,,
b416191c9813d821a295cfabafff4161,FRANCA,SP,2,117.8,58.9,2,1,2,32.34,16.5,2.5,0.0,0,2.5,2,50.0,0.0,1,Not Specified,0,,,,,,,,,,
b43d8b707f887a30f4675391098354a0,IPIRA,SP,3,1342.0,447.333333,4,3,3,184.76,22.666666666666668,1.0,33.33333333333333,1,3.0,3,33.33333333333333,33.33333333333333,2,Small Appliances,0,,,,,,,,,,
b44dbfbf62e52125f3c15d230569ea91,SAO PAULO,SP,4,609.37,152.3425,8,2,4,89.69,4.25,0.25,0.0,0,4.75,4,0.0,75.0,2,Home Construction,0,,,,,,,,,,
b452cb0ae35044c4a53179c39f49fb06,SOROCABA,SP,2,63.7,31.85,2,2,2,38.29,5.0,0.0,0.0,0,4.0,2,0.0,0.0,2,Auto,0,,,,,,,,,,
b45d7ebfb7378630f1bcd74b6ff86ff7,BELO HORIZONTE,MG,5,1007.5,201.5,5,3,5,102.51,7.333333333333333,0.2,0.0,0,3.8,5,20.0,40.0,2,Not Specified,0,,,,,,,,,,
b494891378bd8f4560abe576c52deacd,SAO PAULO,SP,20,2958.9,147.945,22,21,20,311.92,4.421052631578948,0.4,0.0,0,4.65,20,5.0,85.0,4,Health Beauty,1,Organic Search,Reseller,Not Specified,Cat,Not Specified,0.0,0.0,0.0,0.0,26.0
b499c00f28f4b7069ff6550af8c1348a,LIMEIRA,SP,152,10327.13,67.941644,187,68,149,2577.95,7.857142857142857,0.5,12.5,19,4.118421052631579,152,11.18421052631579,60.526315789473685,12,Furniture Decor,0,,,,,,,,,,
b4a476fbd28de64b1e347abf9089366a,ITAPEVI,SP,33,5724.04,173.455757,38,15,32,1011.91,9.033333333333333,0.42424242424242425,6.0606060606060606,2,3.8484848484848486,33,15.151515151515152,48.484848484848484,3,Electronics,0,,,,,,,,,,
b4b447d715f9ab302a188fb43d3e96b3,SAO PAULO,SP,5,685.93,137.186,5,2,5,93.73,2.0,1.4,0.0,0,4.8,5,0.0,80.0,1,Sports Leisure,0,,,,,,,,,,
b4f8921fcc4ff77b66bea6dda43dcd51,CAXIAS DO SUL,RS,18,11395.05,633.058333,20,16,18,1468.36,5.944444444444445,0.3888888888888889,5.555555555555555,1,4.555555555555555,18,5.555555555555555,83.33333333333334,1,Bed Bath Table,0,,,,,,,,,,
b4ffb71f0cb1b1c3d63fad021ecf93e1,SAO PAULO,SP,144,6656.09,46.222847,165,97,142,2519.98,8.223776223776223,0.4930555555555556,2.083333333333333,3,4.222222222222222,144,9.722222222222223,61.80555555555556,1,Auto,0,,,,,,,,,,
b55638ad525e906c698fa2ce742c1742,IMBITUBA,SC,11,1094.8,99.527272,12,6,11,290.87,12.454545454545455,0.45454545454545453,18.181818181818183,2,4.181818181818182,11,0.0,36.36363636363637,1,Pet Shop,0,,,,,,,,,,
b561927807645834b59ef0d16ba55a24,SAO PAULO,SP,85,4501.99,52.964588,95,42,85,1305.04,8.705882352941176,0.38823529411764707,14.117647058823529,12,4.341176470588235,85,7.0588235294117645,62.35294117647059,4,Stationery,0,,,,,,,,,,
b566ab0ef88016e00422755e305103c6,EXTREMA,MG,5,1208.0,241.6,5,4,5,220.22,11.8,0.2,20.0,1,3.2,5,20.0,40.0,3,Health Beauty,1,Paid Search,Reseller,Online Big,Cat,Not Specified,0.0,0.0,0.0,0.0,2.0
b56828a9f9027f3c918c04ca720d9e3c,PRAIA GRANDE,SP,3,360.0,120.0,3,2,3,111.61,5.666666666666667,0.6666666666666666,33.33333333333333,1,2.6666666666666665,3,33.33333333333333,0.0,1,Bed Bath Table,0,,,,,,,,,,
b56906f7fd1696e043f1bcce164c487b,ECHAPORA,SP,40,2148.49,53.71225,42,20,40,846.93,9.275,0.525,5.0,2,4.0,40,12.5,60.0,2,Health Beauty,0,,,,,,,,,,
b57e8460909fa137df7951b4a3b5ea84,PORTO ALEGRE,RS,1,198.0,198.0,2,2,1,84.14,,0.0,0.0,0,2.0,1,0.0,0.0,2,Furniture Decor,0,,,,,,,,,,
b586cd24c010a13916af621b0325fbba,RIO DO SUL,SC,6,1108.94,184.823333,7,7,6,263.99,4.333333333333333,0.16666666666666666,0.0,0,3.8333333333333335,6,16.666666666666664,33.33333333333333,3,Construction Tools Construction,1,Organic Search,Reseller,Not Specified,Cat,Not Specified,0.0,0.0,0.0,0.0,1.0
b5abf4f36adc043117b4fca82c22984c,BRASILIA,DF,11,1247.8,113.436363,12,8,11,283.99,6.25,0.7272727272727273,18.181818181818183,2,2.5454545454545454,11,45.45454545454545,18.181818181818183,5,Bed Bath Table,0,,,,,,,,,,
b5b800c4065bebf4d3442311c9857344,SAO PAULO,SP,1,79.9,79.9,1,1,1,8.91,3.0,0.0,0.0,0,5.0,1,0.0,100.0,1,Health Beauty,0,,,,,,,,,,
b5bb2b985208834bd5bd86c7a402bbad,VENANCIO AIRES,RS,2,621.06,310.53,2,1,2,38.66,9.5,1.5,0.0,0,5.0,2,0.0,100.0,1,Auto,0,,,,,,,,,,
b5d034ac251546e25afe9067f05c1539,ITAPECERICA DA SERRA,SP,1,69.9,69.9,1,1,1,15.37,9.0,3.0,0.0,0,5.0,1,0.0,100.0,1,Baby,0,,,,,,,,,,
b5dd7151a92ccaaa282cbe9681a05f44,RIBEIRAO PRETO,SP,1,85.0,85.0,1,1,1,18.7,6.0,0.0,0.0,0,5.0,1,0.0,100.0,1,Sports Leisure,0,,,,,,,,,,
b5e3e38609125694d2ea2417522a60b7,FLORIANOPOLIS,SC,16,995.04,62.19,17,10,16,301.14,14.9375,0.6875,12.5,2,4.3125,16,0.0,50.0,2,Sports Leisure,0,,,,,,,,,,
b5f0712d22a873b6797ab6cc65c3fcba,SAO PAULO,SP,1,12.99,12.99,1,1,1,8.29,1.0,0.0,0.0,0,4.0,1,0.0,0.0,1,Food Drink,0,,,,,,,,,,
b5f49fe968dff6b112861e6cd8e192ef,CURITIBA,PR,1,194.7,194.7,2,2,1,42.97,8.0,2.0,0.0,0,5.0,1,0.0,100.0,1,Furniture Decor,0,,,,,,,,,,
b64d51f0435e884e8de603b1655155ae,GARULHOS,SP,17,416.18,24.481176,23,15,17,357.36,4.647058823529412,0.8823529411764706,11.76470588235294,2,4.294117647058823,17,5.88235294117647,64.70588235294117,3,Housewares,1,Paid Search,Reseller,Online Medium,Not Specified,Not Specified,0.0,0.0,0.0,0.0,8.0
b67d6c666e8dce1d078c882825e12704,SAO PAULO,SP,7,352.84,50.405714,8,6,7,104.19,4.571428571428571,1.0,0.0,0,4.857142857142857,7,0.0,85.71428571428571,2,Sports Leisure,1,Other,Reseller,Online Medium,Eagle,Not Specified,0.0,0.0,0.0,0.0,1.0
b6c6854d4d92a5f6f46be8869da3fa1a,SAO PAULO,SP,1,69.9,69.9,1,1,1,17.92,,0.0,0.0,0,1.0,1,100.0,0.0,1,Sports Leisure,0,,,,,,,,,,
b6d44737c043328708f6749c2dbe50bd,SANTO ANDRE,SP,62,5369.6,86.606451,80,23,60,1565.6,6.262295081967213,0.43548387096774194,6.451612903225806,4,4.467741935483871,62,6.451612903225806,74.19354838709677,1,Housewares,0,,,,,,,,,,
b6dc74ed30f124f95227bed4e43a3bed,ARAPONGAS,PR,11,518.96,47.178181,13,6,10,228.63,10.333333333333334,0.2727272727272727,9.090909090909092,1,4.0,11,18.181818181818183,54.54545454545454,1,Sports Leisure,0,,,,,,,,,,
b6e1504972665f739dec4facb9943775,PIRACICABA,SP,14,1484.48,106.034285,14,7,14,225.89,9.642857142857142,0.2857142857142857,7.142857142857142,1,4.357142857142857,14,7.142857142857142,78.57142857142857,3,Garden Tools,0,,,,,,,,,,
b6f52e346160519c24a23af05410ad32,SAO PAULO,SP,1,129.9,129.9,1,1,1,13.35,11.0,0.0,0.0,0,4.0,1,0.0,0.0,1,Health Beauty,0,,,,,,,,,,
b74d1c09cb380e1d03a6f859c6f4224b,RIO DE JANEIRO,RJ,31,2221.6,71.664516,39,11,31,831.6,9.2,0.7419354838709677,12.903225806451612,4,4.258064516129032,31,6.451612903225806,58.06451612903226,5,Housewares,0,,,,,,,,,,
b76a1f8356322f12529c37b67d5c96c2,SANTOS,SP,5,298.5,59.7,5,5,5,56.39,5.4,0.6,0.0,0,4.8,5,0.0,80.0,5,Auto,0,,,,,,,,,,
b76dba6c951ab00dc4edf0a1aa88037e,SAO PAULO,SP,159,2574.78,16.193584,169,37,159,2307.1,8.089171974522293,0.6792452830188679,3.1446540880503147,5,4.163522012578617,159,10.062893081761008,57.23270440251572,3,Telephony,0,,,,,,,,,,
b76f4d90e85657a240495c876313adc5,HORTOLANDIA,SP,1,299.0,299.0,1,1,1,19.3,1.0,2.0,0.0,0,5.0,1,0.0,100.0,1,Toys,0,,,,,,,,,,
b77a27b1864483e721dc831d5ba4afa0,DUQUE DE CAXIAS,RJ,2,41.8,20.9,2,2,2,28.62,4.0,1.0,0.0,0,3.5,2,0.0,50.0,1,Auto,0,,,,,,,,,,
b7ba853e9551f4558440881fd3e5c815,SANTO ANTONIO DA PATRULHA,RS,2,376.8,188.4,2,2,2,37.99,6.0,1.0,0.0,0,1.0,2,100.0,0.0,2,Cool Stuff,0,,,,,,,,,,
b7cc6c5e001441ae8cdd5c69a480cbe4,CURITIBANOS,SC,6,651.8,108.633333,6,4,6,220.5,9.6,0.16666666666666666,0.0,0,4.166666666666667,6,0.0,50.0,2,Musical Instruments,0,,,,,,,,,,
b7d5b4b87af9d42b601865d3f3810bff,FLORIANOPOLIS,SC,2,1049.0,524.5,2,2,2,41.02,5.0,0.5,0.0,0,2.0,2,50.0,0.0,1,Garden Tools,0,,,,,,,,,,
b7e1750c1157341d2abd0251e07c186b,SAO PAULO,SP,3,159.6,53.2,4,4,3,60.96,7.0,0.0,0.0,0,4.333333333333333,3,0.0,66.66666666666666,2,Sports Leisure,0,,,,,,,,,,
b7ed9fb14c8eadb37adb9c45d67ab0fb,JACAREI,SP,7,566.0,80.857142,11,5,7,221.75,10.142857142857142,0.14285714285714285,0.0,0,3.2857142857142856,7,28.57142857142857,42.857142857142854,2,Stationery,0,,,,,,,,,,
b8114f2f589a6804810f04f99b36b498,SAO BERNARDO DO CAMPO,SP,8,1399.62,174.9525,11,4,8,292.41,2.5,0.5,0.0,0,4.75,8,0.0,75.0,1,Housewares,0,,,,,,,,,,
b81e3a6c866a764974fe849821abeebd,MAUA,SP,8,836.15,104.51875,11,8,8,216.86,3.125,0.5,0.0,0,4.625,8,0.0,75.0,2,Housewares,0,,,,,,,,,,
b839e41795b7f3ad94cc2014a52f6796,SAO CAETANO DO SUL,SP,33,42829.0,1297.848484,36,10,33,920.93,4.696969696969697,0.6060606060606061,3.0303030303030303,1,4.090909090909091,33,18.181818181818183,66.66666666666666,3,Construction Tools Construction,0,,,,,,,,,,
b83cedfb587e7911540e3f576d6917ce,SAO PAULO,SP,24,2224.95,92.70625,25,16,24,343.8,7.416666666666667,0.4166666666666667,4.166666666666666,1,4.208333333333333,24,12.5,62.5,2,Health Beauty,0,,,,,,,,,,
b8555308bfdb4ca1ed54325a58da9a97,SAO BERNARDO DO CAMPO,SP,26,3047.2,117.2,28,4,26,582.83,7.923076923076923,0.9230769230769231,7.6923076923076925,2,4.0,26,7.6923076923076925,50.0,1,Office Furniture,0,,,,,,,,,,
b8578d2d823bd8e251f6fdd02b40902d,BLUMENAU,SC,9,1255.6,139.511111,9,6,9,244.0,8.444444444444445,0.1111111111111111,0.0,0,4.444444444444445,9,11.11111111111111,77.77777777777779,1,Sports Leisure,0,,,,,,,,,,
b8630e1121437d41cb08e3c749c2c2e2,DUQUE DE CAXIAS,RJ,12,6988.0,582.333333,12,6,12,346.1,7.916666666666667,0.25,8.333333333333332,1,4.333333333333333,12,16.666666666666664,83.33333333333334,2,Musical Instruments,0,,,,,,,,,,
b86a47b3366e3b5424a7b225781f4908,PASSOS,MG,1,86.5,86.5,1,1,1,19.85,14.0,0.0,0.0,0,3.0,1,0.0,0.0,1,Not Specified,0,,,,,,,,,,
b87a7ea0c30fad2dd6781b74a0064859,SAO PAULO,SP,9,515.4,57.266666,9,8,9,122.35,12.777777777777779,0.1111111111111111,22.22222222222222,2,3.4444444444444446,9,33.33333333333333,44.44444444444444,1,Auto,0,,,,,,,,,,
b88e7c57cb2d8b973b7dd4a2bfa14b36,CURITIBA,PR,4,353.9,88.475,4,3,4,65.77,8.5,0.5,0.0,0,4.25,4,0.0,50.0,1,Health Beauty,0,,,,,,,,,,
b8a0adc91af209270c2c725168eb00fd,IBITINGA,SP,6,281.4,46.9,6,6,6,107.09,7.666666666666667,0.6666666666666666,0.0,0,4.0,6,16.666666666666664,66.66666666666666,1,Bed Bath Table,0,,,,,,,,,,
b8bc237ba3788b23da09c0f1f3a3288c,ITAJAI,SC,45,13685.71,304.126888,47,1,45,1935.45,10.133333333333333,0.3333333333333333,2.2222222222222223,1,4.2444444444444445,45,6.666666666666667,55.55555555555556,1,Housewares,0,,,,,,,,,,
b8d890108a7a80e4f5d59eea9f362438,CURITIBA,PR,2,89.7,44.85,3,2,2,34.59,4.0,1.0,0.0,0,3.5,2,0.0,0.0,2,Not Specified,0,,,,,,,,,,
b906dd0e57f282c7089171b6ed07982e,PARANA,PR,2,175.0,87.5,2,2,2,35.75,6.5,0.0,0.0,0,4.0,2,0.0,0.0,1,Sports Leisure,0,,,,,,,,,,
b90e891671cffd9557f33a97dc523645,SAO JOSE DOS PINHAIS,PR,34,4449.0,130.852941,39,13,34,632.31,6.323529411764706,0.3235294117647059,0.0,0,4.323529411764706,34,5.88235294117647,67.64705882352942,2,Health Beauty,0,,,,,,,,,,
b92e3c8f9738272ff7c59e111e108d7c,UBA,MG,62,8231.09,132.759516,70,36,62,2414.21,11.14516129032258,0.5967741935483871,3.225806451612903,2,4.161290322580645,62,12.903225806451612,64.51612903225806,5,Furniture Decor,0,,,,,,,,,,
b94cc9f10ddc85e4ba73a6f7974e7101,MACAE,RJ,39,25346.1,649.9,39,7,39,1022.39,8.076923076923077,0.3333333333333333,5.128205128205128,2,4.282051282051282,39,12.82051282051282,74.35897435897436,2,Toys,0,,,,,,,,,,
b98b715fe9e276204e2a3464f48cd796,SAO PAULO,SP,6,450.58,75.096666,6,4,6,67.04,5.5,0.16666666666666666,0.0,0,3.3333333333333335,6,33.33333333333333,50.0,3,Bed Bath Table,0,,,,,,,,,,
b9a03475e6447e631b6799ec8274800f,FORMOSA DO OESTE,PR,10,1349.1,134.91,11,7,10,294.98,9.6,0.9,0.0,0,4.2,10,10.0,60.0,3,Christmas Supplies,0,,,,,,,,,,
b9c0ffa92f3ff9a5a3d45ef7213c0842,SAO PAULO,SP,3,490.0,163.333333,3,2,3,82.17,18.0,0.6666666666666666,0.0,0,5.0,3,0.0,100.0,2,Baby,0,,,,,,,,,,
b9ca8e8baa5d4aa038394a700f63e69f,SAO PAULO,SP,14,1289.77,92.126428,14,8,14,388.18,7.5,0.5,7.142857142857142,1,4.214285714285714,14,7.142857142857142,57.14285714285714,3,Bed Bath Table,0,,,,,,,,,,
b9de031b671cd48b28fae9d828cbf2b4,SAO PAULO,SP,1,155.32,155.32,1,1,1,43.37,8.0,0.0,0.0,0,5.0,1,0.0,100.0,1,Auto,0,,,,,,,,,,
b9ec22de23f18567de0e09d776ca0309,BRASILIA,DF,2,341.98,170.99,2,2,2,40.49,4.5,0.0,0.0,0,5.0,2,0.0,100.0,1,Stationery,1,Other,Reseller,Online Medium,Cat,Not Specified,0.0,0.0,0.0,0.0,1.0
ba143b05f0110f0dc71ad71b4466ce92,SAO PAULO,SP,85,6110.58,71.889176,86,22,84,1343.01,7.072289156626506,0.8823529411764706,11.76470588235294,10,4.376470588235295,85,7.0588235294117645,68.23529411764706,3,Books Technical,1,Paid Search,Reseller,Online Big,Cat,Not Specified,0.0,0.0,0.0,0.0,0.0
ba5daa4041e1f15cdf34b76e3e18a450,SAO PAULO,SP,15,806.8,53.786666,15,11,15,152.55,3.933333333333333,0.2,0.0,0,4.266666666666667,15,6.666666666666667,66.66666666666666,1,Toys,0,,,,,,,,,,
ba6b4a237f92479743cf0ca06b67a9ac,RIO DE JANEIRO,RJ,8,801.89,100.23625,8,5,8,111.82,10.25,0.375,12.5,1,4.25,8,12.5,75.0,5,Computers Accessories,0,,,,,,,,,,
ba6b68b55fe8704377a7d43c8e5c0185,BELO HORIZONTE,MG,5,739.77,147.954,5,3,5,92.45,7.6,0.4,0.0,0,4.2,5,0.0,60.0,3,Not Specified,0,,,,,,,,,,
ba6ce6de456f6c11d08c17701ba5c26f,SOROCABA,SP,6,744.35,124.058333,7,3,6,130.16,6.166666666666667,0.3333333333333333,0.0,0,4.166666666666667,6,16.666666666666664,66.66666666666666,1,Sports Leisure,0,,,,,,,,,,
ba89796db68db180bd389de96b2ff3b6,SAO PAULO,SP,2,309.8,154.9,2,2,2,43.46,6.5,0.0,0.0,0,5.0,2,0.0,100.0,2,Cine Photo,0,,,,,,,,,,
ba8e85df286308fe68a2ce83a8f8b2d6,SANTA CATARINA,SC,1,80.9,80.9,1,1,1,16.76,8.0,0.0,0.0,0,5.0,1,0.0,100.0,1,Perfumery,0,,,,,,,,,,
ba90964cff9b9e0e6f32b23b82465f7b,GUARULHOS,SP,38,44212.5,1163.486842,38,11,38,1311.0,8.736842105263158,0.2894736842105263,5.263157894736842,2,4.421052631578948,38,5.263157894736842,68.42105263157895,5,Small Appliances Home Oven And Coffee,1,Organic Search,Reseller,Not Specified,Cat,Not Specified,0.0,0.0,0.0,0.0,10.0
baa49d93c8c8841e27400a300f5d74b2,SAO JOSE,SC,6,246.4,41.066666,6,3,5,88.02,8.666666666666666,1.1666666666666667,0.0,0,4.5,6,0.0,50.0,1,Sports Leisure,0,,,,,,,,,,
bab0a8cd684e41ba6e2637dca0979d3b,RIO DE JANEIRO,RJ,1,269.9,269.9,1,1,1,19.14,13.0,0.0,0.0,0,5.0,1,0.0,100.0,1,Toys,0,,,,,,,,,,
babcc0ab201e4c60188427cae51a5b8b,PORTO FERREIRA,SP,1,79.0,79.0,1,1,1,14.13,5.0,4.0,0.0,0,5.0,1,0.0,100.0,1,Construction Tools Lights,0,,,,,,,,,,
bac44fa8e13424950488659b5f765c41,SAO PAULO,SP,1,19.9,19.9,1,1,1,14.52,3.0,2.0,0.0,0,5.0,1,0.0,100.0,1,Furniture Decor,0,,,,,,,,,,
bac692d6c0ed08467878018e6cc9c26c,BLUMENAU,SC,1,477.0,477.0,3,1,1,82.23,5.0,1.0,0.0,0,4.0,1,0.0,0.0,1,Construction Tools Lights,0,,,,,,,,,,
bacb1f0ed56ad24198f5810d2b3fe9a5,JACAREI,SP,42,6940.45,165.248809,42,22,42,892.94,8.105263157894736,0.2857142857142857,2.380952380952381,1,4.0,42,14.285714285714285,54.761904761904766,3,Toys,0,,,,,,,,,,
baeda7047354773262ba2405f97038ba,AMERICANA,SP,1,35.0,35.0,1,1,1,15.1,6.0,0.0,0.0,0,5.0,1,0.0,100.0,1,Pet Shop,0,,,,,,,,,,
baf15155e37ef5492731459bdc05be8a,SAO PAULO,SP,1,47.0,47.0,1,1,1,8.72,5.0,0.0,0.0,0,5.0,1,0.0,100.0,1,Bed Bath Table,0,,,,,,,,,,
bafc5aa11e413978be29040f51342e70,BELO HORIZONTE,MG,9,1679.55,186.616666,9,6,9,149.92,11.0,0.5555555555555556,11.11111111111111,1,3.7777777777777777,9,22.22222222222222,66.66666666666666,1,Stationery,0,,,,,,,,,,
bb135baca94c82fcb731335ad5b04a03,SAO PAULO,SP,18,1049.8,58.322222,38,16,17,472.88,5.555555555555555,0.16666666666666666,0.0,0,3.0555555555555554,18,38.88888888888889,33.33333333333333,4,Furniture Decor,0,,,,,,,,,,
bb2afe2061d53c6968aa0cffa233a8ec,SAO PAULO,SP,5,549.4,109.88,6,4,5,94.62,3.6,0.4,0.0,0,4.8,5,0.0,80.0,1,Sports Leisure,1,Organic Search,Reseller,Online Medium,Cat,Not Specified,0.0,0.0,0.0,0.0,14.0
bb3dca718920a4d7ec3cc9ffb025108b,SAO PAULO,SP,2,108.0,54.0,3,2,2,93.7,7.5,0.5,0.0,0,3.0,2,50.0,50.0,1,Health Beauty,0,,,,,,,,,,
bb5bd94c8f59cc050072d2930c869cac,SAO PAULO,SP,16,2543.87,158.991875,17,12,16,302.77,9.0,0.8125,0.0,0,4.1875,16,6.25,56.25,2,Fashion Bags Accessories,0,,,,,,,,,,
bb5d956dece964a06c12bceb66b923ae,RIO DE JANEIRO,RJ,2,1278.36,639.18,2,2,2,50.14,8.0,0.5,0.0,0,5.0,2,0.0,100.0,1,Auto,0,,,,,,,,,,
bb7a14e229b1c95156719c3d9552eeee,RIO DE JANEIRO,RJ,11,3190.1,290.00909,11,6,11,329.35,7.2,0.5454545454545454,9.090909090909092,1,4.181818181818182,11,18.181818181818183,72.72727272727273,3,Small Appliances,0,,,,,,,,,,
bb7ad8a45c027be8ab075b8e465f8ca0,FLORANOPOLIS,SC,2,19.98,9.99,2,1,2,32.64,4.0,0.5,0.0,0,5.0,2,0.0,100.0,1,Food,1,Paid Search,Manufacturer,Industry,Cat,Not Specified,0.0,0.0,0.0,0.0,75.0
bba3293d6f5d5af2f415e004e8b93ae3,SAO PAULO,SP,17,11702.1,688.358823,17,7,17,326.69,9.352941176470589,0.7647058823529411,5.88235294117647,1,4.294117647058823,17,11.76470588235294,70.58823529411765,2,Health Beauty,0,,,,,,,,,,
bba74270a87732727b5a3b4fd9ac1c39,BETIM,MG,36,6001.59,166.710833,41,20,36,758.85,7.485714285714286,0.4166666666666667,0.0,0,3.9722222222222223,36,8.333333333333332,50.0,6,Sports Leisure,0,,,,,,,,,,
bba8d0c234a52b87b3957037a215d1a4,GOIANIA,GO,1,120.0,120.0,1,1,1,19.53,13.0,0.0,0.0,0,5.0,1,0.0,100.0,1,Furniture Decor,1,Direct Traffic,Manufacturer,Online Small,Cat,Not Specified,0.0,0.0,0.0,0.0,8.0
bbad7e518d7af88a0897397ffdca1979,SAO PAULO,SP,69,4462.22,64.669855,85,14,68,1338.2,8.411764705882353,0.463768115942029,15.942028985507244,11,3.130434782608696,69,34.78260869565217,37.68115942028986,8,Baby,0,,,,,,,,,,
bbaff50f3b708fda865918715276cd87,ATIBAIA,SP,12,449.7,37.475,16,11,12,202.07,6.833333333333333,0.08333333333333333,16.666666666666664,2,4.75,12,0.0,83.33333333333334,1,Food Drink,0,,,,,,,,,,
bbd3acfe6de99892e73940d3fdceaf68,SANTO ANDRE,SP,2,69.0,34.5,2,2,2,24.55,2.0,0.0,0.0,0,3.0,2,50.0,50.0,1,Bed Bath Table,0,,,,,,,,,,
bbe87dce25ba8b38bb61cc7210a3f10b,SAO JOAO DA BOA VISTA,SP,2,287.0,143.5,2,2,2,68.39,4.5,0.5,0.0,0,5.0,2,0.0,100.0,1,Construction Tools Construction,1,Organic Search,Reseller,Online Big,Cat,Not Specified,0.0,0.0,0.0,0.0,3.0
bbf4a892cac7b82422baa711dffb8997,CURITIBA,PR,1,70.0,70.0,1,1,1,35.34,3.0,0.0,0.0,0,5.0,1,0.0,100.0,1,Pet Shop,0,,,,,,,,,,
bbf9ad41dca6603e614efcdad7aab8c4,FORTALEZA,CE,14,7846.0,560.428571,14,4,14,776.26,12.357142857142858,0.8571428571428571,0.0,0,4.5,14,7.142857142857142,71.42857142857143,1,Health Beauty,0,,,,,,,,,,
bc07d855eac23aab5ac8a120f21d16b2,MOGI DAS CRUZES,SP,12,1283.11,106.925833,13,9,12,213.07,10.818181818181818,0.4166666666666667,16.666666666666664,2,4.166666666666667,12,16.666666666666664,66.66666666666666,4,Health Beauty,0,,,,,,,,,,
bc2ac6b95e1accce9858528ee566c17e,CAMPINAS,SP,18,2045.0,113.611111,22,14,17,234.56,3.5555555555555554,0.16666666666666666,0.0,0,4.555555555555555,18,5.555555555555555,83.33333333333334,1,Books Imported,0,,,,,,,,,,
bc302730ea8cf49b5c74f579febb5bbf,CAMPINAS,SP,11,2640.9,240.081818,11,9,11,289.27,8.727272727272727,0.6363636363636364,9.090909090909092,1,3.8181818181818183,11,0.0,36.36363636363637,3,Telephony,0,,,,,,,,,,
bc30de0d71bd6260b936a026b5cf7200,PEDREIRA,SP,3,392.37,130.79,3,2,3,90.48,6.666666666666667,0.3333333333333333,0.0,0,4.666666666666667,3,0.0,66.66666666666666,1,Housewares,0,,,,,,,,,,
bc39d8938f90a3a2b98193723ed59774,CAJAMAR,SP,2,306.8,153.4,2,1,2,22.31,2.0,0.0,0.0,0,2.5,2,50.0,0.0,1,Small Appliances,0,,,,,,,,,,
bc47d5d1490df2b36add65d733eafaba,SANTO ANDRE,SP,24,1004.8,41.866666,25,7,24,415.11,10.285714285714286,0.4583333333333333,8.333333333333332,2,3.25,24,29.166666666666668,37.5,1,Sports Leisure,0,,,,,,,,,,
bc503e244f187939d10c92a5c8e378ce,BIRIGUI,SP,7,637.67,91.095714,16,4,7,222.13,9.333333333333334,1.4285714285714286,0.0,0,3.2857142857142856,7,28.57142857142857,42.857142857142854,1,Computers Accessories,0,,,,,,,,,,
bc8c8d665ec4664d286be0d521722b19,SAO PAULO,SP,1,22.5,22.5,1,1,1,8.32,1.0,0.0,100.0,1,2.0,1,0.0,0.0,1,Health Beauty,1,Organic Search,Reseller,Online Medium,Wolf,Not Specified,0.0,0.0,0.0,0.0,101.0
bca9230d3bbb4efa51872bf605a2f1ad,SAO PAULO,SP,5,117.57,23.514,5,3,5,50.63,2.0,0.8,20.0,1,4.0,5,20.0,60.0,1,Books General Interest,0,,,,,,,,,,
bcc9dd23e2a8bd8267cf92b19304a1b9,IBITINGA,SP,3,202.79,67.596666,3,2,3,43.43,19.0,0.0,66.66666666666666,2,2.3333333333333335,3,66.66666666666666,33.33333333333333,2,Bed Bath Table,0,,,,,,,,,,
bccf933e006e9b94a6184af782963e77,ASSIS,SP,45,4162.74,92.505333,46,22,45,884.47,9.644444444444444,0.28888888888888886,2.2222222222222223,1,4.444444444444445,45,4.444444444444445,68.88888888888889,1,Health Beauty,0,,,,,,,,,,
bcd2d7510d58e293f20fad6438c1b314,CURITIBA,PR,1,23.9,23.9,1,1,1,15.56,11.0,0.0,100.0,1,1.0,1,100.0,0.0,1,Baby,0,,,,,,,,,,
bce6a5ecf98e99fd2a8868b15c51f04b,GUARULHOS,SP,14,3464.9,247.492857,15,3,14,241.6,7.142857142857143,0.21428571428571427,14.285714285714285,2,4.071428571428571,14,21.428571428571427,71.42857142857143,1,Watches Gifts,1,Paid Search,Reseller,Online Medium,Cat,Not Specified,0.0,0.0,0.0,0.0,1.0
bcf5566870987da7bc811fbc8c5b9fd9,SAO PAULO,SP,1,96.0,96.0,4,1,1,31.12,,1.0,0.0,0,1.0,1,100.0,0.0,1,Musical Instruments,0,,,,,,,,,,
bd0389da23d89b726abf911cccc54596,BRASILIA,DF,87,7472.16,85.886896,90,57,87,1656.31,11.919540229885058,0.5632183908045977,6.896551724137931,6,4.172413793103448,87,6.896551724137931,58.620689655172406,5,Computers Accessories,0,,,,,,,,,,
bd0a1b0aadca9a83d9304f7e8ff5fbd5,SAO PAULO,SP,4,150.6,37.65,4,4,4,54.59,4.25,0.25,0.0,0,4.5,4,0.0,75.0,1,Telephony,0,,,,,,,,,,
bd149ed516d4c5d418d5781f8e18919f,GUARULHOS,SP,8,414.0,51.75,9,3,8,141.94,5.0,0.25,0.0,0,4.875,8,0.0,87.5,1,Furniture Decor,0,,,,,,,,,,
bd15ee794d5e640d9dd71b665b2ab15b,RIBEIRAO PRETO,SP,12,374.8,31.233333,12,4,12,219.33,9.166666666666666,0.0,16.666666666666664,2,4.0,12,8.333333333333332,41.66666666666667,2,Sports Leisure,0,,,,,,,,,,
bd1d49a326abfa9b1036772e40445430,BAURU,SP,12,637.7,53.141666,13,10,12,188.5,8.583333333333334,0.08333333333333333,8.333333333333332,1,4.083333333333333,12,8.333333333333332,58.333333333333336,1,Health Beauty,0,,,,,,,,,,
bd23da7354813347129d751591d1a6e2,SAO PAULO,SP,89,10544.3,118.47528,90,9,89,1466.83,7.534883720930233,0.7078651685393258,2.247191011235955,2,3.9887640449438204,89,12.359550561797752,56.17977528089888,1,Furniture Decor,0,,,,,,,,,,
bd43e172d599bed47a85da877172ca8c,SAO BENTO DO SUL,SC,1,23.92,23.92,1,1,1,18.27,5.0,0.0,0.0,0,5.0,1,0.0,100.0,1,Bed Bath Table,0,,,,,,,,,,
bd4431c1a8dfa744b59e1e2a8bc99b9e,RIO DE JANEIRO,RJ,7,809.5,115.642857,7,5,7,204.09,5.857142857142857,0.42857142857142855,0.0,0,4.571428571428571,7,0.0,71.42857142857143,1,Health Beauty,1,Paid Search,Reseller,Offline,Not Specified,Not Specified,0.0,0.0,0.0,0.0,23.0
bd4889b5e9133b35b66e42a8665cea5c,SAO PAULO,SP,36,6271.9,174.219444,42,16,36,984.64,7.75,0.9444444444444444,0.0,0,4.333333333333333,36,0.0,63.888888888888886,1,Furniture Decor,0,,,,,,,,,,
bd4ff04377f974574f7f0bf9d6ce7dde,SANTA MARIA DA SERRA,SP,4,164.96,41.24,4,3,4,50.14,4.25,0.5,25.0,1,3.5,4,25.0,50.0,3,Furniture Decor,0,,,,,,,,,,
bd65d163ded559eb90a10cd09fec178f,SAO PAULO,SP,1,19.8,19.8,2,2,1,18.68,3.0,0.0,0.0,0,4.0,1,0.0,0.0,1,Perfumery,0,,,,,,,,,,
bd697db56ff8e7c9cd1abeb7f72029b2,SAO PAULO,SP,22,3069.78,139.535454,22,18,22,345.42,8.380952380952381,0.5454545454545454,0.0,0,4.181818181818182,22,9.090909090909092,59.09090909090909,1,Auto,0,,,,,,,,,,
bdae679a9b282249bc23b9b69dae9a99,BRASILIA,DF,6,663.15,110.525,12,7,6,188.83,4.666666666666667,0.8333333333333334,0.0,0,3.5,6,33.33333333333333,50.0,2,Construction Tools Construction,1,Direct Traffic,Reseller,Online Medium,Not Specified,Not Specified,0.0,0.0,0.0,0.0,4.0
bdb3edbaee43a761e2d4f258dc08f348,LENCOIS PAULISTA,SP,5,259.5,51.9,5,3,5,68.86,9.4,0.4,20.0,1,3.8,5,20.0,40.0,2,Stationery,0,,,,,,,,,,
bdf0d02d36a1d839d0c39c4a887cdd49,BIRIGUI,SP,5,120.0,24.0,7,2,5,95.95,6.8,0.0,0.0,0,5.0,5,0.0,100.0,1,Home Appliances,0,,,,,,,,,,
be1e9e378700cecaa4ebf71433d7915c,RIBEIRAO PRETO,SP,2,119.89,59.945,2,1,2,37.62,42.5,1.0,100.0,2,3.0,2,50.0,50.0,1,Not Specified,0,,,,,,,,,,
be3b4b0f050a6aa1b2d901c4b77e979f,IMBITUVA,PR,3,578.2,192.733333,8,3,3,155.52,6.666666666666667,0.3333333333333333,0.0,0,4.0,3,0.0,66.66666666666666,2,Housewares,0,,,,,,,,,,
be67f78487e2cecb0d55bc769709e4f5,IBIRITE,MG,1,102.0,102.0,1,1,1,23.64,7.0,0.0,0.0,0,5.0,1,0.0,100.0,1,Health Beauty,0,,,,,,,,,,
be7a093e5b4d147b36b72bb1f9e415e5,TOLEDO,PR,1,60.9,60.9,1,1,1,22.36,3.0,0.0,0.0,0,5.0,1,0.0,100.0,1,Health Beauty,0,,,,,,,,,,
be8e909810184b9b19e886129149d8e5,PIRACICABA,SP,15,629.85,41.99,15,3,15,216.23,13.666666666666666,0.0,13.333333333333334,2,3.7333333333333334,15,13.333333333333334,40.0,3,Computers Accessories,0,,,,,,,,,,
be9a160a9011f627c3e121d076c1ec7b,JARAGUA DO SUL,SC,7,2934.0,419.142857,7,7,7,248.52,8.4,0.8571428571428571,0.0,0,3.5714285714285716,7,28.57142857142857,57.14285714285714,2,Garden Tools,0,,,,,,,,,,
beadbee30901a7f61d031b6b686095ad,GUARULHOS,SP,64,4373.98,68.343437,68,7,64,937.54,6.453125,0.4375,23.4375,15,3.90625,64,14.0625,51.5625,3,Health Beauty,0,,,,,,,,,,
bec568278124768c474ee90971ca94d1,SAO PAULO,SP,2,219.9,109.95,2,2,2,29.16,2.5,0.0,0.0,0,4.5,2,0.0,50.0,2,Furniture Decor,1,Paid Search,Reseller,Not Specified,Cat,Not Specified,0.0,0.0,0.0,0.0,7.0
bede56095ba33c42038fb85f707b8a42,VALINHOS,SP,2,3973.9,1986.95,2,2,2,210.87,10.0,0.0,0.0,0,4.5,2,0.0,50.0,1,Health Beauty,0,,,,,,,,,,
bee36b4f9a2b9fdcaff6ec05df202ed0,SAO PAULO,SP,2,33.8,16.9,2,1,2,19.68,5.0,2.0,0.0,0,3.0,2,50.0,50.0,1,Computers Accessories,0,,,,,,,,,,
bf00385a5f7fc1ef39a13c2e9ee50a5f,SAO PAULO,SP,29,870.3,30.010344,29,18,29,342.73,3.642857142857143,0.5862068965517241,0.0,0,4.310344827586207,29,10.344827586206897,65.51724137931035,6,Electronics,1,Social,Reseller,Online Big,Cat,Not Specified,0.0,0.0,0.0,0.0,134.0
bf0045791395e66460eb04749c68672a,SAO PAULO,SP,2,119.8,59.9,2,1,2,35.45,10.5,0.0,0.0,0,4.0,2,0.0,50.0,1,Stationery,0,,,,,,,,,,
bf0d50a6410d487dc97d2baac0a8c0be,PIRACICABA,SP,1,27.9,27.9,1,1,1,9.26,,0.0,0.0,0,2.0,1,0.0,0.0,1,Auto,1,Organic Search,Manufacturer,Online Medium,Cat,Not Specified,0.0,0.0,0.0,0.0,20.0
bf100ecb7997df312b285358fb32f92c,SAO JOSE DOS PINHAIS,PR,20,1991.9,99.595,21,9,20,345.11,6.55,1.05,0.0,0,4.3,20,5.0,60.0,3,Cool Stuff,0,,,,,,,,,,
bf3c6d2a28b2b5501e6c15448982dcc9,SAO PAULO,SP,35,3956.5,113.042857,43,10,34,691.65,10.2,0.6285714285714286,2.857142857142857,1,4.6,35,0.0,71.42857142857143,2,Baby,0,,,,,,,,,,
bf84056e679dbe9c69929847a40e338f,SAO PAULO,SP,36,2024.04,56.223333,40,3,36,453.28,8.4,0.4444444444444444,5.555555555555555,2,3.75,36,16.666666666666664,47.22222222222222,2,Health Beauty,0,,,,,,,,,,
bf961104a38e01b9062ee026bb657dee,RIBEIRAO PRETO,SP,4,585.56,146.39,4,1,4,79.9,7.0,0.5,0.0,0,4.5,4,0.0,50.0,1,Cool Stuff,0,,,,,,,,,,
bfd27a966d91cfaafdb25d076585f0da,SERRA NEGRA,SP,117,19921.0,170.264957,118,54,117,2724.05,10.157894736842104,0.3504273504273504,5.128205128205128,6,4.222222222222222,117,10.256410256410255,63.24786324786324,6,Toys,0,,,,,,,,,,
bfd938b22bc99bce1ae60dc602889f52,RIO DE JANEIRO,RJ,6,922.8,153.8,12,4,6,195.46,6.5,1.0,0.0,0,3.8333333333333335,6,16.666666666666664,66.66666666666666,4,Housewares,0,,,,,,,,,,
bff9deb0ec77d437f3305a79cf25529e,LIMEIRA,SP,5,161.95,32.39,5,1,5,80.79,5.4,0.0,0.0,0,4.0,5,20.0,60.0,1,Telephony,0,,,,,,,,,,
c003204e1ab016dfa150abc119207b24,CAJAMAR,SP,197,25108.09,127.452233,202,11,197,4742.8,7.861538461538461,0.6446700507614214,5.0761421319796955,10,4.431472081218274,197,5.583756345177665,65.48223350253807,2,Auto,0,,,,,,,,,,
c00396cbdd2e088fe4281baa5920aef1,CAMPO MAGRO,PR,1,832.41,832.41,3,1,1,73.44,6.0,0.0,0.0,0,5.0,1,0.0,100.0,1,Construction Tools Construction,0,,,,,,,,,,
c004e5ea15737026cecaee0447e00b75,SAO PAULO,SP,2,4700.0,2350.0,2,1,2,174.32,9.0,0.0,50.0,1,1.0,2,100.0,0.0,1,Home Appliances 2,1,Paid Search,Reseller,Offline,Shark,Not Specified,0.0,0.0,0.0,0.0,4.0
c0098efcf800861dcae589affca31408,RIBEIRAO PRETO,SP,9,1189.28,132.142222,9,8,9,187.46,9.11111111111111,0.2222222222222222,0.0,0,4.777777777777778,9,0.0,77.77777777777779,1,Auto,0,,,,,,,,,,
c013e57c075a06e5b5c48ee03c525719,SAO CARLOS,SP,42,1971.55,46.941666,45,13,41,857.11,7.595238095238095,0.5476190476190477,4.761904761904762,2,4.238095238095238,42,2.380952380952381,59.523809523809526,1,Pet Shop,1,Social,Reseller,Online Medium,Not Specified,Not Specified,0.0,0.0,0.0,0.0,20.0
c026ef0d72e9132d9fa112308090c8dc,RIO DE JANEIRO,RJ,1,520.0,520.0,1,1,1,37.72,9.0,0.0,0.0,0,4.0,1,0.0,0.0,1,Home Construction,0,,,,,,,,,,
c03121937e54a93fcc1825c3098bbb6e,CURITIBA,PR,7,1043.0,149.0,7,1,7,154.94,8.857142857142858,0.14285714285714285,0.0,0,5.0,7,0.0,100.0,1,Books General Interest,0,,,,,,,,,,
c04d70d515d15a7e3db3a73320598566,NITEROI,RJ,3,158.2,52.733333,4,3,3,56.62,4.666666666666667,0.0,0.0,0,5.0,3,0.0,100.0,2,Not Specified,0,,,,,,,,,,
c0563dd588b775f2e37747ef6ad6c92c,SANTO ANDRE,SP,28,3697.2,132.042857,28,8,28,397.48,7.964285714285714,0.32142857142857145,10.714285714285714,3,4.357142857142857,28,3.571428571428571,67.85714285714286,1,Cool Stuff,0,,,,,,,,,,
c092292535a57dacd95a8765f5518f87,PARACAMBI,RJ,1,125.0,125.0,1,1,1,18.98,7.0,0.0,0.0,0,5.0,1,0.0,100.0,1,Toys,1,Display,Reseller,Online Medium,Cat,Not Specified,0.0,0.0,0.0,0.0,0.0
c0aff2da32c17759d30b22fb0af6649d,FLORIANOPOLIS,SC,4,188.8,47.2,5,3,4,83.53,7.25,0.25,0.0,0,3.75,4,0.0,25.0,2,Stationery,1,Paid Search,Reseller,Online Medium,Wolf,Not Specified,0.0,0.0,0.0,0.0,4.0
c0e0b73d039eb9a99b6ce4cb7a429cd3,LAURENTINO,SC,1,29.88,29.88,1,1,1,7.68,2.0,0.0,0.0,0,5.0,1,0.0,100.0,1,Computers Accessories,0,,,,,,,,,,
c0e6839516f5398edc34adf5f1d53d1a,GUARUJA,SP,3,432.92,144.306666,3,2,3,87.92,1.0,1.0,0.0,0,2.6666666666666665,3,33.33333333333333,33.33333333333333,1,Sports Leisure,0,,,,,,,,,,
c0f3eea2e14555b6faeea3dd58c1b1c3,SAO PAULO,SP,1,79.99,79.99,1,1,1,15.66,5.0,0.0,0.0,0,5.0,1,0.0,100.0,1,Sports Leisure,0,,,,,,,,,,
c0f783394e37cd9c9d7f5f81141450fa,PIRACICABA,SP,6,249.4,41.566666,6,5,6,87.35,10.833333333333334,0.3333333333333333,0.0,0,3.1666666666666665,6,33.33333333333333,16.666666666666664,1,Not Specified,0,,,,,,,,,,
c113b8df1fc375bc3d73d29c1b1144d1,SAO PAULO,SP,3,333.0,111.0,5,2,3,67.87,5.666666666666667,0.0,0.0,0,4.333333333333333,3,0.0,33.33333333333333,1,Not Specified,0,,,,,,,,,,
c12b92bf1c350f3e6bf88d3596219c86,GARCA,SP,17,4808.78,282.869411,17,9,17,444.06,9.0,0.7647058823529411,5.88235294117647,1,3.8823529411764706,17,23.52941176470588,58.82352941176471,6,Auto,0,,,,,,,,,,
c12d7463a579237ffb9248bd7cff378b,SAO PAULO,SP,1,25.9,25.9,1,1,1,8.72,3.0,0.0,0.0,0,4.0,1,0.0,0.0,1,Fashion Bags Accessories,0,,,,,,,,,,
c13ef0cfbe42f190780f621ce81f2234,SAO PAULO SP,SP,1,390.0,390.0,1,1,1,61.28,9.0,0.0,100.0,1,3.0,1,0.0,0.0,1,Electronics,0,,,,,,,,,,
c13fb473e7cb8b83ccd543c094df0608,SAO PAULO,SP,2,54.8,27.4,2,2,2,28.72,10.0,0.0,0.0,0,3.5,2,0.0,0.0,2,Fixed Telephony,0,,,,,,,,,,
c1552b1dab6e6f760950368ae61fb600,SAO JOSE DOS CAMPOS,SP,2,53.8,26.9,2,2,2,14.89,3.5,0.0,0.0,0,2.5,2,50.0,0.0,1,Health Beauty,0,,,,,,,,,,
c157bdeedcbc9a8e3c8bf0d87ff24428,MAIRINQUE,SP,7,514.27,73.467142,10,4,7,208.7,9.142857142857142,0.8571428571428571,0.0,0,4.428571428571429,7,0.0,57.14285714285714,2,Not Specified,0,,,,,,,,,,
c161d1327ebc3a156c09582ab2f59f6c,SAO PAULO,SP,3,52.99,17.663333,3,2,3,23.34,1.0,0.0,0.0,0,3.0,3,33.33333333333333,33.33333333333333,2,Perfumery,0,,,,,,,,,,
c18309219e789960add0b2255ca4b091,RIO DE JANEIRO,RJ,1,9.9,9.9,1,1,1,14.1,13.0,0.0,0.0,0,5.0,1,0.0,100.0,1,Telephony,0,,,,,,,,,,
c1849d4d32d7a6cecd5aa471809d3135,SANTO ANDRE,SP,3,388.98,129.66,3,3,3,41.73,2.6666666666666665,0.0,0.0,0,4.333333333333333,3,0.0,33.33333333333333,2,Auto,1,Paid Search,Manufacturer,Offline,Cat,Not Specified,0.0,0.0,0.0,0.0,7.0
c1d1ebb4745cc43cb6f05e9c8a705c9a,SAO PAULO,SP,3,34.5,11.5,3,3,3,42.67,13.0,1.0,33.33333333333333,1,2.3333333333333335,3,66.66666666666666,33.33333333333333,1,Not Specified,0,,,,,,,,,,
c1dde11f12d05c478f5de2d7319ad3b2,SAO PAULO,SP,1,12.5,12.5,1,1,1,7.39,1.0,1.0,0.0,0,1.0,1,100.0,0.0,1,Computers Accessories,0,,,,,,,,,,
c1ed9e3daf6154542826a6996af0fb8c,ITAJAI,SC,9,971.25,107.916666,17,7,9,329.39,10.5,1.3333333333333333,11.11111111111111,1,3.888888888888889,9,22.22222222222222,66.66666666666666,1,Computers Accessories,0,,,,,,,,,,
c1f12f926d0ba950578b4fa41115cbb6,SAO PAULO,SP,2,479.6,239.8,4,2,2,76.96,32.0,1.0,50.0,1,4.0,2,0.0,50.0,2,Housewares,0,,,,,,,,,,
c200c73f9d7e5a08ca439d6a0803da7c,ALMIRANTE TAMANDARE,PR,1,40.0,40.0,2,1,1,28.2,,0.0,0.0,0,1.0,1,100.0,0.0,1,Sports Leisure,0,,,,,,,,,,
c240c4061717ac1806ae6ee72be3533b,RIO DE JANEIRO,RJ,1,59.9,59.9,1,1,1,13.99,5.0,0.0,0.0,0,4.0,1,0.0,0.0,1,Food,0,,,,,,,,,,
c24173065483e421f9e5e7f599de101d,SAO PAULO,SP,9,373.91,41.545555,9,4,9,117.3,8.88888888888889,1.0,11.11111111111111,1,3.5555555555555554,9,22.22222222222222,22.22222222222222,2,Sports Leisure,0,,,,,,,,,,
c26a2be5b53b7db6b276280da212a779,NOVA FRIBURGO,RJ,13,7482.0,575.538461,18,4,13,806.85,9.307692307692308,0.46153846153846156,0.0,0,3.3846153846153846,13,38.46153846153847,53.84615384615385,1,Office Furniture,0,,,,,,,,,,
c26ba52cf8d2f34915f2f6b7ffa0a3f3,RIO DE JANEIRO,RJ,4,125.96,31.49,4,2,4,46.69,5.0,0.25,0.0,0,4.0,4,25.0,75.0,1,Not Specified,0,,,,,,,,,,
c273175f7c6c80fb02f051e2fc6d0d72,SAO PAULO,SP,14,1188.23,84.873571,14,11,14,255.22,6.857142857142857,0.21428571428571427,7.142857142857142,1,3.7857142857142856,14,14.285714285714285,50.0,2,Auto,0,,,,,,,,,,
c286ec035ee04ba81c97508f0b5df544,CURITIBA,PR,2,493.0,246.5,2,2,2,72.9,11.0,1.0,0.0,0,2.5,2,50.0,0.0,1,Computers Accessories,0,,,,,,,,,,
c2bda99904207edd1834f03e0022b007,SAO PAULO,SP,2,79.8,39.9,2,1,2,21.88,6.0,1.0,0.0,0,2.5,2,50.0,0.0,1,Books General Interest,0,,,,,,,,,,
c2d70ce2c5d0a2eb75e78668236e6dc8,SAO PAULO,SP,13,2470.9,190.06923,15,4,13,229.02,6.153846153846154,0.38461538461538464,0.0,0,4.615384615384615,13,0.0,69.23076923076923,1,Housewares,0,,,,,,,,,,
c31eff8334d6b3047ed34bebd4d62c36,SALTO,SP,122,13191.5,108.127049,123,5,122,2394.55,7.066666666666666,0.8032786885245902,11.475409836065573,14,3.8278688524590163,122,13.114754098360656,45.90163934426229,2,Art,0,,,,,,,,,,
c3251e13f1bbda6c74e37c160f991e19,PORTO FERREIRA,SP,2,437.8,218.9,2,2,2,75.28,10.0,0.0,0.0,0,5.0,2,0.0,100.0,2,Auto,0,,,,,,,,,,
c32fc744b9160ac853450488e3cfea93,RIBEIRAO PRETO,SP,3,185.7,61.9,3,3,3,37.82,9.5,0.0,0.0,0,2.3333333333333335,3,66.66666666666666,33.33333333333333,1,Sports Leisure,1,Organic Search,Reseller,Online Medium,Cat,Not Specified,0.0,0.0,0.0,0.0,7.0
c33847515fa6305ce6feb1e818569f13,BRUSQUE,SC,114,15519.85,136.139035,128,39,114,4374.41,7.12280701754386,0.5175438596491229,3.508771929824561,4,3.8508771929824563,114,14.035087719298245,50.0,2,Bed Bath Table,0,,,,,,,,,,
c33a5c3c983090c8b78a28e65052a20d,CRICIUMA,SC,9,629.1,69.9,9,3,9,145.06,10.125,0.2222222222222222,0.0,0,4.222222222222222,9,11.11111111111111,77.77777777777779,1,Perfumery,0,,,,,,,,,,
c353f8fc0ce8344999f17d578eb69a5e,PORTO ALEGRE,RS,2,175.98,87.99,2,1,2,36.59,8.5,1.0,0.0,0,5.0,2,0.0,100.0,1,Health Beauty,0,,,,,,,,,,
c35672b10ad50968f567ea3f4b91e877,MESQUITA,RJ,18,1150.57,63.920555,22,3,17,364.78,9.055555555555555,0.3333333333333333,5.555555555555555,1,4.5,18,0.0,72.22222222222221,2,Health Beauty,0,,,,,,,,,,
c35affa65afd250151285c5917fc1c8a,SAO PALUO,SP,9,5279.91,586.656666,9,9,9,714.01,14.0,0.7777777777777778,11.11111111111111,1,4.0,9,11.11111111111111,55.55555555555556,1,Auto,0,,,,,,,,,,
c360e4787614ed31ac7a2f95d3b22dc6,LENCOIS PAULISTA,SP,1,188.9,188.9,1,1,1,30.05,5.0,0.0,0.0,0,2.0,1,0.0,0.0,1,Office Furniture,0,,,,,,,,,,
c37b2059d4f90d4feead554e5246565e,SAO PAULO,SP,12,839.3,69.941666,16,10,12,221.98,11.083333333333334,0.9166666666666666,25.0,3,3.3333333333333335,12,33.33333333333333,50.0,1,Furniture Decor,0,,,,,,,,,,
c3867b4666c7d76867627c2f7fb22e21,GUARA,SP,245,37153.4,151.64653,259,98,243,5043.78,12.473684210526315,0.3795918367346939,10.204081632653061,25,3.8816326530612244,245,15.918367346938775,55.10204081632652,1,Sports Leisure,0,,,,,,,,,,
c394e193cda3b4225ff2094d32184849,SAO PAULO,SP,3,3419.88,1139.96,12,1,3,191.56,5.0,1.0,0.0,0,3.6666666666666665,3,33.33333333333333,66.66666666666666,1,Drinks,0,,,,,,,,,,
c398bc00a606d33758afd91f4e64fd15,RIO DE JANEIRO,RJ,2,150.0,75.0,2,1,2,15.5,2.5,0.5,0.0,0,4.5,2,0.0,50.0,1,Sports Leisure,0,,,,,,,,,,
c3aad7dc65449ae90a5e9c3c6c1e78e0,AURIFLAMA/SP,SP,6,510.0,85.0,6,5,6,130.36,4.0,1.0,0.0,0,4.666666666666667,6,0.0,83.33333333333334,1,Party Supplies,0,,,,,,,,,,
c3acdfac4e3e97ff87529454fbc03642,SAO PAULO,SP,12,16788.0,1399.0,12,9,12,269.28,4.666666666666667,0.4166666666666667,8.333333333333332,1,4.25,12,8.333333333333332,66.66666666666666,1,Watches Gifts,0,,,,,,,,,,
c3cfdc648177fdbbbb35635a37472c53,CURITIBA,PR,278,43048.18,154.849568,307,111,266,6079.63,7.902877697841727,0.2841726618705036,1.4388489208633095,4,4.471223021582734,278,6.115107913669065,73.38129496402878,2,Sports Leisure,0,,,,,,,,,,
c3e1abd72a42fe690fcd89cf5720fe29,MOGI GUACU,SP,13,1798.61,138.354615,13,5,13,168.97,3.0,1.1538461538461537,0.0,0,4.461538461538462,13,7.6923076923076925,76.92307692307693,1,Pet Shop,1,Organic Search,Reseller,Online Big,Eagle,Not Specified,0.0,0.0,0.0,0.0,11.0
c3e2398fcc7e581cda2e546557bf6968,SAO PAULO,SP,1,14.9,14.9,1,1,1,15.23,6.0,3.0,0.0,0,5.0,1,0.0,100.0,1,Furniture Decor,0,,,,,,,,,,
c3ee2331a724e6fc02c4b698b57a73f3,SAO PAULO,SP,2,1347.0,673.5,3,2,2,140.88,4.5,0.0,0.0,0,3.0,2,0.0,0.0,1,Kitchen Dining Laundry Garden Furniture,0,,,,,,,,,,
c3f5668699a1b04c0fa61ecea1e2bff6,APUCARANA,PR,3,407.81,135.936666,3,3,3,107.12,10.666666666666666,0.3333333333333333,0.0,0,5.0,3,0.0,100.0,2,Perfumery,0,,,,,,,,,,
c3fe93ba3085f92855c97e57f38c8c05,CURITIBA,PR,7,245.0,35.0,7,5,7,113.97,9.166666666666666,0.8571428571428571,0.0,0,5.0,7,0.0,100.0,1,Books General Interest,0,,,,,,,,,,
c42fd8e4d47dfb18ce5222f2dd7752f9,OSASCO,SP,7,466.99,66.712857,11,9,5,161.64,12.0,0.2857142857142857,28.57142857142857,2,4.142857142857143,7,14.285714285714285,71.42857142857143,3,Furniture Decor,0,,,,,,,,,,
c43d924a0f1688ee9fae0efcd6f539d4,RIO DE JANEIRO,RJ,1,29.9,29.9,1,1,1,15.11,6.0,1.0,0.0,0,4.0,1,0.0,0.0,1,Bed Bath Table,0,,,,,,,,,,
c447f8dd3ed213f291d65ef074a268eb,ASSIS,SP,7,655.0,93.571428,8,4,7,122.23,6.571428571428571,0.7142857142857143,0.0,0,3.7142857142857144,7,28.57142857142857,57.14285714285714,2,Sports Leisure,0,,,,,,,,,,
c458e2045a8aa8964f8879af03fdcce6,SAO CAETANO DO SUL,SP,4,494.91,123.7275,9,4,4,196.79,11.25,0.75,0.0,0,2.75,4,50.0,25.0,1,Fixed Telephony,0,,,,,,,,,,
c4af86330efa7a2620772227d2d670c9,MOGI DAS CRUZES,SP,4,5396.0,1349.0,4,1,4,364.96,12.5,1.25,0.0,0,4.25,4,0.0,50.0,1,Construction Tools Construction,0,,,,,,,,,,
c4b911d06343b21dd906651f8101cb49,VERA CRUZ,SP,2,90.98,45.49,2,2,2,50.35,,0.5,0.0,0,1.0,2,100.0,0.0,2,Not Specified,0,,,,,,,,,,
c4d51195486dc781531876a7d00453d8,PRESIDENTE PRUDENTE,SP,17,11468.98,674.645882,17,6,17,569.37,17.58823529411765,0.7647058823529411,29.411764705882355,5,3.9411764705882355,17,0.0,47.05882352941176,2,Telephony,0,,,,,,,,,,
c4f7fee5b0db50e87766f5a4d1b1b758,SOROCABA,SP,8,11961.83,1495.22875,9,5,8,571.77,8.8,0.125,0.0,0,2.875,8,50.0,37.5,4,Cool Stuff,0,,,,,,,,,,
c4fabeea6e569d42d02993bb1f4f1cbc,FORTALEZA,CE,11,859.3,78.118181,11,3,11,277.22,16.363636363636363,0.45454545454545453,9.090909090909092,1,4.0,11,18.181818181818183,54.54545454545454,2,Baby,0,,,,,,,,,,
c4fb51fb1c5b7c07bc5e67be6e7e8f6e,CURITIBA,PR,15,1567.9,104.526666,16,5,15,558.71,12.333333333333334,0.6,13.333333333333334,2,3.533333333333333,15,20.0,40.0,5,Housewares,0,,,,,,,,,,
c500367424994318b9e779ff1ae9a330,PAULINIA,SP,9,4346.4,482.933333,9,8,9,311.99,10.88888888888889,1.1111111111111112,11.11111111111111,1,3.7777777777777777,9,22.22222222222222,55.55555555555556,3,Baby,0,,,,,,,,,,
c510bc1718f0f2961eaa42a23330681a,INDAIATUBA,SP,13,12251.0,942.384615,13,11,13,960.87,5.083333333333333,0.5384615384615384,0.0,0,4.0,13,23.076923076923077,69.23076923076923,1,Baby,1,Other,Reseller,Online Big,Eagle,Not Specified,0.0,0.0,0.0,0.0,1.0
c522be04e020c1e7b79f3acff36513d5,SANTANA DE PARNAIBA,SP,7,739.93,105.704285,7,4,7,98.37,12.333333333333334,0.5714285714285714,28.57142857142857,2,3.5714285714285716,7,28.57142857142857,42.857142857142854,4,Auto,0,,,,,,,,,,
c52c644cc0dc85121207a27013efc6af,TIRADENTES,MG,1,397.8,397.8,2,1,1,283.16,3.0,0.0,0.0,0,5.0,1,0.0,100.0,1,Furniture Decor,0,,,,,,,,,,
c53bcd3be457a342a97e39e5a9f0be22,NEOPOLIS,SE,5,509.5,101.9,5,3,5,186.09,9.2,0.8,0.0,0,3.2,5,40.0,40.0,1,Bed Bath Table,0,,,,,,,,,,
c542f5a8c64d973f30e9df8d06f70b4a,SAO PAULO,SP,1,81.0,81.0,1,1,1,17.31,,0.0,0.0,0,1.0,1,100.0,0.0,1,Toys,0,,,,,,,,,,
c54679b132454625907c773d273d4126,GUARUJA,SP,7,1032.0,147.428571,8,2,7,107.93,4.142857142857143,0.2857142857142857,0.0,0,4.857142857142857,7,0.0,85.71428571428571,1,Perfumery,1,Paid Search,Manufacturer,Online Medium,Not Specified,Not Specified,0.0,0.0,0.0,0.0,5.0
c5e60e39c0f42b8e827daa13cff74afa,SAO PAULO,SP,6,134.0,22.333333,8,4,6,89.1,1.8333333333333333,0.5,0.0,0,4.5,6,0.0,66.66666666666666,1,Bed Bath Table,0,,,,,,,,,,
c5ebe6598748b0aeaa61cfb820478b92,LAJEADO,RS,3,297.0,99.0,3,3,3,40.17,3.0,0.3333333333333333,0.0,0,4.666666666666667,3,0.0,66.66666666666666,1,Auto,0,,,,,,,,,,
c5f7e746b7e6d07def6c0dae9903279b,CURITIBA,PR,10,1429.0,142.9,11,5,10,229.92,4.1,0.4,0.0,0,4.4,10,0.0,60.0,1,Pet Shop,1,Organic Search,Reseller,Industry,Not Specified,Not Specified,0.0,0.0,0.0,0.0,48.0
c5f7feb04a6a1fb3596322bfc3cf1917,SAO CAETANO DO SUL,SP,11,1720.6,156.418181,11,10,11,337.86,8.090909090909092,0.5454545454545454,9.090909090909092,1,4.2727272727272725,11,18.181818181818183,81.81818181818183,1,Furniture Decor,0,,,,,,,,,,
c60b801f2d52c7f7f91de00870882a75,GUARULHOS,SP,41,12913.5,314.963414,41,18,41,739.39,8.743589743589743,0.4878048780487805,14.634146341463413,6,3.317073170731707,41,31.70731707317073,39.02439024390244,5,Watches Gifts,0,,,,,,,,,,
c611f4ce9ce875bcc063fa97fd4d7d12,ATIBAIA,SP,1,319.0,319.0,1,1,1,13.25,3.0,0.0,100.0,1,4.0,1,0.0,0.0,1,Garden Tools,1,Other,Manufacturer,Online Medium,Cat,Not Specified,0.0,0.0,0.0,0.0,4.0
c6218512d16fcac0af02fe92691cf274,CONTAGEM,MG,8,674.0,84.25,8,4,8,194.64,9.875,0.875,0.0,0,4.0,8,12.5,50.0,2,Furniture Decor,0,,,,,,,,,,
c6381b1321d7d97717a5bb4ed5b77882,SAO PAULO,SP,2,66.0,33.0,3,3,2,34.01,2.5,1.0,0.0,0,3.0,2,50.0,50.0,2,Health Beauty,0,,,,,,,,,,
c6381d2d013342748761e906d45aff76,PORTAO,RS,15,2042.98,136.198666,28,7,15,571.28,9.866666666666667,0.3333333333333333,0.0,0,3.8666666666666667,15,20.0,60.0,2,Housewares,0,,,,,,,,,,
c64a2aec32cc408a8a4c6d7c46017f91,IMBE,RS,9,3221.5,357.944444,9,2,9,406.67,15.0,0.0,0.0,0,3.888888888888889,9,11.11111111111111,33.33333333333333,1,Home Construction,0,,,,,,,,,,
c66dccfb3f109511246da627dd5a2498,REGISTRO,SP,45,12708.55,282.412222,45,44,45,973.7,9.727272727272727,0.28888888888888886,4.444444444444445,2,4.488888888888889,45,4.444444444444445,75.55555555555556,2,Watches Gifts,0,,,,,,,,,,
c679fb69a36e1d8349e8c50a217b4d58,CAXIAS DO SUL,RS,14,1825.68,130.405714,17,13,14,388.21,6.0,0.5,7.142857142857142,1,3.642857142857143,14,28.57142857142857,50.0,2,Housewares,0,,,,,,,,,,
c68fb906c8f4b4b946d8386bfa6e5467,JABOTICABAL,SP,45,4541.16,100.914666,48,36,45,892.45,9.422222222222222,0.5777777777777777,2.2222222222222223,1,4.511111111111111,45,2.2222222222222223,71.11111111111111,8,Housewares,0,,,,,,,,,,
c6a7539d424a8402232c2228d7a03c5e,SAO PAULO,SP,10,607.5,60.75,15,1,10,393.82,9.5,0.5,10.0,1,3.1,10,40.0,30.0,1,Housewares,0,,,,,,,,,,
c6bda72e4dbf5c5866b13cb1810c6d03,SAO PAULO,SP,59,14059.38,238.294576,59,27,59,1136.74,8.288135593220339,0.288135593220339,3.389830508474576,2,4.389830508474576,59,6.779661016949152,67.79661016949152,4,Baby,0,,,,,,,,,,
c70a353f02429c00775a46a75fb787da,SAO PAULO,SP,6,242.0,40.333333,6,4,6,94.94,5.166666666666667,0.3333333333333333,0.0,0,4.666666666666667,6,0.0,83.33333333333334,1,Health Beauty,1,Social,Reseller,Online Medium,Cat,Not Specified,0.0,0.0,0.0,0.0,12.0
c70c1b0d8ca86052f45a432a38b73958,HORTOLANDIA,SP,261,36537.37,139.989923,338,66,253,3938.91,4.665384615384616,0.32567049808429116,5.363984674329502,14,4.333333333333333,261,8.42911877394636,67.81609195402298,1,Health Beauty,1,Paid Search,Reseller,Online Medium,Shark,Not Specified,0.0,0.0,0.0,0.0,0.0
c714262700f93defc16bf17a51a4cb23,SAO PAULO,SP,4,421.8,105.45,4,4,4,69.53,7.25,0.0,0.0,0,3.75,4,25.0,50.0,2,Cool Stuff,0,,,,,,,,,,
c716e0b86ed568878475b60fbb6323ad,RIO DE JANEIRO,SP,1,35.0,35.0,1,1,1,15.23,6.0,0.0,0.0,0,5.0,1,0.0,100.0,1,Books General Interest,0,,,,,,,,,,
c7246702dc991a06d788120dc7544391,FORTALEZA,CE,1,54.86,54.86,1,1,1,17.66,18.0,2.0,0.0,0,5.0,1,0.0,100.0,1,Cool Stuff,0,,,,,,,,,,
c72de06d72748d1a0dfb2125be43ba63,GUANAMBI,BA,21,17522.0,834.380952,22,8,21,1211.18,8.238095238095237,0.6190476190476191,0.0,0,4.476190476190476,21,4.761904761904762,71.42857142857143,3,Computers Accessories,0,,,,,,,,,,
c731d18cea9bf687ffee82a241c25b11,CONCORDIA,SC,24,3662.0,152.583333,26,18,24,610.65,6.416666666666667,0.2916666666666667,0.0,0,4.083333333333333,24,20.833333333333336,70.83333333333334,5,La Cuisine,0,,,,,,,,,,
c747d5b92c7648417faea95d36d763e8,PACATUBA,CE,1,139.0,139.0,1,1,1,85.75,9.0,1.0,0.0,0,5.0,1,0.0,100.0,1,Furniture Living Room,0,,,,,,,,,,
c74f14c1e26cf1bd5bd34b6a1e274426,SAO MIGUEL DO OESTE,SC,1,39.0,39.0,1,1,1,16.79,15.0,3.0,0.0,0,5.0,1,0.0,100.0,1,Books General Interest,0,,,,,,,,,,
c76d418370990614e89e956c7a7567d9,TABOAO DA SERRA,SP,2,305.24,152.62,2,1,2,64.53,8.0,2.0,0.0,0,3.5,2,0.0,0.0,1,Sports Leisure,0,,,,,,,,,,
c79151301b9d90985d1fa52879213105,MARINGA,PR,4,322.3,80.575,8,3,4,130.81,7.0,1.5,0.0,0,3.75,4,25.0,50.0,1,Computers Accessories,0,,,,,,,,,,
c794dab4928dd97beb41d05514441e86,ARTUR NOGUEIRA,SP,16,1312.4,82.025,16,9,16,232.19,11.4375,0.6875,12.5,2,4.375,16,6.25,62.5,1,Health Beauty,0,,,,,,,,,,
c7a0a13cbcf29d5ce51c8f80afdc0b89,LAURENTINO,SC,8,483.08,60.385,9,4,8,174.72,7.0,0.0,0.0,0,4.125,8,0.0,50.0,2,Fashion Bags Accessories,0,,,,,,,,,,
c7b7db6c8f3c64a7cc1afa634db21d50,SAO PAULO,SP,1,1489.0,1489.0,1,1,1,22.86,32.0,0.0,100.0,1,1.0,1,100.0,0.0,1,Housewares,0,,,,,,,,,,
c7bb64409aa480bb7d0335faaaf3d242,JOINVILLE,SC,4,97.6,24.4,4,2,4,67.56,3.5,0.5,0.0,0,2.25,4,50.0,0.0,1,Auto,1,Direct Traffic,Reseller,Online Big,Cat,Not Specified,0.0,0.0,0.0,0.0,2.0
c7c7b2682c648339a0e9846bb1023a39,BRAGANCA PAULISTA,SP,2,168.0,84.0,3,2,2,31.68,5.5,0.0,0.0,0,4.5,2,0.0,50.0,1,Not Specified,0,,,,,,,,,,
c7dcd301ecfe5ab7f778ac172cf74be7,BELO HORIZONTE,MG,4,457.69,114.4225,4,3,4,62.14,1.0,1.0,0.0,0,2.5,4,50.0,0.0,2,Health Beauty,0,,,,,,,,,,
c7fdb77fdbff3c41981bc52f787e959e,SANTO ANDRE,SP,10,696.32,69.632,12,8,10,175.56,11.666666666666666,0.7,10.0,1,3.3,10,30.0,50.0,1,Bed Bath Table,0,,,,,,,,,,
c8025364abeecb115431bf95c11a747f,PORTO ALEGRE,RS,2,928.0,464.0,2,2,2,43.28,4.5,1.0,0.0,0,4.5,2,0.0,50.0,1,Sports Leisure,0,,,,,,,,,,
c8143b3069f6746a77421b5ce30a450c,ABADIA DE GOIAS,GO,1,142.47,142.47,1,1,1,43.41,19.0,0.0,0.0,0,5.0,1,0.0,100.0,1,Health Beauty,0,,,,,,,,,,
c826c40d7b19f62a09e2d7c5e7295ee2,GUARULHOS,SP,354,45643.74,128.937118,373,17,354,5573.48,10.497109826589595,0.5141242937853108,7.344632768361582,26,4.070621468926554,354,14.40677966101695,57.909604519774014,2,Not Specified,0,,,,,,,,,,
c840d3fdbba0790404fdae73d253b253,CURITIBA,PR,9,4522.28,502.475555,14,7,9,359.65,9.555555555555555,0.5555555555555556,0.0,0,3.5555555555555554,9,22.22222222222222,44.44444444444444,2,Furniture Decor,0,,,,,,,,,,
c8417879a15366a17c30af34c798c332,SAO PAULO,SP,26,1767.9,67.996153,36,15,26,487.54,7.6,0.6923076923076923,3.8461538461538463,1,4.153846153846154,26,11.538461538461538,57.692307692307686,5,Garden Tools,0,,,,,,,,,,
c84592044b180dec206770c38603814b,SAO PAULO,SP,15,511.94,34.129333,15,5,15,224.26,10.142857142857142,0.4,0.0,0,4.2,15,6.666666666666667,60.0,4,Electronics,1,Other,Reseller,Online Medium,Not Specified,Not Specified,0.0,0.0,0.0,0.0,15.0
c8467937e403e76a8ee9f0ab13f6f5ef,POCOS DE CALDAS,MG,30,1853.79,61.793,33,6,30,588.95,12.666666666666666,0.6,13.333333333333334,4,3.9,30,16.666666666666664,50.0,1,Costruction Tools Tools,0,,,,,,,,,,
c847e075301870dd144a116762eaff9a,UBERABA,MG,42,15348.7,365.445238,43,5,42,1112.08,15.097560975609756,0.5952380952380952,7.142857142857142,3,4.095238095238095,42,11.904761904761903,59.523809523809526,4,Cool Stuff,0,,,,,,,,,,
c85d7b477a709c85a1e8b8f25aa1b270,SAO BERNARDO DO CAMPO,SP,1,75.0,75.0,2,1,1,32.22,,0.0,0.0,0,1.0,1,100.0,0.0,1,Housewares,0,,,,,,,,,,
c864036feaab8c1659f65ea4faebe1da,CAMPO LARGO,PR,58,10454.2,180.244827,58,29,58,1845.57,10.689655172413794,0.4482758620689655,3.4482758620689653,2,4.568965517241379,58,5.172413793103448,75.86206896551724,1,Sports Leisure,0,,,,,,,,,,
c8660dcf9ba70575f45d80fe28c27713,SAO PAULO,SP,4,335.0,83.75,7,2,4,103.99,12.5,0.5,25.0,1,4.5,4,0.0,50.0,2,Pet Shop,0,,,,,,,,,,
c8665a4dd081a2c436b1cd921079d0d9,PITANGUEIRAS,SP,1,79.39,79.39,1,1,1,14.14,3.0,0.0,0.0,0,5.0,1,0.0,100.0,1,Health Beauty,1,Direct Traffic,Reseller,Online Medium,Wolf,Not Specified,0.0,0.0,0.0,0.0,0.0
c8771b1a10bb99bb34d3c459c5cffb53,TOCANTINS,SP,1,64.9,64.9,1,1,1,31.2,4.0,0.0,0.0,0,5.0,1,0.0,100.0,1,Toys,0,,,,,,,,,,
c878515173c84a492ebe50d6b493230b,ITAIPULANDIA,PR,9,1118.84,124.315555,10,6,9,189.2,13.0,0.0,22.22222222222222,2,4.111111111111111,9,22.22222222222222,77.77777777777779,4,Sports Leisure,0,,,,,,,,,,
c87abc38c8ed3240861729e1aeadf221,SAO PAULO,SP,1,133.0,133.0,1,1,1,15.68,8.0,1.0,0.0,0,1.0,1,100.0,0.0,1,Fashion Bags Accessories,0,,,,,,,,,,
c88f62b4c386a59281014d677864d016,ARAPONGAS,PR,1,1099.0,1099.0,1,1,1,251.5,,2.0,0.0,0,1.0,1,100.0,0.0,1,Sports Leisure,0,,,,,,,,,,
c89cf7c468a48af70aada384e722f9e2,PETROPOLIS,RJ,14,745.0,53.214285,14,7,14,226.01,10.571428571428571,0.42857142857142855,7.142857142857142,1,3.7857142857142856,14,14.285714285714285,42.857142857142854,1,Toys,0,,,,,,,,,,
c8b0e2b0a7095e5d8219575d5e7e1181,ITAQUAQUECETUBA,SP,84,12170.21,144.883452,85,58,83,1487.13,8.80952380952381,0.25,7.142857142857142,6,4.0476190476190474,84,14.285714285714285,58.333333333333336,1,Auto,0,,,,,,,,,,
c8b3445d737de6befde0c88ede534a5e,SAO PAULO,SP,30,3149.04,104.968,36,7,30,651.75,9.166666666666666,0.5666666666666667,3.3333333333333335,1,4.433333333333334,30,6.666666666666667,73.33333333333333,2,Toys,0,,,,,,,,,,
c8c1bea22194a4eefa2dc9a9fa89f536,PORTO BELO,SC,7,1266.0,180.857142,13,3,7,292.73,7.285714285714286,0.2857142857142857,0.0,0,5.0,7,0.0,100.0,1,Pet Shop,0,,,,,,,,,,
c8cc60ffd415254af5d9b9f34f32c369,SOROCABA,SP,8,722.2,90.275,9,7,8,194.03,4.25,0.0,0.0,0,4.75,8,0.0,75.0,1,Pet Shop,1,Social,Reseller,Online Medium,Cat,Not Specified,0.0,0.0,0.0,0.0,17.0
c8e135e7b21ecbc36c1153a29d2f5a06,SAO PAULO,SP,7,1165.5,166.5,7,5,7,101.98,5.285714285714286,0.0,0.0,0,4.857142857142857,7,0.0,85.71428571428571,1,Health Beauty,0,,,,,,,,,,
c963a25b8671419c6ce9eebe8fd03218,ANGRA DOS REIS RJ,RJ,1,49.0,49.0,1,1,1,19.32,5.0,0.0,0.0,0,5.0,1,0.0,100.0,1,Furniture Decor,1,Paid Search,Manufacturer,Online Medium,Cat,Not Specified,0.0,0.0,0.0,0.0,9.0
c97aa4ee7420f937da13b7f9e2228b99,NOVO HAMBURGO,RS,1,29.9,29.9,1,1,1,6.66,5.0,1.0,0.0,0,1.0,1,100.0,0.0,1,Pet Shop,0,,,,,,,,,,
c990d6cf976a5718aaedc539f383ab88,PAULINIA,SP,10,200.9,20.09,11,5,10,141.09,7.0,0.4,30.0,3,3.3,10,20.0,30.0,3,Telephony,0,,,,,,,,,,
c9a06ece156bb057372c68718ec8909b,BRASILIA,DF,14,4688.9,334.921428,14,3,14,540.72,8.454545454545455,0.5,0.0,0,3.0,14,35.714285714285715,28.57142857142857,3,Garden Tools,0,,,,,,,,,,
c9aafcd0621b2207c10e32c649cada4d,SAO PAULO,SP,44,2997.25,68.119318,52,31,44,888.65,5.675,0.6363636363636364,6.8181818181818175,3,4.0227272727272725,44,18.181818181818183,56.81818181818182,1,Health Beauty,0,,,,,,,,,,
c9c7905cffc4ef9ff9f113554423e671,ITAPECERICA DA SERRA,SP,127,10657.18,83.914803,139,22,127,2109.53,9.031496062992126,0.4881889763779528,7.874015748031496,10,4.141732283464567,127,9.448818897637794,53.54330708661418,9,Telephony,0,,,,,,,,,,
c9d2ba8dde44a275ae06475ed1d2fafc,UBERLANDIA,MG,1,28.79,28.79,1,1,1,14.52,7.0,1.0,0.0,0,5.0,1,0.0,100.0,1,Auto,0,,,,,,,,,,
c9e5ad1f6647f5dbd1172adf6ae3cada,PORTO ALEGRE,RS,4,259.03,64.7575,4,3,4,60.95,6.0,0.75,0.0,0,4.75,4,0.0,75.0,3,Agro Industry And Commerce,0,,,,,,,,,,
ca3bd7cd9f149df75950150d010fe4a2,SAO PAULO,SP,71,9731.85,137.068309,138,51,70,3439.52,7.397058823529412,1.0,1.4084507042253522,1,3.9577464788732395,71,14.084507042253522,53.52112676056338,2,Housewares,0,,,,,,,,,,
ca4b77513ac2040591b0d8fae6958380,SANDO ANDRE,SP,14,1772.45,126.603571,15,12,14,201.17,5.428571428571429,0.14285714285714285,14.285714285714285,2,4.5,14,7.142857142857142,71.42857142857143,1,Health Beauty,1,Social,Reseller,Online Medium,Cat,Not Specified,0.0,0.0,0.0,0.0,66.0
ca5832c6960267b71041f74bb39e8b12,XANXERE,SC,1,79.9,79.9,1,1,1,17.81,15.0,0.0,100.0,1,1.0,1,100.0,0.0,1,Music,0,,,,,,,,,,
ca77545ca4d2dfd1431bf61334e2fa3c,MARINGA,PR,6,760.0,126.666666,10,2,6,213.71,10.833333333333334,0.16666666666666666,0.0,0,4.666666666666667,6,0.0,66.66666666666666,2,Sports Leisure,0,,,,,,,,,,
ca7c6bd577e559472af1c699de9e764e,SAO BERNARDO DO CAMPO,SP,6,148.0,24.666666,8,1,6,70.82,3.3333333333333335,0.0,0.0,0,4.333333333333333,6,16.666666666666664,83.33333333333334,1,Health Beauty,1,Email,Reseller,Online Medium,Cat,Not Specified,0.0,0.0,0.0,0.0,27.0
caa9bc43a9fe8cf9c564ddd8a03cc4a6,JACAREI,SP,13,803.87,61.836153,14,5,13,233.87,6.769230769230769,0.6923076923076923,0.0,0,4.461538461538462,13,0.0,61.53846153846154,2,Toys,1,Other,Reseller,Online Medium,Cat,Not Specified,0.0,0.0,0.0,0.0,1.0
cab85505710c7cb9b720bceb52b01cee,SAO PAULO,SP,206,11389.1,55.286893,209,28,204,2906.14,7.014925373134329,0.4368932038834951,1.9417475728155338,4,4.266990291262136,206,5.339805825242718,58.7378640776699,1,Fashion Bags Accessories,0,,,,,,,,,,
cac4c8e7b1ca6252d8f20b2fc1a2e4af,INDAIATUBA,SP,75,4168.18,55.575733,83,33,75,1554.36,12.013513513513514,0.56,17.333333333333336,13,3.506666666666667,75,26.666666666666668,46.666666666666664,7,Furniture Decor,0,,,,,,,,,,
cac4e0bc1a3269fa2b6ea5e763f6115b,BRUSQUE,SC,2,57.88,28.94,3,2,2,50.14,6.5,2.0,0.0,0,5.0,2,0.0,100.0,2,Housewares,0,,,,,,,,,,
cac63f48c38cd7d002a7e846dcd99a23,SUMARE,SP,10,874.0,87.4,10,7,8,140.62,5.4,0.4,0.0,0,4.8,10,0.0,80.0,1,Toys,0,,,,,,,,,,
cac876b37d3abcd6bd76caca30277996,CASCAVEL,PR,27,2229.77,82.584074,33,14,27,729.02,8.185185185185185,0.3333333333333333,0.0,0,4.481481481481482,27,3.7037037037037033,66.66666666666666,6,Housewares,1,Paid Search,Reseller,Online Big,Not Specified,Not Specified,0.0,0.0,0.0,0.0,0.0
cad10cc982ab6a391570c211b995c17c,AVARE,SP,1,47.4,47.4,1,1,1,12.79,3.0,2.0,0.0,0,5.0,1,0.0,100.0,1,Costruction Tools Garden,1,Email,Reseller,Online Medium,Wolf,Not Specified,0.0,0.0,0.0,0.0,36.0
cad9969167c09b48ae6f1d123f7fa68d,POCOS DE CALDAS,MG,2,43.2,21.6,2,2,2,26.98,2.0,0.0,0.0,0,3.0,2,50.0,50.0,1,Furniture Decor,1,Direct Traffic,Reseller,Online Small,Not Specified,Not Specified,0.0,0.0,0.0,0.0,15.0
cb0b3bcf14e0a709df412a99424a59d7,SAO PAULO,SP,2,460.0,230.0,2,2,2,47.43,17.0,0.5,0.0,0,4.5,2,0.0,50.0,1,Auto,0,,,,,,,,,,
cb162c8eef257253782d245c08d9097c,BARUERI,SP,1,34.99,34.99,1,1,1,14.13,8.0,0.0,0.0,0,5.0,1,0.0,100.0,1,Cool Stuff,0,,,,,,,,,,
cb32766839f443db85c82a43c4a6c19e,RIO CLARO,SP,2,234.0,117.0,2,2,2,31.51,15.5,0.0,0.0,0,3.0,2,50.0,50.0,1,Fashio Female Clothing,0,,,,,,,,,,
cb3dd9ce66268c7a3ca7241ac70ab58c,SAO PAULO,SP,50,2879.76,57.5952,52,27,47,845.95,8.875,0.5714285714285714,4.0,2,4.14,50,10.0,60.0,2,Sports Leisure,0,,,,,,,,,,
cb41bfbcbda0aea354a834ab222f9a59,SAO PAULO,SP,12,4002.0,333.5,12,3,12,886.68,29.818181818181817,0.4166666666666667,33.33333333333333,4,3.3333333333333335,12,25.0,25.0,1,Home Construction,0,,,,,,,,,,
cb4a705d00e100b9732d0ca34817d441,FLORIANOPOLIS,SC,1,998.0,998.0,2,1,1,82.56,21.0,1.0,0.0,0,1.0,1,100.0,0.0,1,Furniture Decor,0,,,,,,,,,,
cb5df0dcb9e280b1780e9d589889f2c7,BADY BASSITT,SP,16,2934.72,183.42,19,15,16,754.49,13.545454545454545,0.6875,12.5,2,2.5,16,56.25,25.0,5,Furniture Bedroom,0,,,,,,,,,,
cb5ff1b9715e99589f3e0c7a6afab9e3,MARINGA,PR,4,85.0,21.25,4,2,4,54.03,4.25,0.5,0.0,0,4.0,4,0.0,25.0,1,Sports Leisure,0,,,,,,,,,,
cb6c9f5888a7a090c75beaf615925792,VILA VELHA,ES,11,779.89,70.89909,11,9,11,229.08,8.909090909090908,0.18181818181818182,0.0,0,3.8181818181818183,11,18.181818181818183,45.45454545454545,5,Garden Tools,1,Other,Reseller,Online Medium,Eagle,Not Specified,0.0,0.0,0.0,0.0,1.0
cb810bd318f51b3dc3c753944d61a1fa,NITEROI,RJ,1,1750.0,1750.0,1,1,1,39.02,8.0,1.0,0.0,0,4.0,1,0.0,0.0,1,Health Beauty,0,,,,,,,,,,
cb8bcce248bb1fb274ba762d8b971456,SANTA RITA DO SAPUCAI,MG,68,9402.2,138.267647,69,5,68,1232.82,10.727272727272727,0.5,1.4705882352941175,1,4.25,68,5.88235294117647,51.470588235294116,3,Cool Stuff,0,,,,,,,,,,
cb9fb4ca75d7ba8437480e8dde64fe98,SAO PAULO,SP,10,532.14,53.214,10,3,10,173.42,7.7,0.3,0.0,0,4.0,10,10.0,50.0,1,Not Specified,0,,,,,,,,,,
cbbd5ae8f53de5f5097cd8217b529e24,SANTANA DE PARNAIBA,SP,2,351.8,175.9,2,1,2,70.45,17.0,0.0,0.0,0,2.5,2,50.0,0.0,1,Baby,0,,,,,,,,,,
cbd996ad3c1b7dc71fd0e5f5df9087e2,SAO JOSE DO RIO PRETO,SP,165,8411.04,50.976,196,13,164,2873.92,10.88125,0.3878787878787879,7.878787878787878,13,4.109090909090909,165,10.303030303030303,57.57575757575758,3,Food,0,,,,,,,,,,
cbf09e831b0c11f6f23ffb51004db972,SBC/SP,SP,10,1535.2,153.52,10,4,10,280.2,3.3,0.2,0.0,0,4.4,10,0.0,50.0,2,Housewares,1,Organic Search,Reseller,Not Specified,Cat,Not Specified,0.0,0.0,0.0,0.0,4.0
cc1f04647be106ba74e62b21f358af25,SAO PAULO,SP,1,11.9,11.9,1,1,1,8.29,8.0,1.0,0.0,0,1.0,1,100.0,0.0,1,Health Beauty,0,,,,,,,,,,
cc3d14116804f7209f3884f6367f1152,CURITIBA,PR,27,5477.8,202.881481,30,4,27,582.79,9.777777777777779,0.25925925925925924,0.0,0,4.62962962962963,27,0.0,70.37037037037037,3,Small Appliances,0,,,,,,,,,,
cc419e0650a3c5ba77189a1882b7556a,SANTO ANDRE,SP,1706,104288.42,61.130375,1775,37,1657,25668.99,8.686856450635979,0.5715123094958968,5.0996483001172335,87,4.060375146541618,1706,11.899179366940212,57.97186400937866,4,Health Beauty,0,,,,,,,,,,
cc5a78bbad32776dc4e3af205218368c,DIVINOPOLIS,MG,33,4269.18,129.36909,38,25,33,1304.17,6.575757575757576,0.24242424242424243,3.0303030303030303,1,4.454545454545454,33,6.0606060606060606,72.72727272727273,5,Housewares,0,,,,,,,,,,
cc63f0dd2acba93ffed4fe9f8e0321fa,SAO JOSE DO RIO PRETO,SP,55,7096.71,129.03109,63,17,54,1399.97,6.6909090909090905,0.43636363636363634,0.0,0,4.090909090909091,55,1.8181818181818181,47.27272727272727,2,Housewares,1,Social,Reseller,Not Specified,Eagle,Not Specified,0.0,0.0,0.0,0.0,6.0
cc80e2f693fa6e2408f47ccf62413fc1,CURITIBA,PR,2,420.0,210.0,2,1,2,88.63,11.0,0.0,0.0,0,4.0,2,0.0,0.0,1,Auto,0,,,,,,,,,,
cca3071e3e9bb7d12640c9fbe2301306,IBITINGA,SP,712,64009.89,89.90153,830,322,700,14371.4,10.127324749642346,0.49506346967559944,4.775280898876404,34,3.811797752808989,712,15.44943820224719,49.71910112359551,6,Furniture Decor,0,,,,,,,,,,
ccada0ef508e698917a6eab263375905,PATO BRAGADO,PR,3,172.8,57.6,3,3,3,59.16,8.666666666666666,0.6666666666666666,0.0,0,3.6666666666666665,3,0.0,33.33333333333333,2,Not Specified,0,,,,,,,,,,
ccb83a794700270fde70898fe9ff368b,SOMBRIO,SC,12,11062.0,921.833333,12,2,12,1723.73,14.5,0.5,16.666666666666664,2,4.333333333333333,12,8.333333333333332,66.66666666666666,1,Sports Leisure,0,,,,,,,,,,
ccbd753e6863fe7314dc6c0ca5a074e7,BLUMENAU,SC,1,495.0,495.0,1,1,1,101.56,11.0,0.0,0.0,0,4.0,1,0.0,0.0,1,Auto,0,,,,,,,,,,
ccc4bbb5f32a6ab2b7066a4130f114e3,CURITIBA,PR,187,74004.62,395.746631,192,12,186,5256.98,12.478260869565217,0.5721925133689839,6.417112299465241,12,4.288770053475936,187,8.55614973262032,65.24064171122996,2,Health Beauty,0,,,,,,,,,,
cce6ab8d1682639fe45ab70234f1665f,CURITIBA,SP,63,2522.7,40.042857,66,17,63,1167.44,8.39344262295082,0.4603174603174603,3.1746031746031744,2,4.412698412698413,63,6.349206349206349,69.84126984126983,1,Bed Bath Table,0,,,,,,,,,,
ccf8813e5a7d6c84d865cd38bfc2b130,TAUBATE,SP,26,2635.5,101.365384,26,8,26,415.79,9.346153846153847,0.23076923076923078,3.8461538461538463,1,4.384615384615385,26,7.6923076923076925,73.07692307692307,2,Furniture Decor,0,,,,,,,,,,
cd06602b43d8800bd0afad514919d35c,SAO PAULO,SP,44,2588.07,58.819772,53,20,44,747.26,8.255813953488373,0.4772727272727273,4.545454545454546,2,3.6818181818181817,44,15.909090909090908,47.72727272727273,3,Housewares,0,,,,,,,,,,
cd2169d9f31ff6fbb9ca3373b0c9e354,NOVA FRIBURGO,RJ,1,569.0,569.0,1,1,1,56.33,14.0,0.0,0.0,0,4.0,1,0.0,0.0,1,Baby,1,Paid Search,Reseller,Online Medium,Cat,Not Specified,0.0,0.0,0.0,0.0,80.0
cd233f8bfa30ebfd651f47ee7d054951,BIRIGUI,SP,1,79.9,79.9,1,1,1,18.66,6.0,1.0,0.0,0,5.0,1,0.0,100.0,1,Sports Leisure,0,,,,,,,,,,
cd3d09fbe6e3e9ff0c0ac0c300e93ae7,NOVA ODESSA,SP,12,651.04,54.253333,12,11,12,229.19,9.416666666666666,0.5833333333333334,8.333333333333332,1,4.166666666666667,12,8.333333333333332,58.333333333333336,1,Auto,0,,,,,,,,,,
cd52a8efd71af3336b14b5039b951cc1,PALHOCA,SP,3,170.8,56.933333,3,1,3,59.74,10.0,0.0,0.0,0,2.3333333333333335,3,33.33333333333333,0.0,1,Fashion Bags Accessories,0,,,,,,,,,,
cd68562d3f44870c08922d380acae552,RIBEIRAO PRETO,SP,125,18569.7,148.5576,132,58,125,2207.49,12.639344262295081,0.488,15.2,19,3.928,125,14.399999999999999,53.6,9,Sports Leisure,0,,,,,,,,,,
cd6efc47efaabf134f8bdb654e10b4f1,RIO DE JANEIRO,RJ,31,4158.55,134.146774,32,10,31,598.61,7.096774193548387,0.2903225806451613,6.451612903225806,2,4.483870967741935,31,3.225806451612903,67.74193548387096,6,Stationery,0,,,,,,,,,,
cd843d4cf8ef32827de0396605163ba3,JUIZ DE FORA,MG,5,1915.0,383.0,5,3,5,697.56,10.6,0.2,0.0,0,3.8,5,0.0,0.0,1,Kitchen Dining Laundry Garden Furniture,0,,,,,,,,,,
cda598c48d7c614bc1cad7d8ff6f0010,MIRASSOL,SP,17,1118.6,65.8,18,4,17,301.6,6.705882352941177,0.35294117647058826,0.0,0,4.0588235294117645,17,0.0,47.05882352941176,4,Auto,0,,,,,,,,,,
ce20a2ec1514c25e16f2b5b39bc818f0,SAO PAULO,SP,4,287.0,71.75,7,3,3,209.03,11.25,0.0,0.0,0,4.75,4,0.0,75.0,1,Pet Shop,1,Organic Search,Reseller,Online Medium,Not Specified,Not Specified,0.0,0.0,0.0,0.0,5.0
ce248b21cb2adc36282ede306b7660e5,JARAGUA DO SUL,SC,65,15230.06,234.308615,66,37,62,2066.89,13.40625,0.676923076923077,7.6923076923076925,5,4.184615384615385,65,12.307692307692308,63.07692307692307,8,Musical Instruments,0,,,,,,,,,,
ce27a3cc3c8cc1ea79d11e561e9bebb6,SAO PAULO,SP,135,10682.65,79.13074,164,40,135,2329.22,7.008196721311475,0.562962962962963,1.4814814814814816,2,3.8074074074074074,135,17.77777777777778,48.888888888888886,11,Consoles Games,0,,,,,,,,,,
ce33c6211beaa8fef4cae8b52db39862,SUZANO,SP,1,49.0,49.0,1,1,1,14.52,16.0,2.0,0.0,0,3.0,1,0.0,0.0,1,Sports Leisure,0,,,,,,,,,,
ce3ad9de960102d0677a81f5d0bb7b2d,RIO DE JANEIRO,RJ,1,158.0,158.0,1,1,1,16.21,3.0,0.0,0.0,0,5.0,1,0.0,100.0,1,Baby,0,,,,,,,,,,
ce4755084bc097113867e6454f8f5e52,RIBEIRAO PRETO,SP,1,18.9,18.9,1,1,1,12.79,4.0,0.0,0.0,0,5.0,1,0.0,100.0,1,Health Beauty,1,Paid Search,Manufacturer,Industry,Cat,Not Specified,0.0,0.0,0.0,0.0,1.0
ce616e1913288884e7742faac9d981db,COTIA,SP,15,365.1,24.34,24,9,15,274.93,4.857142857142857,0.2,6.666666666666667,1,4.466666666666667,15,0.0,66.66666666666666,1,Auto,1,Direct Traffic,Manufacturer,Online Big,Cat,Not Specified,0.0,0.0,0.0,0.0,11.0
ce69a8021d18961dd2a40269b7c2c293,CURITIBA,PR,19,4818.0,253.578947,19,13,19,471.05,8.526315789473685,0.5263157894736842,5.263157894736842,1,4.473684210526316,19,10.526315789473683,78.94736842105263,4,Cool Stuff,0,,,,,,,,,,
ce7d1888639e6fb06b2749cbfdac1ff7,BAEPENDI,MG,78,11793.89,151.203717,84,14,78,3082.65,11.846153846153847,0.4230769230769231,8.974358974358974,7,4.166666666666667,78,11.538461538461538,65.38461538461539,4,Housewares,0,,,,,,,,,,
cea729054f157f5870bdd321a958d994,SAO PAULO,SP,24,2482.1,103.420833,26,17,24,349.52,5.708333333333333,0.5833333333333334,4.166666666666666,1,4.125,24,0.0,45.83333333333333,2,Sports Leisure,0,,,,,,,,,,
ceaec5548eefc6e23e6607c5435102e7,SAO PAULO,SP,203,52917.18,260.675763,211,33,201,6331.84,9.732323232323232,0.5467980295566502,4.926108374384237,10,4.12807881773399,203,10.344827586206897,57.14285714285714,7,Cool Stuff,0,,,,,,,,,,
ceb7b4fb9401cd378de7886317ad1b47,04482255,RJ,1,399.9,399.9,1,1,1,16.55,,0.0,0.0,0,3.0,1,0.0,0.0,1,Health Beauty,0,,,,,,,,,,
cecd97bc34ed8330bd4cd15713eda670,CORDILHEIRA ALTA,SC,1,57.99,57.99,1,1,1,18.51,5.0,0.0,0.0,0,1.0,1,100.0,0.0,1,Toys,0,,,,,,,,,,
cee48807215b30a12ca2ca10ffb5f250,GUARUJA,SP,39,7212.23,184.928974,40,27,39,913.29,11.64102564102564,0.5128205128205128,12.82051282051282,5,3.769230769230769,39,17.94871794871795,51.28205128205128,2,Auto,0,,,,,,,,,,
cf1313c6e2c01c2f4b014f97db4bcd2b,RIO DE JANEIRO RIO DE JANEIRO,RJ,5,315.7,63.14,5,3,5,81.3,6.2,0.6,0.0,0,5.0,5,0.0,100.0,2,Toys,0,,,,,,,,,,
cf2384dd2f1dddea3f838efed0945e65,SERRA NEGRA,SP,16,2101.5,131.34375,16,5,16,433.44,10.8125,0.875,0.0,0,3.9375,16,12.5,50.0,2,Furniture Living Room,0,,,,,,,,,,
cf281cf8b7affbdfe751b29cc85580e1,EUSEBIO,CE,1,64.9,64.9,1,1,1,25.33,,0.0,0.0,0,1.0,1,100.0,0.0,1,Cool Stuff,0,,,,,,,,,,
cf654707ed6a99f112c7ec3d6f314b8b,SAO PAULO,SP,3,756.0,252.0,4,4,3,33.54,1.0,0.3333333333333333,0.0,0,4.666666666666667,3,0.0,66.66666666666666,1,Fashion Bags Accessories,0,,,,,,,,,,
cf6f6bc4df3999b9c6440f124fb2f687,SAO PAULO,SP,1,3.5,3.5,1,1,1,8.72,,0.0,0.0,0,5.0,1,0.0,100.0,1,Art,0,,,,,,,,,,
cf8ab1616079e2793aa29d524df01bb1,SAO PAULO,SP,9,14391.0,1599.0,9,2,9,759.37,10.166666666666666,0.4444444444444444,11.11111111111111,1,2.0,9,66.66666666666666,22.22222222222222,1,Sports Leisure,0,,,,,,,,,,
cfa5ab0e4d3fc212fd0b3410e7081c62,UBA,MG,16,6180.8,386.3,21,11,16,1039.01,8.066666666666666,0.375,0.0,0,3.6875,16,25.0,56.25,6,Furniture Living Room,0,,,,,,,,,,
cfb1a033743668a192316f3c6d1d2671,VOTORANTIM,SP,147,12803.64,87.099591,184,61,147,3432.56,8.328671328671328,0.46258503401360546,9.523809523809524,14,3.9659863945578233,147,14.285714285714285,55.78231292517006,1,Bed Bath Table,0,,,,,,,,,,
cfd7ddab722b902f7ac5b5f3ba6d723d,CONTAGEM,MG,12,3385.03,282.085833,13,8,12,673.08,4.5,0.08333333333333333,0.0,0,4.75,12,0.0,91.66666666666666,5,Housewares,0,,,,,,,,,,
cfe94489ddd337d1e29e12f2a7205d10,SAO PAULO,SP,20,2376.0,118.8,24,1,19,296.82,4.65,0.35,5.0,1,4.3,20,5.0,55.00000000000001,1,Construction Tools Safety,1,Other,Reseller,Online Medium,Not Specified,Not Specified,0.0,0.0,0.0,0.0,13.0
d03698c2efd04a549382afa6623e27fb,ILHEUS,BA,18,8865.47,492.526111,21,14,18,779.15,11.61111111111111,0.7222222222222222,5.555555555555555,1,4.5,18,5.555555555555555,66.66666666666666,2,Computers Accessories,0,,,,,,,,,,
d05ae8f7a5bd1d2a690a44cd079e4e27,RIO DE JANEIRO,RJ,78,13436.0,172.25641,81,11,75,1159.43,8.675324675324676,0.358974358974359,6.41025641025641,5,3.8205128205128207,78,17.94871794871795,48.717948717948715,1,Sports Leisure,0,,,,,,,,,,
d06d019f72a04e5497a0b64190af170c,COTIA,SP,17,2415.93,142.113529,17,5,17,225.51,6.0,0.35294117647058826,0.0,0,4.529411764705882,17,5.88235294117647,70.58823529411765,1,Health Beauty,0,,,,,,,,,,
d0d70d21e2234dd7cd3cf63fe414148a,SAO BENTO,PB,8,598.4,74.8,9,6,8,366.59,6.75,0.25,0.0,0,4.25,8,12.5,62.5,1,Bed Bath Table,0,,,,,,,,,,
d101c6da914ae3d53f7bee42283f2fe2,SAO PAULO,SP,13,1297.4,99.8,16,4,13,260.15,9.846153846153847,0.6153846153846154,7.6923076923076925,1,3.6153846153846154,13,23.076923076923077,46.15384615384615,3,Furniture Decor,0,,,,,,,,,,
d12c926d74ceff0a90a21184466ce161,SAO PAULO,SP,78,3944.18,50.56641,99,30,77,1248.64,7.092105263157895,0.5128205128205128,1.282051282051282,1,4.346153846153846,78,6.41025641025641,65.38461538461539,8,Sports Leisure,0,,,,,,,,,,
d13e50eaa47b4cbe9eb81465865d8cfc,SANTO ANDRE,SP,67,7155.05,106.791791,69,7,67,857.79,3.4696969696969697,0.3582089552238806,8.955223880597014,6,4.82089552238806,67,2.9850746268656714,91.04477611940298,2,Food,0,,,,,,,,,,
d149de2f383552baea37a7198c2296ce,SAO PAULO,SP,3,320.7,106.9,3,2,3,33.67,3.0,0.3333333333333333,0.0,0,5.0,3,0.0,100.0,1,Toys,0,,,,,,,,,,
d1582f4043306e6b91afa6a8a884f898,SAO PAULO,SP,9,990.0,110.0,9,1,9,131.92,10.222222222222221,0.3333333333333333,11.11111111111111,1,4.111111111111111,9,11.11111111111111,55.55555555555556,1,Toys,0,,,,,,,,,,
d17f467e4bf608a510c20d82f4ba3b6b,CAXIAS DO SUL,RS,12,3021.66,251.805,12,11,12,534.89,6.545454545454546,0.75,16.666666666666664,2,4.0,12,8.333333333333332,33.33333333333333,3,Agro Industry And Commerce,0,,,,,,,,,,
d180e07dc1e58c31c3f0cd599dc4d945,BELO HORIZONTE,MG,1,58.8,58.8,1,1,1,14.16,8.0,0.0,0.0,0,3.0,1,0.0,0.0,1,Not Specified,0,,,,,,,,,,
d197aa8fbc64087f61984deef05f6227,SAO JOSE DOS CAMPOS,SP,6,519.09,86.515,7,6,6,111.56,3.8333333333333335,0.8333333333333334,0.0,0,4.833333333333333,6,0.0,83.33333333333334,2,Stationery,0,,,,,,,,,,
d1a1b40ec554c593a1a99366746289dd,PATO BRANCO,PR,1,49.7,49.7,1,1,1,14.52,,2.0,0.0,0,2.0,1,0.0,0.0,1,Auto,0,,,,,,,,,,
d1a5cc844736958c11b8efab9a2b4c87,CURITIBA,PR,1,237.6,237.6,1,1,1,16.41,8.0,0.0,100.0,1,1.0,1,100.0,0.0,1,Furniture Decor,0,,,,,,,,,,
d1aa1ec0839dcab73a6161130eb1f94a,CURITIBA,PR,1,119.9,119.9,1,1,1,16.14,20.0,2.0,100.0,1,4.0,1,0.0,0.0,1,Furniture Decor,0,,,,,,,,,,
d1b65fc7debc3361ea86b5f14c68d2e2,MOGI GUACU,SP,40,11703.07,292.57675,41,30,40,1438.73,6.9743589743589745,0.625,2.5,1,4.55,40,5.0,72.5,3,Luggage Accessories,0,,,,,,,,,,
d1b9d4be4b6f9ebd85f8acd6745ba612,NOVA LIMA,MG,11,1154.35,104.940909,11,10,10,194.18,6.545454545454546,0.6363636363636364,0.0,0,4.181818181818182,11,9.090909090909092,63.63636363636363,1,Furniture Decor,0,,,,,,,,,,
d1c281d3ae149232351cd8c8cc885f0d,IBITINGA,SP,215,26942.6,125.314418,240,115,212,5396.46,10.518691588785046,0.5674418604651162,6.511627906976744,14,3.772093023255814,215,17.209302325581397,47.906976744186046,2,Bed Bath Table,0,,,,,,,,,,
d1c7fa84e48cfa21a0e595167c1c500e,JACUTINGA,RS,12,1156.03,96.335833,12,6,12,321.35,9.5,0.9166666666666666,0.0,0,4.333333333333333,12,8.333333333333332,75.0,3,Garden Tools,0,,,,,,,,,,
d1e2fe627180431ffda076abb303c56f,RIO DE JANEIRO,RJ,1,289.0,289.0,1,1,1,9.05,,0.0,0.0,0,1.0,1,100.0,0.0,1,Housewares,0,,,,,,,,,,
d1ef48b38baca7e831711c4a0aeb398f,APUCARANA,PR,29,1469.12,50.65931,35,18,29,675.57,8.107142857142858,0.20689655172413793,6.896551724137931,2,4.448275862068965,29,3.4482758620689653,62.06896551724138,6,Small Appliances,1,Organic Search,Reseller,Online Medium,Not Specified,Not Specified,0.0,0.0,0.0,0.0,16.0
d20b021d3efdf267a402c402a48ea64b,IBITINGA,SP,90,4140.17,46.001888,106,45,89,1575.0,13.162790697674419,0.4666666666666667,15.555555555555555,14,3.688888888888889,90,17.77777777777778,44.44444444444444,3,Furniture Decor,0,,,,,,,,,,
d23019c84ffae2d5ef2270367b8605fc,LONDRINA,PR,39,29205.1,748.848717,39,8,39,2749.74,8.461538461538462,0.6153846153846154,2.564102564102564,1,4.410256410256411,39,2.564102564102564,58.97435897435898,1,Musical Instruments,0,,,,,,,,,,
d2374cbcbb3ca4ab1086534108cc3ab7,IBITINGA,SP,524,21223.92,40.503664,631,111,509,9593.88,9.974708171206226,0.4961832061068702,5.152671755725191,27,3.7442748091603053,524,15.267175572519085,45.99236641221374,4,Bed Bath Table,0,,,,,,,,,,
d2572f31e9023e9850ef986a636ff9bf,BELO HORIZONTE,MG,1,279.0,279.0,1,1,1,26.69,8.0,0.0,0.0,0,5.0,1,0.0,100.0,1,Auto,0,,,,,,,,,,
d25aa0aaacb370e912f8cf6efeba38b3,MASSARANDUBA,SC,17,2658.45,156.379411,21,5,17,714.68,7.235294117647059,0.29411764705882354,5.88235294117647,1,4.470588235294118,17,5.88235294117647,70.58823529411765,2,Housewares,0,,,,,,,,,,
d263fa444c1504a75cbca5cc465f592a,AMERICANA,SP,1,399.0,399.0,1,1,1,45.07,9.0,0.0,0.0,0,5.0,1,0.0,100.0,1,Furniture Decor,1,Direct Traffic,Reseller,Offline,Not Specified,Not Specified,0.0,0.0,0.0,0.0,73.0
d26aa40b90272d4843d63be7c1462c8d,SAO PAULO,SP,2,152.9,76.45,2,2,2,24.52,3.0,1.0,0.0,0,4.5,2,0.0,50.0,1,Baby,0,,,,,,,,,,
d297f1055de2956aedfd3b04113dce3e,NOVA ODESSA,SP,1,54.3,54.3,1,1,1,7.64,1.0,2.0,0.0,0,4.0,1,0.0,0.0,1,Agro Industry And Commerce,0,,,,,,,,,,
d29ba1220fb8634fa3a107e54497b8a4,SAO CARLOS,SP,9,724.94,80.548888,9,7,9,182.92,5.0,0.2222222222222222,0.0,0,3.2222222222222223,9,33.33333333333333,44.44444444444444,2,Not Specified,0,,,,,,,,,,
d2df77822373f19934e87694d8640767,ARAPONGAS,PR,2,155.9,77.95,2,2,2,40.5,8.5,1.0,0.0,0,3.0,2,50.0,50.0,2,Baby,0,,,,,,,,,,
d2e753bb80b7d4faa77483ed00edc8ca,PORTO SEGURO,BA,14,1320.7,94.335714,15,9,14,454.24,10.714285714285714,0.5,7.142857142857142,1,3.7142857142857144,14,7.142857142857142,21.428571428571427,2,Fashion Bags Accessories,0,,,,,,,,,,
d2f3e277560ed4c6361284429b00f037,ATIBAIA,SP,7,320.55,45.792857,7,7,7,134.11,5.857142857142857,1.0,0.0,0,4.714285714285714,7,0.0,71.42857142857143,2,Pet Shop,0,,,,,,,,,,
d32e3909cfb714fb2a6cb092c85b9c5f,JUNDIAI,SP,10,2827.9,282.79,11,8,10,251.0,11.4,0.3,20.0,2,3.5,10,30.0,50.0,3,Housewares,0,,,,,,,,,,
d354c38a7182125a748cb10474fe963b,APERIBE,RJ,18,1610.33,89.462777,20,7,18,315.85,8.882352941176471,0.6666666666666666,5.555555555555555,1,4.111111111111111,18,5.555555555555555,44.44444444444444,2,Sports Leisure,0,,,,,,,,,,
d3674f271c91f824f82d24d92011f669,BRASILIA,DF,20,1718.3,85.915,20,6,20,383.52,11.65,0.25,10.0,2,4.1,20,15.0,65.0,2,Perfumery,0,,,,,,,,,,
d36b07fd3c5088e477a72d1fccfe29d4,ITAPETININGA,SP,1,328.9,328.9,1,1,1,10.96,11.0,0.0,0.0,0,5.0,1,0.0,100.0,1,Garden Tools,0,,,,,,,,,,
d379f449f2a3b271bc01c0782020f705,DIVINOPOLIS,MG,28,4423.06,157.966428,29,13,28,1076.74,11.035714285714286,0.35714285714285715,3.571428571428571,1,3.892857142857143,28,17.857142857142858,57.14285714285714,3,Furniture Decor,0,,,,,,,,,,
d3891911c2feae53c52fea2bd14054e5,SAO PAULO,SP,2,141.0,70.5,2,2,2,25.99,3.0,0.5,0.0,0,5.0,2,0.0,100.0,1,Telephony,0,,,,,,,,,,
d3dcf0604eabf0224fbd5948b5e02f69,SAO PAULO,SP,9,2902.3,322.477777,9,8,9,165.11,15.666666666666666,0.1111111111111111,33.33333333333333,3,3.888888888888889,9,22.22222222222222,66.66666666666666,4,Toys,1,Other,Reseller,Online Medium,Not Specified,Not Specified,0.0,0.0,0.0,0.0,21.0
d3e7d37c0df9aef383f3f2a15b0dddfb,SAO JOSE DOS PINHAIS,PR,1,161.0,161.0,1,1,1,40.34,10.0,1.0,0.0,0,5.0,1,0.0,100.0,1,Kitchen Dining Laundry Garden Furniture,0,,,,,,,,,,
d3f39f05462b79a4562d35893a28f159,MOCOCA,SP,34,2411.3,70.920588,38,6,34,557.47,10.515151515151516,0.47058823529411764,11.76470588235294,4,3.6470588235294117,34,20.588235294117645,52.94117647058824,2,Health Beauty,0,,,,,,,,,,
d4828feed4cda2cd9d6b37899a95a71e,JUZEIRO DO NORTE,CE,1,39.9,39.9,1,1,1,22.21,13.0,0.0,0.0,0,2.0,1,0.0,0.0,1,Fashion Bags Accessories,0,,,,,,,,,,
d4910f1cdcfdabd48d6b316e395d4a23,SANTO ANDRE,SP,11,1146.88,104.261818,12,2,11,215.04,3.3636363636363638,0.7272727272727273,0.0,0,4.909090909090909,11,0.0,90.9090909090909,1,Pet Shop,0,,,,,,,,,,
d4a5e99e0dd915df64ba55a7fbd583fd,SAO PAULO,SP,2,65.15,32.575,6,2,2,84.6,7.5,0.0,0.0,0,3.0,2,50.0,50.0,2,Health Beauty,0,,,,,,,,,,
d4d99b60c4c94cd35acd502cec65dc8d,SAO PAULO,SP,1,72.9,72.9,1,1,1,14.39,3.0,1.0,0.0,0,3.0,1,0.0,0.0,1,Furniture Decor,0,,,,,,,,,,
d4e12e7884759a14fa0f5f896c791cae,SAO PAULO,SP,29,1400.0,48.275862,32,14,28,439.67,6.206896551724138,0.4827586206896552,6.896551724137931,2,4.620689655172414,29,6.896551724137931,82.75862068965517,1,Bed Bath Table,0,,,,,,,,,,
d4e4b5192cba4e0e66eb12a9d347239d,TOLEDO,PR,12,441.8,36.816666,12,11,12,210.29,10.181818181818182,0.4166666666666667,0.0,0,4.166666666666667,12,16.666666666666664,75.0,1,Telephony,0,,,,,,,,,,
d4f117125b59ce73c3302f88ee40c458,SAO PAULO,SP,17,783.29,46.075882,17,8,17,215.32,5.588235294117647,0.5882352941176471,0.0,0,4.823529411764706,17,0.0,82.35294117647058,1,Health Beauty,0,,,,,,,,,,
d4f91e8be86b38da2ee35bc489645a9d,GUARATINGUETA,SP,1,49.99,49.99,1,1,1,11.17,1.0,0.0,0.0,0,5.0,1,0.0,100.0,1,Sports Leisure,0,,,,,,,,,,
d4ffeb15b67e81ff9af2b4252d99fb7e,ATIBAIA,SP,11,1400.4,127.30909,12,8,11,324.41,7.363636363636363,0.6363636363636364,0.0,0,4.0,11,9.090909090909092,36.36363636363637,4,Luggage Accessories,1,Other,Reseller,Online Medium,Cat,Not Specified,0.0,0.0,0.0,0.0,3.0
d50d79cb34e38265a8649c383dcffd48,SAO PAULO,SP,70,13012.42,185.891714,70,19,69,1932.26,10.885714285714286,0.8,4.285714285714286,3,4.214285714285714,70,4.285714285714286,52.85714285714286,5,Garden Tools,0,,,,,,,,,,
d51e0a403fe2e689ece6c73359d96e12,POMPEIA,SP,19,7790.0,410.0,26,5,19,673.02,11.166666666666666,0.5263157894736842,10.526315789473683,2,4.105263157894737,19,5.263157894736842,52.63157894736842,1,Costruction Tools Garden,0,,,,,,,,,,
d52cbce9845184537284a23c3bc3da0e,GAROPABA,SC,2,75.0,37.5,4,3,2,63.78,7.0,0.5,0.0,0,5.0,2,0.0,100.0,1,Stationery,0,,,,,,,,,,
d558ebe531605a1285ab2b1bc3256dfb,DIVINOPOLIS,MG,3,709.0,236.333333,3,2,3,73.23,7.0,0.3333333333333333,0.0,0,4.666666666666667,3,0.0,66.66666666666666,1,Musical Instruments,0,,,,,,,,,,
d566c37fa119d5e66c4e9052e83ee4ea,SAO PAULO,SP,65,5145.7,79.164615,73,25,65,979.22,4.276923076923077,0.5230769230769231,0.0,0,4.630769230769231,65,4.615384615384616,76.92307692307693,2,Sports Leisure,1,Organic Search,Reseller,Online Big,Cat,Not Specified,0.0,0.0,0.0,0.0,33.0
d57e18d5f73c7ccb7f7339b61166898d,SAO PAULO,SP,61,3187.7,52.257377,63,25,60,923.49,7.344262295081967,0.5737704918032787,0.0,0,4.426229508196721,61,4.918032786885246,68.85245901639344,3,Fashion Bags Accessories,0,,,,,,,,,,
d58d521f3789def2e7a22715e0badd93,SAO PAULO,SP,2,65.98,32.99,2,1,2,18.22,2.5,0.5,0.0,0,3.5,2,0.0,0.0,1,Computers Accessories,0,,,,,,,,,,
d594982fd877af63ace38ea1fca27c76,SAO PAULO,SP,7,217.04,31.005714,7,2,7,92.66,4.714285714285714,1.5714285714285714,0.0,0,4.428571428571429,7,0.0,71.42857142857143,2,Cool Stuff,1,Organic Search,Reseller,Industry,Wolf,Not Specified,0.0,0.0,0.0,0.0,20.0
d598f929fc44e1e38678e7f47250ec04,FORMOSA,GO,1,69.9,69.9,1,1,1,37.4,6.0,0.0,0.0,0,5.0,1,0.0,100.0,1,Auto,1,Organic Search,Reseller,Industry,Cat,Not Specified,0.0,0.0,0.0,0.0,46.0
d5b9a084373da994a6e37f732169a853,SANTO ANDRE,SP,7,1769.0,252.714285,7,5,7,176.29,11.0,0.5714285714285714,14.285714285714285,1,3.5714285714285716,7,28.57142857142857,42.857142857142854,1,Baby,0,,,,,,,,,,
d5ba419e26d246a0719437cf37d9b46d,SAO PAULO,SP,34,4061.4,119.452941,35,9,34,520.11,7.2727272727272725,0.5,8.823529411764707,3,3.911764705882353,34,17.647058823529413,55.88235294117647,1,Computers Accessories,0,,,,,,,,,,
d5c530f4884a75ae0dba9c148718d278,CENTRO,MG,6,280.88,46.813333,9,6,6,164.05,8.0,0.3333333333333333,16.666666666666664,1,3.5,6,33.33333333333333,50.0,2,Not Specified,0,,,,,,,,,,
d624126b9206f595fb3fbb6ba03b28a8,CURITIBA,PR,23,7198.8,312.991304,28,13,23,569.7,8.73913043478261,0.5217391304347826,4.3478260869565215,1,4.304347826086956,23,0.0,52.17391304347826,2,Auto,0,,,,,,,,,,
d63c73efd41eb002280e7ec831424edb,PIRACICABA,SP,2,5598.0,2799.0,2,2,2,168.59,5.5,0.5,0.0,0,4.0,2,0.0,50.0,1,Health Beauty,0,,,,,,,,,,
d63f306de130e0391d38a792541723b8,SAO PAULO,SP,1,49.0,49.0,1,1,1,7.6,1.0,0.0,0.0,0,5.0,1,0.0,100.0,1,Auto,1,Organic Search,Reseller,Online Medium,Cat,Not Specified,0.0,0.0,0.0,0.0,12.0
d650b663c3b5f6fb392b6326366efa9a,COTIA,SP,60,19242.9,320.715,60,30,59,910.14,8.0,0.36666666666666664,5.0,3,4.2,60,8.333333333333332,63.33333333333333,2,Watches Gifts,0,,,,,,,,,,
d65f31d2413268e671989503f6cf9993,ARTUR NOGUEIRA,SP,2,488.8,244.4,3,3,2,71.15,,1.0,0.0,0,1.0,2,100.0,0.0,1,Auto,0,,,,,,,,,,
d66c11a9572221d92fbb8c4897db5f9b,RIO DE JANEIRO,RJ,16,776.56,48.535,16,9,16,387.82,6.5625,0.5,0.0,0,4.5625,16,0.0,68.75,3,Electronics,1,Direct Traffic,Manufacturer,Industry,Cat,Not Specified,0.0,0.0,0.0,0.0,6.0
d66c305afaec317ebee552073a674429,RIBEIRAO DAS NEVES,MG,41,4886.46,119.181951,47,25,41,1199.24,6.5,0.1951219512195122,2.4390243902439024,1,4.2926829268292686,41,9.75609756097561,70.73170731707317,9,Not Specified,0,,,,,,,,,,
d673a59aac7a70d8b01e6902bf090a11,IBITINGA,SP,79,3908.94,49.480253,84,16,79,1590.62,11.89873417721519,0.43037974683544306,7.59493670886076,6,3.911392405063291,79,12.658227848101266,45.56962025316456,2,Baby,0,,,,,,,,,,
d6ab728cf30867cf3f1a2e216ae2f9b7,SAO PAULO,SP,12,2002.0,166.833333,14,13,12,231.82,8.75,0.4166666666666667,0.0,0,4.416666666666667,12,8.333333333333332,66.66666666666666,2,Sports Leisure,0,,,,,,,,,,
d6b1ce66b035a475f00c017792ff9769,SALTO,SP,92,12277.4,133.45,108,18,92,2038.48,7.163043478260869,0.7608695652173914,5.434782608695652,5,4.217391304347826,92,6.521739130434782,58.69565217391305,3,Construction Tools Lights,0,,,,,,,,,,
d6b664fa0667064c6d76394e7848d790,ARARAQUARA,SP,6,6080.0,1013.333333,6,2,6,324.34,13.0,0.5,0.0,0,4.833333333333333,6,0.0,83.33333333333334,1,Garden Tools,0,,,,,,,,,,
d6cd01c59123df02fc226eadbadb5f89,SAO PAULO,SP,2,244.9,122.45,3,2,2,31.21,8.0,0.5,0.0,0,3.0,2,50.0,50.0,2,Computers Accessories,0,,,,,,,,,,
d71d863e5ef30d94e440c11be17dcd8f,OSASCO,SP,29,11900.9,410.375862,36,7,29,754.75,8.347826086956522,0.2413793103448276,10.344827586206897,3,2.7586206896551726,29,44.827586206896555,34.48275862068966,5,Construction Tools Safety,0,,,,,,,,,,
d73cbd89533ce8b041a9190241453ac8,GUIRICEMA,MG,4,368.6,92.15,4,4,4,65.02,10.666666666666666,0.0,0.0,0,3.5,4,25.0,50.0,1,Fashion Bags Accessories,0,,,,,,,,,,
d7485b33791774c36108f8c69602d48d,CURITIBA,PR,10,399.82,39.982,10,8,10,219.32,6.9,0.6,10.0,1,3.7,10,10.0,30.0,1,Sports Leisure,0,,,,,,,,,,
d7827b2af99326a03b0ed9c7a24db0d3,LONDRINA,SP,1,1455.0,1455.0,1,1,1,101.7,9.0,0.0,0.0,0,5.0,1,0.0,100.0,1,Garden Tools,1,Paid Search,Reseller,Online Big,Cat,Not Specified,0.0,0.0,0.0,0.0,1.0
d79e8478eed9999493990b44955fb22e,RIO DE JANEIRO / RIO DE JANEIRO,RJ,5,721.89,144.378,5,3,5,80.72,7.2,0.6,20.0,1,4.2,5,20.0,80.0,2,Computers Accessories,0,,,,,,,,,,
d7ab82074b5f1dfba46db123df101bff,ATIBAIA,SP,2,38.67,19.335,3,2,2,45.3,4.5,0.5,0.0,0,4.5,2,0.0,50.0,1,Not Specified,0,,,,,,,,,,
d7b2377bae6ace1b11fc69a11900ac36,SAO PAULO,SP,4,329.6,82.4,4,4,4,51.96,16.666666666666668,0.0,25.0,1,3.25,4,25.0,50.0,1,Fashion Underwear Beach,0,,,,,,,,,,
d7d517afce974cd491b8d52bb5b5b1fc,SAO PAULO,SP,1,89.99,89.99,1,1,1,18.73,8.0,0.0,0.0,0,4.0,1,0.0,0.0,1,Housewares,0,,,,,,,,,,
d7f1cfc638473be93baedbfd02208016,BELFORD ROXO,RJ,1,30.0,30.0,1,1,1,17.14,7.0,1.0,0.0,0,5.0,1,0.0,100.0,1,Flowers,0,,,,,,,,,,
d85efbc8eff2b7adf524e2820569adc8,SAO PAULO,SP,1,55.0,55.0,1,1,1,8.29,1.0,0.0,0.0,0,5.0,1,0.0,100.0,1,Stationery,0,,,,,,,,,,
d8b8f2cf9ff6ba0389072541cb42498c,FORMOSA,GO,1,149.0,149.0,1,1,1,20.01,11.0,0.0,0.0,0,5.0,1,0.0,100.0,1,Health Beauty,0,,,,,,,,,,
d8bf0fc082fd4a77fc2e5679b6c00133,SAO PAULO,SP,1,139.9,139.9,1,1,1,9.14,7.0,0.0,0.0,0,5.0,1,0.0,100.0,1,Construction Tools Construction,1,Organic Search,Reseller,Online Medium,Wolf,Not Specified,0.0,0.0,0.0,0.0,2.0
d8c7ba53e7e38711eaef8c2849d6d2e1,FLORESTA,PR,22,1190.87,54.130454,22,6,22,597.47,6.090909090909091,0.8181818181818182,0.0,0,4.5,22,0.0,68.18181818181817,3,Baby,0,,,,,,,,,,
d8cf3b6a2151949f930d0252b180ec42,MANDAGUACU,PR,6,623.7,103.95,19,4,6,406.48,4.833333333333333,0.8333333333333334,0.0,0,3.5,6,33.33333333333333,50.0,1,Drinks,0,,,,,,,,,,
d8d9567d0bfb0bc7eb845a205ba42657,SAO PAULO,SP,4,74.6,18.65,4,3,4,59.71,11.5,0.5,25.0,1,3.5,4,25.0,50.0,2,Books General Interest,1,Paid Search,Reseller,Online Medium,Wolf,Not Specified,0.0,0.0,0.0,0.0,2.0
d8dd176509baa37f359644d082bf7f7b,SAO CAETANO DO SUL,SP,2,198.0,99.0,2,1,2,31.9,21.5,1.0,100.0,2,1.5,2,50.0,0.0,1,Cool Stuff,0,,,,,,,,,,
d90fe2229fee1a5da999ccd0c06c1667,SAO PAULO,SP,3,450.0,150.0,3,2,3,66.91,9.0,0.6666666666666666,0.0,0,4.666666666666667,3,0.0,66.66666666666666,1,Auto,0,,,,,,,,,,
d91fb3b7d041e83b64a00a3edfb37e4f,PRAIA GRANDE,SP,535,40889.74,76.42942,536,315,491,9290.77,8.011450381679388,0.44672897196261685,3.7383177570093453,20,4.078504672897196,535,12.33644859813084,58.87850467289719,6,Home Appliances,0,,,,,,,,,,
d921b68bf747894be13a97ae52b0f386,FORMIGA,MG,77,15645.8,203.192207,77,46,77,1758.01,8.363636363636363,0.2987012987012987,1.2987012987012987,1,4.558441558441558,77,3.896103896103896,76.62337662337663,6,Watches Gifts,0,,,,,,,,,,
d93844a9c55ba7ce353388bcf849ea56,CURITIBA,PR,12,2708.5,225.708333,14,12,12,521.02,10.583333333333334,0.8333333333333334,0.0,0,4.25,12,0.0,58.333333333333336,1,Furniture Decor,0,,,,,,,,,,
d93919c944be9cff128f6c9cb899eacb,MOMBUCA,SP,33,2666.7,80.80909,33,6,33,957.31,17.333333333333332,0.48484848484848486,15.151515151515152,5,4.0,33,15.151515151515152,60.60606060606061,2,Christmas Supplies,0,,,,,,,,,,
d93b8458c6fe139d85cfa5eadbf55bd2,SAO PAULO,SP,1,19.9,19.9,1,1,1,14.1,4.0,0.0,0.0,0,5.0,1,0.0,100.0,1,Sports Leisure,0,,,,,,,,,,
d9442042130b7fe579d1295f9f4a248f,SAO PAULO,SP,19,772.16,40.64,22,8,19,338.88,6.157894736842105,0.3157894736842105,5.263157894736842,1,4.368421052631579,19,10.526315789473683,73.68421052631578,5,Housewares,0,,,,,,,,,,
d94a40fd42351c259927028d163af842,BAEPENDI,MG,101,13823.8,136.869306,110,17,100,3397.14,11.05,0.3564356435643564,2.9702970297029703,3,4.148514851485149,101,8.91089108910891,59.4059405940594,2,Housewares,0,,,,,,,,,,
d94ba08b99bedd6a5f6c875ecc4a6fac,APUCARANA,PR,9,599.0,66.555555,10,1,9,179.27,9.875,0.3333333333333333,0.0,0,4.777777777777778,9,0.0,88.88888888888889,1,Housewares,0,,,,,,,,,,
d97df38225e5abadaff1e72cb72b823c,SAO CAETANO DO SUL,SP,29,1846.0,63.655172,29,19,29,516.92,10.142857142857142,0.13793103448275862,13.793103448275861,4,3.8620689655172415,29,17.24137931034483,58.620689655172406,1,Auto,0,,,,,,,,,,
d98eec89afa3380e14463da2aabaea72,PORTO ALEGRE,RS,168,6968.53,41.479345,183,26,165,3256.78,5.946428571428571,0.4583333333333333,2.380952380952381,4,4.321428571428571,168,7.142857142857142,63.69047619047619,4,Baby,0,,,,,,,,,,
d9a84e1403de8da0c3aa531d6d108ba6,SAO PAULO,SP,54,1425.2,26.392592,59,35,54,732.14,6.09433962264151,0.4444444444444444,5.555555555555555,3,4.518518518518518,54,5.555555555555555,75.92592592592592,5,Toys,1,Organic Search,Reseller,Online Medium,Not Specified,Not Specified,0.0,0.0,0.0,0.0,10.0
d9b00a97818674c7f8d8b1ef0e689679,PONTA GROSSA,PR,1,69.9,69.9,1,1,1,9.18,1.0,0.0,0.0,0,3.0,1,0.0,0.0,1,Health Beauty,0,,,,,,,,,,
d9bd94811c3338dceb4181f3dbc0c73e,SAO PAULO,SP,54,6911.02,127.981851,61,20,54,771.09,6.2592592592592595,0.48148148148148145,5.555555555555555,3,4.796296296296297,54,1.8518518518518516,88.88888888888889,5,Baby,0,,,,,,,,,,
d9c349beabc06aa6ff1c6d68b5e9e22e,SAO PAULO,SP,1,168.1,168.1,1,1,1,37.55,12.0,2.0,0.0,0,5.0,1,0.0,100.0,1,Construction Tools Construction,0,,,,,,,,,,
d9cb0052a666de5308b32f32ad5f1b1c,OLIMPIA,SP,3,231.9,77.3,3,3,3,38.59,10.333333333333334,0.3333333333333333,0.0,0,3.6666666666666665,3,33.33333333333333,66.66666666666666,2,Health Beauty,0,,,,,,,,,,
d9cd369bffa979d1634f8e1318bf2f1b,BADY BASSITT,SP,3,678.0,226.0,3,3,3,66.81,9.666666666666666,0.6666666666666666,0.0,0,5.0,3,0.0,100.0,1,Home Construction,0,,,,,,,,,,
d9d43faf741ceaa8da52fdbb81d9e0e3,JUIZ DE FORA,SP,6,210.0,35.0,8,8,6,211.25,6.5,0.5,0.0,0,3.6666666666666665,6,16.666666666666664,50.0,1,Books General Interest,0,,,,,,,,,,
d9e7e7778b32987280a6f2cb9a39c57d,SAO PAULO,SP,11,722.5,65.681818,13,7,11,263.89,14.454545454545455,0.18181818181818182,18.181818181818183,2,3.5454545454545454,11,27.27272727272727,54.54545454545454,1,Health Beauty,0,,,,,,,,,,
d9e8c084b68fe958861d8f2c21202e6b,SAO PAULO,SP,9,3050.0,338.888888,12,2,9,181.86,6.444444444444445,1.2222222222222223,0.0,0,4.333333333333333,9,11.11111111111111,66.66666666666666,2,Agro Industry And Commerce,0,,,,,,,,,,
da03c298e3999e9d828591fc2179d109,SAO PAULO,SP,4,787.7,196.925,5,2,4,54.78,5.75,0.25,0.0,0,4.75,4,0.0,75.0,1,Food,0,,,,,,,,,,
da20530872245d6cd9d2f5725613c430,IGREJINHA,RS,2,314.96,157.48,3,2,2,79.26,7.5,0.5,0.0,0,4.5,2,0.0,50.0,1,Sports Leisure,0,,,,,,,,,,
da2782c804606d2a5d8e1760dbb3e7ec,SAO PAULO,SP,1,89.0,89.0,1,1,1,14.37,24.0,0.0,100.0,1,1.0,1,100.0,0.0,1,Baby,0,,,,,,,,,,
da3fede3469bf49b7293ce3fc45b294d,MOGI DAS CRUZES,SP,1,44.9,44.9,1,1,1,12.79,5.0,0.0,0.0,0,5.0,1,0.0,100.0,1,Books General Interest,0,,,,,,,,,,
da4d149c0ddbac90557103ac0a0ec356,SBC,SP,1,730.0,730.0,1,1,1,45.98,,0.0,0.0,0,3.0,1,0.0,0.0,1,Home Construction,1,Organic Search,Reseller,Online Medium,Not Specified,Not Specified,0.0,0.0,0.0,0.0,4.0
da6a60cc8cc724fe51be021ff8be779c,SAO PEDRO DA ALDEIA,RJ,12,728.79,60.7325,13,9,12,255.79,5.5,0.08333333333333333,0.0,0,4.75,12,0.0,75.0,2,Books General Interest,1,Organic Search,Reseller,Online Big,Cat,Not Specified,0.0,0.0,0.0,0.0,2.0
da7039f29f90ce5b4846ffc0fcc93beb,SANTO ANDRE,SP,17,1259.1,74.064705,18,7,17,244.45,7.529411764705882,0.7647058823529411,5.88235294117647,1,4.529411764705882,17,5.88235294117647,76.47058823529412,1,Cine Photo,1,Organic Search,Reseller,Online Medium,Cat,Not Specified,0.0,0.0,0.0,0.0,2.0
da8622b14eb17ae2831f4ac5b9dab84a,PIRACICABA,SP,1314,160236.57,121.945639,1551,222,1275,24955.75,8.425629290617849,0.558599695585997,6.621004566210045,87,4.170471841704718,1314,8.751902587519025,58.75190258751902,4,Bed Bath Table,0,,,,,,,,,,
dace965ca58120f92f8d742a9fa1864b,SAO PAULO,SP,8,1442.0,180.25,8,7,8,131.77,5.5,0.125,0.0,0,4.625,8,0.0,87.5,1,Health Beauty,1,Organic Search,Reseller,Not Specified,Not Specified,Not Specified,0.0,0.0,0.0,0.0,10.0
dadc51ef321949ec9a3ab25cd902e23d,SAO PAULO,SP,1,85.0,85.0,1,1,1,14.34,,1.0,0.0,0,1.0,1,100.0,0.0,1,Small Appliances,0,,,,,,,,,,
daeb5653dd96c1b11860f72209795012,BELO HORIZONTE,MG,40,2305.9,57.6475,41,27,40,632.16,9.157894736842104,0.175,7.5,3,4.05,40,12.5,55.00000000000001,8,Toys,0,,,,,,,,,,
daf565f087a52def0fd5c5825b3661bc,BRUSQUE,SC,9,813.9,90.433333,9,5,9,307.93,7.222222222222222,0.5555555555555556,0.0,0,3.3333333333333335,9,33.33333333333333,55.55555555555556,1,Bed Bath Table,1,Organic Search,Reseller,Online Big,Cat,Not Specified,0.0,0.0,0.0,0.0,7.0
db1f0f7c7e5e87f40b62226f020bb297,PINHAIS,PR,3,59.01,19.67,3,3,3,64.72,7.666666666666667,0.3333333333333333,0.0,0,4.666666666666667,3,0.0,66.66666666666666,1,Signaling And Security,0,,,,,,,,,,
db2956745b3a8e9f3785c99f34b5d25e,SAO SEBASTIAO,SP,47,8599.0,182.957446,48,6,47,975.27,6.844444444444444,0.6595744680851063,8.51063829787234,4,3.765957446808511,47,17.02127659574468,46.808510638297875,1,Health Beauty,1,Other,Manufacturer,Online Medium,Cat,Not Specified,0.0,0.0,0.0,0.0,9.0
db4350fd57ae30082dec7acbaacc17f9,SAO PAULO,SP,137,3331.31,24.316131,146,51,135,2090.33,8.308823529411764,0.781021897810219,3.64963503649635,5,4.145985401459854,137,11.678832116788321,58.3941605839416,5,Telephony,0,,,,,,,,,,
db46ca7bce82b11f7e247539271fc390,RIO DE JANEIRO,RJ,16,933.97,58.373125,16,8,16,215.89,5.6875,0.75,0.0,0,4.5625,16,6.25,75.0,1,Pet Shop,0,,,,,,,,,,
db6a4d4b5f1f5f98820ce6ce2619e2de,SAO PAULO,SP,1,135.99,135.99,1,1,1,12.16,2.0,1.0,0.0,0,5.0,1,0.0,100.0,1,Luggage Accessories,0,,,,,,,,,,
db7ed69a53aa9fb1c01930ba54a88bbe,JAGUARIUNA,SP,1,109.0,109.0,1,1,1,11.78,1.0,1.0,0.0,0,5.0,1,0.0,100.0,1,Sports Leisure,0,,,,,,,,,,
dbb9b48c841a0e39e21f98e1a6b2ec3e,SAO PAULO,SP,108,7186.85,66.544907,118,55,108,1581.41,7.425925925925926,0.5370370370370371,3.7037037037037033,4,4.268518518518518,108,8.333333333333332,64.81481481481481,10,Housewares,0,,,,,,,,,,
dbbcfe2c8d026742134ac3e28ccde274,CURITIBA,PR,4,308.59,77.1475,4,4,4,54.38,4.5,0.0,0.0,0,4.0,4,25.0,75.0,1,Sports Leisure,0,,,,,,,,,,
dbc22125167c298ef99da25668e1011f,BORDA DA MATA,MG,406,33776.78,83.194039,429,101,404,8012.38,10.030456852791879,0.4827586206896552,2.4630541871921183,10,4.263546798029557,406,6.403940886699508,61.57635467980296,4,Luggage Accessories,0,,,,,,,,,,
dbc51f5e45d654ecc16cb68e6817ecea,FRANCA,SP,1,199.99,199.99,1,1,1,18.14,10.0,0.0,0.0,0,4.0,1,0.0,0.0,1,Health Beauty,0,,,,,,,,,,
dbd66278cbfe1aa1000f90a217ca4695,SAO PAULO,SP,85,4928.9,57.987058,99,18,84,1543.87,7.729411764705882,0.611764705882353,3.5294117647058822,3,4.5058823529411764,85,2.3529411764705883,62.35294117647059,5,Electronics,0,,,,,,,,,,
dbdd0ec73a4817971d962698f2fea022,FORTALEZA,CE,16,6384.0,399.0,16,3,16,1790.8,11.0,1.0,6.25,1,4.375,16,12.5,75.0,1,Health Beauty,1,Direct Traffic,Manufacturer,Online Big,Not Specified,Not Specified,0.0,0.0,0.0,0.0,9.0
dbec9a0a7efeff029d4d9dce7dc4cc95,BELO HORIZONTE,MG,3,1170.0,390.0,3,2,3,118.59,9.333333333333334,0.0,0.0,0,4.0,3,0.0,66.66666666666666,1,Furniture Decor,0,,,,,,,,,,
dc120d932ddf9d4dfb6fd68beefda622,SAO JOSE DOS PINHAIS,PR,1,130.0,130.0,1,1,1,14.44,14.0,0.0,0.0,0,1.0,1,100.0,0.0,1,Computers Accessories,0,,,,,,,,,,
dc317f341ab0e22f39acbd9dbf9b4a1f,CACHOEIRINHA,RS,55,18988.4,345.243636,58,7,54,3581.73,9.327272727272728,0.5454545454545454,5.454545454545454,3,4.1454545454545455,55,16.363636363636363,65.45454545454545,3,Cool Stuff,0,,,,,,,,,,
dc4a0fc896dc34b0d5bfec8438291c80,IBITINGA,SP,231,24180.77,104.678658,249,167,230,4614.32,9.737777777777778,0.39826839826839827,6.493506493506493,15,3.774891774891775,231,15.584415584415584,47.18614718614719,4,Bed Bath Table,0,,,,,,,,,,
dc50afafdfa325eadc890c7fa42a8f4e,MARINGA,PR,4,424.2,106.05,4,3,4,57.28,4.75,0.25,0.0,0,4.75,4,0.0,75.0,2,Home Appliances,1,Other,Reseller,Online Big,Cat,Not Specified,0.0,0.0,0.0,0.0,0.0
dc64d75cc406bb0697be983831430e60,BELO HORIZONTE,MG,4,813.0,203.25,4,2,4,92.55,9.5,0.25,0.0,0,4.75,4,0.0,75.0,1,Computers Accessories,1,Organic Search,Reseller,Online Small,Cat,Not Specified,0.0,0.0,0.0,0.0,17.0
dc7192adf8ba09569261f4a8d576afe0,ITAPEVA,SP,7,917.0,131.0,8,5,7,161.43,4.714285714285714,0.14285714285714285,0.0,0,3.857142857142857,7,14.285714285714285,57.14285714285714,3,Small Appliances Home Oven And Coffee,1,Other,Reseller,Online Medium,Cat,Not Specified,0.0,0.0,0.0,0.0,3.0
dc8798cbf453b7e0f98745e396cc5616,SAO PAULO,SP,41,2056.3,50.153658,51,37,41,624.4,5.542857142857143,0.5853658536585366,4.878048780487805,2,3.048780487804878,41,36.58536585365854,34.146341463414636,3,Fashion Male Clothing,0,,,,,,,,,,
dcb7367a92f5ffb89f1e2152ed260285,OSVALDO CRUZ,SP,1,79.9,79.9,1,1,1,18.44,8.0,0.0,0.0,0,5.0,1,0.0,100.0,1,Signaling And Security,0,,,,,,,,,,
dcf3755cefcdc158ad0b7bdde51e871b,CACHOEIRA DO SUL,RS,3,269.7,89.9,3,3,3,89.33,10.333333333333334,0.0,0.0,0,4.333333333333333,3,0.0,66.66666666666666,2,Furniture Decor,0,,,,,,,,,,
dd264199fc8b687ad029de7de6d760e6,CASCAVEL,PR,1,87.9,87.9,1,1,1,20.7,10.0,0.0,0.0,0,5.0,1,0.0,100.0,1,Auto,0,,,,,,,,,,
dd2bdf855a9172734fbc3744021ae9b9,BELO HORIZONTE,MG,108,10816.7,100.154629,113,43,107,2037.18,9.39047619047619,0.4722222222222222,5.555555555555555,6,3.787037037037037,108,13.88888888888889,47.22222222222222,8,Bed Bath Table,0,,,,,,,,,,
dd39ad39b5d3df33037e141c72497ba6,SAO PAULO,SP,2,135.8,67.9,2,2,2,29.05,7.0,0.0,0.0,0,5.0,2,0.0,100.0,2,Fashio Female Clothing,0,,,,,,,,,,
dd4d95ba2d15c071e6c695e2ef6ce169,CACHOEIRO DE ITAPEMIRIM,ES,4,1748.0,437.0,4,2,4,214.41,10.0,0.75,50.0,2,4.25,4,0.0,25.0,1,Stationery,0,,,,,,,,,,
dd533b429f380718b70ad9922c294bae,BARRETOS,SP,41,2819.77,68.774878,45,15,41,1151.21,12.41025641025641,0.9024390243902439,9.75609756097561,4,3.7804878048780486,41,17.073170731707318,41.46341463414634,2,Toys,0,,,,,,,,,,
dd5450b022b2d00a2145a66331e1aef6,JOINVILLE,SC,1,59.0,59.0,1,1,1,22.34,7.0,0.0,0.0,0,5.0,1,0.0,100.0,1,Housewares,1,Social,Reseller,Online Medium,Wolf,Not Specified,0.0,0.0,0.0,0.0,4.0
dd55f1bb788714a40e7954c3be6df745,SAO PAULO,SP,35,7041.76,201.193142,37,10,35,659.42,14.514285714285714,0.7142857142857143,17.142857142857142,6,3.742857142857143,35,8.571428571428571,40.0,7,Cool Stuff,0,,,,,,,,,,
dd58ee93286b0821565574c570e9e1dc,CURITIBA,PR,2,2948.0,1474.0,2,2,2,75.31,4.0,1.0,0.0,0,5.0,2,0.0,100.0,1,Health Beauty,0,,,,,,,,,,
dd7ddc04e1b6c2c614352b383efe2d36,SAO PAULO,SP,122,9178.51,75.233688,143,41,122,2893.49,8.107438016528926,0.4426229508196721,12.295081967213115,15,3.8278688524590163,122,15.573770491803279,47.540983606557376,2,Pet Shop,0,,,,,,,,,,
dd88d13bea9e4c2bf47daf224f8141e5,LAJEADO,RS,1,458.0,458.0,1,1,1,29.38,4.0,0.0,0.0,0,5.0,1,0.0,100.0,1,Furniture Decor,0,,,,,,,,,,
dd8a29ce82d5c705ba932d81494600a5,SAO PAULO,SP,2,205.75,102.875,2,2,2,27.5,3.5,2.0,0.0,0,3.5,2,0.0,0.0,1,Market Place,0,,,,,,,,,,
dd9661d3cda1e6feb237f0c4d8b26f2e,CAMPOS NOVOS,SC,1,174.0,174.0,1,1,1,16.98,13.0,0.0,0.0,0,5.0,1,0.0,100.0,1,Housewares,0,,,,,,,,,,
dda37071807e404c5bb2a1590c66326f,SAO PAULO,SP,1,199.99,199.99,1,1,1,19.28,15.0,0.0,0.0,0,5.0,1,0.0,100.0,1,Luggage Accessories,1,Paid Search,Manufacturer,Online Small,Eagle,Not Specified,0.0,0.0,0.0,0.0,10.0
ddd51ae8cda92f3995a51fc0f0f3eec7,RIO DE JANEIRO,RJ,8,842.7,105.3375,25,6,8,276.92,6.5,0.5,0.0,0,4.625,8,0.0,75.0,1,Housewares,0,,,,,,,,,,
dde698c6d0bd24834c586e5111c2bba7,PETROPOLIS,RJ,1,155.9,155.9,1,1,1,19.19,6.0,1.0,0.0,0,5.0,1,0.0,100.0,1,Fashion Bags Accessories,0,,,,,,,,,,
de09d00cfc265b8804c7df34075a68fa,SAO PAULO,SP,3,784.0,261.333333,3,3,3,43.97,5.0,0.0,0.0,0,3.3333333333333335,3,33.33333333333333,33.33333333333333,1,Fashion Bags Accessories,0,,,,,,,,,,
de0c78824586e9a5f5f04fd84e25df39,VARGEM GRANDE PAULISTA,SP,14,2489.3,177.807142,16,4,14,208.53,5.285714285714286,0.5,0.0,0,4.642857142857143,14,7.142857142857142,85.71428571428571,1,Pet Shop,0,,,,,,,,,,
de23c3b98a88888289c6f5cc1209054a,SAO PAULO,SP,164,26399.67,160.973597,181,93,160,2682.14,8.503105590062113,0.27439024390243905,7.317073170731707,12,4.2560975609756095,164,9.146341463414634,64.02439024390245,6,Toys,0,,,,,,,,,,
de66a66f2dd06bb9ec37aa96987466a3,RIO DE JANEIRO,RJ,7,353.32,50.474285,8,2,7,115.66,8.428571428571429,0.5714285714285714,0.0,0,4.142857142857143,7,14.285714285714285,57.14285714285714,2,Furniture Decor,0,,,,,,,,,,
de722cd6dad950a92b7d4f82673f8833,RECIFE,PE,339,55426.1,163.49882,379,7,338,9686.65,10.534124629080118,0.6342182890855457,3.5398230088495577,12,4.274336283185841,339,8.259587020648967,59.587020648967545,2,Computers Accessories,0,,,,,,,,,,
de9727ca376d1be6ec121b110aa7954c,SARANDI,PR,10,1058.7,105.87,12,4,10,211.39,7.777777777777778,0.9,10.0,1,3.8,10,10.0,50.0,1,Computers Accessories,0,,,,,,,,,,
deaadd805612bf94faaa9fa702516e11,SAO PAULO,SP,1,50.0,50.0,1,1,1,15.11,,0.0,0.0,0,1.0,1,100.0,0.0,1,Sports Leisure,0,,,,,,,,,,
debe6615cd90cc0c2eac2b8988e1f628,SAO PAULO,SP,5,278.5,55.7,5,3,5,95.53,10.2,0.8,0.0,0,4.6,5,0.0,60.0,2,Electronics,0,,,,,,,,,,
dedcab67899479e4ea5dcc4eba47f587,JARAGUA DO SUL,SC,2,84.0,42.0,2,1,2,21.64,2.5,1.0,0.0,0,4.5,2,0.0,50.0,1,Auto,1,Other,Reseller,Online Medium,Not Specified,Not Specified,0.0,0.0,0.0,0.0,119.0
dee656f0f566ed1aa85bd137c943f08f,CRUZEIRO,SP,93,6271.98,67.440645,95,32,92,1696.69,10.902173913043478,0.5053763440860215,4.301075268817205,4,4.333333333333333,93,7.526881720430108,64.51612903225806,12,Sports Leisure,0,,,,,,,,,,
df0f42bc4c2142eacf0eaf2cffd0cfbb,ITAJAI,SC,14,1654.0,118.142857,16,2,14,292.45,9.5,0.2857142857142857,0.0,0,4.142857142857143,14,14.285714285714285,64.28571428571429,1,Health Beauty,0,,,,,,,,,,
df47da4ae86fa4db890d05aaf24e21d8,SAO PAULO,SP,5,310.5,62.1,5,2,4,77.18,5.0,1.2,0.0,0,4.2,5,20.0,80.0,2,Housewares,0,,,,,,,,,,
df560393f3a51e74553ab94004ba5c87,LOANDA,PR,28,3661.18,130.756428,29,10,28,606.15,11.615384615384615,0.35714285714285715,7.142857142857142,2,3.6785714285714284,28,14.285714285714285,32.142857142857146,2,Garden Tools,0,,,,,,,,,,
df56d7b40d437f88407c5f78b63bc328,CASCAVEL,PR,22,2791.28,126.876363,25,8,22,460.22,10.409090909090908,0.2727272727272727,4.545454545454546,1,4.090909090909091,22,13.636363636363635,59.09090909090909,1,Sports Leisure,0,,,,,,,,,,
df683dfda87bf71ac3fc63063fba369d,FARROUPILHA,RS,1,39.9,39.9,1,1,1,16.05,186.0,0.0,100.0,1,1.0,1,100.0,0.0,1,Furniture Decor,0,,,,,,,,,,
df91910b6a03bb2e3358fa6a35e32f6f,SAO PAULO,SP,14,2312.1,165.15,14,4,14,395.02,6.384615384615385,0.42857142857142855,0.0,0,4.357142857142857,14,7.142857142857142,64.28571428571429,1,Housewares,1,Referral,Manufacturer,Online Medium,Cat,Not Specified,0.0,0.0,0.0,0.0,7.0
dfa0c4c6229ab200a4a1336b4d7128ff,FLORIANOPOLIS,SC,77,4777.1,62.040259,86,35,77,1767.11,8.662337662337663,0.45454545454545453,1.2987012987012987,1,4.0,77,15.584415584415584,58.44155844155844,11,Housewares,1,Paid Search,Reseller,Online Medium,Eagle,Not Specified,0.0,0.0,0.0,0.0,10.0
dfc475d54e1b6dbeeb7d7d9bdaa63827,CURITIBA,PR,19,1793.76,94.408421,21,5,19,434.31,7.277777777777778,0.3157894736842105,0.0,0,4.315789473684211,19,10.526315789473683,73.68421052631578,2,Housewares,0,,,,,,,,,,
dfc5fb7259bb2b599ca565e6e9448f0f,SAO BERNARDO DO CAMPO,SP,33,6124.63,185.594848,34,11,33,721.35,9.121212121212121,0.6060606060606061,3.0303030303030303,1,4.121212121212121,33,9.090909090909092,51.515151515151516,2,Garden Tools,0,,,,,,,,,,
dff87e4de60c9736ce8df835951b09bc,SAO PAULO,SP,2,998.0,499.0,2,2,2,45.43,,1.0,0.0,0,2.5,2,50.0,0.0,1,Garden Tools,0,,,,,,,,,,
e00d85ce20ea50c1224c66ca5050527d,OSASCO,SP,1,149.0,149.0,1,1,1,8.3,1.0,1.0,0.0,0,4.0,1,0.0,0.0,1,Audio,0,,,,,,,,,,
e0482f2c769468c3bbcd8a01e09d98c5,SAO PAULO,SP,1,189.0,189.0,1,1,1,45.4,3.0,0.0,0.0,0,4.0,1,0.0,0.0,1,Construction Tools Safety,0,,,,,,,,,,
e0487761face83d64fcada2408959a36,SAO PAULO,SP,2,49.25,24.625,2,2,2,14.87,1.5,0.0,0.0,0,4.5,2,0.0,50.0,2,Food,0,,,,,,,,,,
e067ad2c1c0b48758eb1b5228bcf7a68,SANTOS,SP,54,5042.55,93.380555,61,36,54,1005.36,8.87037037037037,0.35185185185185186,7.4074074074074066,4,4.148148148148148,54,9.25925925925926,55.55555555555556,1,Pet Shop,0,,,,,,,,,,
e06f09ec0a4aca210779cf1cfc63cf19,SAO PAULO,SP,29,5279.49,182.051379,31,25,29,621.92,8.482758620689655,0.5862068965517241,6.896551724137931,2,3.9655172413793105,29,13.793103448275861,58.620689655172406,11,Housewares,0,,,,,,,,,,
e0878efa0e0b7e5313ac0b43bc04c081,CURITIBA,PR,27,5065.3,187.603703,29,4,27,529.61,15.153846153846153,0.8518518518518519,14.814814814814813,4,3.5185185185185186,27,22.22222222222222,40.74074074074074,2,Toys,0,,,,,,,,,,
e09887ca8c7bf8a4621ce481820414ef,SAO PAULO,SP,3,119.96,39.986666,4,4,3,58.7,3.0,1.0,33.33333333333333,1,2.3333333333333335,3,66.66666666666666,33.33333333333333,1,Furniture Decor,0,,,,,,,,,,
e0a366315b1b726b6c7832d664c0f530,SAO PAULO,SP,43,7400.09,172.095116,51,21,42,745.08,6.232558139534884,0.3953488372093023,2.3255813953488373,1,4.3023255813953485,43,6.976744186046512,67.44186046511628,4,Construction Tools Construction,0,,,,,,,,,,
e0a3c37054ade6478d923a6efc10f308,CAMBORIU,SC,2,219.8,109.9,2,2,2,35.18,6.5,1.0,0.0,0,5.0,2,0.0,100.0,1,Baby,1,Paid Search,Manufacturer,Not Specified,Cat,Not Specified,0.0,0.0,0.0,0.0,102.0
e0b162a693bc7f9eab00f783a31d60ea,PELOTAS,RS,1,20.0,20.0,1,1,1,29.69,11.0,0.0,0.0,0,5.0,1,0.0,100.0,1,Health Beauty,0,,,,,,,,,,
e0eabded302882513ced4ea3eb0c7059,CAMPINAS,SP,8,978.4,122.3,8,3,8,138.79,8.375,0.375,0.0,0,4.625,8,0.0,62.5,2,Consoles Games,0,,,,,,,,,,
e116c7455dd26a4d8c3e92532583905f,SAO PAULO,SP,1,36.76,36.76,2,1,1,14.78,,0.0,0.0,0,4.0,1,0.0,0.0,1,Sports Leisure,1,Other,Reseller,Online Big,Not Specified,Not Specified,0.0,0.0,0.0,0.0,10.0
e1643dff33666ca629e3644c02738179,SAO PAULO,SP,3,170.0,56.666666,3,2,3,29.31,2.3333333333333335,1.6666666666666667,0.0,0,4.333333333333333,3,0.0,66.66666666666666,2,Not Specified,1,Paid Search,Reseller,Offline,Eagle,Not Specified,0.0,0.0,0.0,0.0,6.0
e174dc2de86d60fee178170a154c05e7,SANTO ANDRE,SP,1,19.8,19.8,1,1,1,14.1,,0.0,0.0,0,1.0,1,100.0,0.0,1,Auto,0,,,,,,,,,,
e1a210d482714ce337763a19aef94ba4,CASCAVEL,PR,1,49.9,49.9,1,1,1,26.61,,3.0,0.0,0,1.0,1,100.0,0.0,1,Sports Leisure,0,,,,,,,,,,
e1b12447a7563944843191754aeb5562,GUARULHOS,SP,9,472.46,52.495555,10,6,9,126.67,12.444444444444445,0.5555555555555556,22.22222222222222,2,4.444444444444445,9,11.11111111111111,77.77777777777779,4,Sports Leisure,0,,,,,,,,,,
e1bed63d68ac36fe1f3061befe196af5,MOGI GUACU,SP,1,199.0,199.0,1,1,1,18.0,8.0,0.0,0.0,0,5.0,1,0.0,100.0,1,Cool Stuff,0,,,,,,,,,,
e1c76f339ebd5460999f25a2aa8c92c5,SAO PAULO,SP,1,899.9,899.9,1,1,1,28.8,24.0,1.0,0.0,0,5.0,1,0.0,100.0,1,Small Appliances,1,Email,Not Specified,Online Medium,Not Specified,Not Specified,0.0,0.0,0.0,0.0,10.0
e1dc0754bada9ee4cfe9713f22f61292,DUQUE DE CAXIAS,RJ,12,885.0,73.75,12,4,12,264.78,6.916666666666667,0.5833333333333334,0.0,0,3.8333333333333335,12,16.666666666666664,50.0,4,Baby,1,Organic Search,Reseller,Online Medium,Eagle,Not Specified,0.0,0.0,0.0,0.0,0.0
e21a1e8be4715b0fcfd5385643bc49c4,JAGUARUNA,SC,21,703.6,33.504761,24,14,20,472.29,10.45,0.09523809523809523,0.0,0,3.6666666666666665,21,9.523809523809524,42.857142857142854,4,Auto,0,,,,,,,,,,
e24d3429d294b2eb200b064ebb035879,SAO PAULO,SP,19,1878.58,98.872631,22,14,19,372.12,6.7368421052631575,0.42105263157894735,5.263157894736842,1,4.2631578947368425,19,10.526315789473683,63.1578947368421,1,Health Beauty,0,,,,,,,,,,
e24fc9fcd865784fb25705606fe3dfe7,BRAGANCA PAULISTA,SP,52,12936.0,248.76923,56,22,52,1030.71,10.549019607843137,0.3269230769230769,7.6923076923076925,4,4.173076923076923,52,3.8461538461538463,53.84615384615385,3,Health Beauty,0,,,,,,,,,,
e250d617a0ad591ba9bd663e584a895d,GUARULHOS,SP,8,904.12,113.015,20,9,8,300.79,7.0,0.375,0.0,0,3.5,8,25.0,50.0,1,Furniture Decor,1,Organic Search,Manufacturer,Not Specified,Not Specified,Not Specified,0.0,0.0,0.0,0.0,13.0
e256a62e0ac58c0edfba09966142d561,CURITIBA,PR,12,1474.11,122.8425,14,5,11,335.44,5.75,0.5833333333333334,0.0,0,4.416666666666667,12,8.333333333333332,66.66666666666666,2,Housewares,0,,,,,,,,,,
e26901d5ab434ce92fd9b5c256820a4e,MAUA,SP,202,11990.9,59.360891,221,16,201,2947.98,6.340101522842639,0.4752475247524752,1.4851485148514851,3,4.123762376237623,202,9.405940594059405,54.95049504950495,7,Garden Tools,0,,,,,,,,,,
e2a1ac9bf33e5549a2a4f834e70df2f8,SAO PAULO,SP,5,14999.45,2999.89,5,1,5,201.11,7.4,1.0,0.0,0,4.8,5,0.0,80.0,1,Computers Accessories,0,,,,,,,,,,
e2aee0892199b1d92530e371abd825bf,ROLANDIA,PR,38,5662.57,149.015,41,13,38,2654.72,12.055555555555555,0.5263157894736842,13.157894736842104,5,3.789473684210526,38,18.421052631578945,52.63157894736842,4,Sports Leisure,0,,,,,,,,,,
e2c92f9c1c7746d899d18f2e158bbff7,SAO JOSE DO RIO PRETO,SP,14,1894.7,135.335714,14,8,13,391.91,8.083333333333334,0.21428571428571427,0.0,0,4.071428571428571,14,14.285714285714285,50.0,1,Auto,0,,,,,,,,,,
e333046ce6517bd8bb510291d44f0130,IPAUSSU,SP,68,7268.0,106.882352,74,47,68,1431.32,7.9411764705882355,0.8676470588235294,4.411764705882353,3,4.338235294117647,68,7.352941176470589,66.17647058823529,6,Housewares,0,,,,,,,,,,
e38db885400cd35c71dfd162f2c1dbcf,BRASILIA,DF,30,2066.8,68.893333,32,17,30,670.75,9.933333333333334,0.4,10.0,3,4.466666666666667,30,6.666666666666667,73.33333333333333,1,Bed Bath Table,0,,,,,,,,,,
e3a386fc36e22064434e1fa256f6a9fa,ENGENHEIRO COELHO,SP,16,793.9,49.61875,17,10,16,253.25,8.0,0.625,12.5,2,4.1875,16,6.25,56.25,1,Health Beauty,0,,,,,,,,,,
e3b4998c7a498169dc7bce44e6bb6277,SAO PAULO,SP,3,6897.9,2299.3,3,3,3,216.79,15.0,0.0,0.0,0,2.6666666666666665,3,33.33333333333333,33.33333333333333,3,Cool Stuff,0,,,,,,,,,,
e3d3b3efac954a60d61be70b7e05b49b,SAO PAULO,SP,3,1282.05,427.35,3,3,3,123.78,7.333333333333333,0.3333333333333333,0.0,0,4.333333333333333,3,0.0,33.33333333333333,1,Home Construction,0,,,,,,,,,,
e3dd723429d1b23614b7fa85e2c7a853,SAO BERNARDO DO CAMPO,SP,7,471.05,67.292857,8,4,7,126.57,9.428571428571429,0.14285714285714285,14.285714285714285,1,3.7142857142857144,7,14.285714285714285,28.57142857142857,2,Health Beauty,0,,,,,,,,,,
e3e15e2c0b9700561efac21c6be48066,SAO PAULO,SP,3,97.24,32.413333,4,3,3,42.5,,0.3333333333333333,0.0,0,2.0,3,66.66666666666666,0.0,1,Housewares,0,,,,,,,,,,
e3e290b38963293022cdcd6db8328103,SAO PAULO,SP,3,135.7,45.233333,3,2,3,46.34,6.0,1.6666666666666667,0.0,0,3.3333333333333335,3,33.33333333333333,33.33333333333333,2,Sports Leisure,0,,,,,,,,,,
e4253cef933647000a82ff39c67b7bde,SAO PAULO,SP,2,68.0,34.0,2,2,2,40.73,,0.5,0.0,0,2.0,2,50.0,0.0,1,Fashion Bags Accessories,0,,,,,,,,,,
e433f5fd4050e3352b5d83522b7fe24b,ARAPONGAS,PR,1,548.06,548.06,1,1,1,48.71,3.0,1.0,0.0,0,4.0,1,0.0,0.0,1,Home Construction,1,Organic Search,Manufacturer,Online Medium,Cat,Not Specified,0.0,0.0,0.0,0.0,21.0
e439f7176d763f92de325271111b2fd5,JOINVILLE,SC,7,1348.4,192.628571,7,4,7,235.62,8.0,0.5714285714285714,0.0,0,5.0,7,0.0,100.0,1,Electronics,0,,,,,,,,,,
e45edf75f568ed2f93f78d060e246e25,RIO DE JANEIRO,RJ,6,164.3,27.383333,7,6,6,113.92,8.166666666666666,0.6666666666666666,0.0,0,4.166666666666667,6,0.0,33.33333333333333,1,Housewares,0,,,,,,,,,,
e46bc031f2c5bae4ccb40bb90712e9b4,SAO PAULO,SP,1,277.3,277.3,1,1,1,50.09,,0.0,0.0,0,1.0,1,100.0,0.0,1,Auto,0,,,,,,,,,,
e48b04bf1aa1ef711caebeb7aede6180,CURITIBA,PR,25,3187.1,127.484,25,5,25,645.63,8.52,0.56,0.0,0,4.48,25,8.0,72.0,3,Toys,0,,,,,,,,,,
e48cc16ab70bfa09e1401740dce0b3d7,ARACATUBA,SP,14,1084.83,77.487857,17,9,14,326.3,10.642857142857142,0.35714285714285715,0.0,0,3.5714285714285716,14,21.428571428571427,42.857142857142854,1,Computers Accessories,0,,,,,,,,,,
e49c26c3edfa46d227d5121a6b6e4d37,BREJAO,PE,35,3654.25,104.407142,36,31,35,1175.46,9.764705882352942,0.6571428571428571,0.0,0,4.457142857142857,35,5.714285714285714,74.28571428571429,7,Consoles Games,0,,,,,,,,,,
e4ebd3f87bf70440014f07ddda7fbe03,PRESIDENTE EPITACIO,SP,7,671.5,95.928571,7,4,7,115.76,15.714285714285714,0.0,0.0,0,4.571428571428571,7,0.0,57.14285714285714,3,Health Beauty,0,,,,,,,,,,
e4f121bf6ef8b9a1d4d3e65dd0473fab,SAO JOSE DO RIO PRETO,SP,2,70.0,35.0,2,2,2,36.46,19.5,0.5,50.0,1,3.0,2,50.0,50.0,2,Party Supplies,0,,,,,,,,,,
e4fc40017a6d22c46a14ac2e17f87c3e,ARAPONGAS,PR,3,387.0,129.0,3,2,3,275.05,4.0,1.0,0.0,0,2.3333333333333335,3,66.66666666666666,33.33333333333333,2,Furniture Bedroom,0,,,,,,,,,,
e503f22be6a4f456d9851920a5d9c670,SAO PAULO,SP,2,198.9,99.45,2,2,2,32.44,3.0,0.0,0.0,0,4.0,2,0.0,0.0,1,Drinks,0,,,,,,,,,,
e504a4e2efaa45cbff7e268a2c58c956,SAO PEDRO,SP,11,1188.8,108.072727,12,6,11,275.26,5.4,0.18181818181818182,27.27272727272727,3,3.5454545454545454,11,27.27272727272727,54.54545454545454,1,Housewares,1,Organic Search,Manufacturer,Industry,Wolf,Not Specified,0.0,0.0,0.0,0.0,79.0
e51f22821f0c12a16ad5c020cdcd55e9,CARAPICUIBA,SP,4,898.71,224.6775,4,4,4,98.13,7.25,0.75,0.0,0,4.75,4,0.0,75.0,1,Computers Accessories,0,,,,,,,,,,
e53d5b9b29d1218281f4a907ada18626,TOLEDO,PR,4,350.67,87.6675,5,4,4,133.25,4.25,0.25,0.0,0,4.75,4,0.0,75.0,1,Toys,0,,,,,,,,,,
e546117ed9cafbc40239c0c78635c584,SAO PAULO,SP,2,456.0,228.0,2,1,2,28.34,3.5,0.5,0.0,0,4.5,2,0.0,50.0,1,Perfumery,0,,,,,,,,,,
e5475dcab1e07b63d7f6e902d8f5eda8,DIADEMA,SP,19,2192.0,115.368421,19,10,19,251.22,8.210526315789474,0.3684210526315789,5.263157894736842,1,4.0,19,5.263157894736842,57.89473684210527,2,Sports Leisure,0,,,,,,,,,,
e5545d4d4473876ea78c5bcebca365c3,MARILIA,SP,1,44.5,44.5,1,1,1,12.97,4.0,1.0,0.0,0,5.0,1,0.0,100.0,1,Toys,0,,,,,,,,,,
e560e4022d8f7aebf155db95946c5c0f,BELO HORIZONTE,MG,2,780.0,390.0,2,1,2,90.21,8.0,0.5,0.0,0,5.0,2,0.0,100.0,1,Cool Stuff,0,,,,,,,,,,
e5899683388855d3dabe8913bbe365de,SAO CARLOS,SP,3,452.88,150.96,3,3,3,80.98,6.333333333333333,0.0,0.0,0,4.0,3,0.0,33.33333333333333,1,Furniture Decor,0,,,,,,,,,,
e58a5b390e28abc0b216cfb0e07d27d7,RIO DE JANEIRO,RJ,7,1022.6,146.085714,7,3,7,144.63,6.0,0.2857142857142857,0.0,0,4.857142857142857,7,0.0,85.71428571428571,2,Sports Leisure,1,Organic Search,Reseller,Online Medium,Not Specified,Not Specified,0.0,0.0,0.0,0.0,8.0
e595809a6c31ec4314fd06ef198c244d,NAVEGANTES,SC,1,39.0,39.0,1,1,1,18.23,14.0,0.0,0.0,0,5.0,1,0.0,100.0,1,Telephony,0,,,,,,,,,,
e59aa562b9f8076dd550fcddf0e73491,CURITIBA,PR,70,31574.3,451.061428,84,9,70,2229.67,11.217391304347826,1.0,8.571428571428571,6,4.214285714285714,70,10.0,57.14285714285714,1,Agro Industry And Commerce,0,,,,,,,,,,
e59e489e2ea74bd409b798b5daf49de3,MARINGA,PR,3,495.0,165.0,5,3,3,86.76,10.0,0.6666666666666666,0.0,0,1.6666666666666667,3,66.66666666666666,0.0,1,Furniture Decor,0,,,,,,,,,,
e59e575a175fadcadf8479e191770425,NOVA IGUACU,RJ,1,199.9,199.9,1,1,1,50.98,2.0,0.0,0.0,0,5.0,1,0.0,100.0,1,Air Conditioning,0,,,,,,,,,,
e5a3438891c0bfdb9394643f95273d8e,LIMEIRA,SP,224,7738.35,34.546205,255,185,217,3374.27,11.726851851851851,0.6830357142857143,15.178571428571427,34,3.892857142857143,224,17.410714285714285,55.80357142857143,2,Fashion Bags Accessories,0,,,,,,,,,,
e5a38146df062edaf55c38afa99e42dc,SAO PAULO,SP,121,15360.07,126.942727,125,27,121,1894.52,9.2,0.6942148760330579,7.43801652892562,9,3.9338842975206614,121,14.049586776859504,52.066115702479344,9,Housewares,0,,,,,,,,,,
e5bd51692380fd8cabb19b756b95e714,SANTO ANDRE,SP,3,119.7,39.9,3,2,3,33.34,9.0,2.0,66.66666666666666,2,2.3333333333333335,3,66.66666666666666,33.33333333333333,1,Not Specified,0,,,,,,,,,,
e5c84227854980f1db19a58958c551d9,FAZENDA RIO GRANDE,PR,4,72.81,18.2025,4,4,4,68.83,4.5,0.25,0.0,0,4.75,4,0.0,75.0,2,Housewares,0,,,,,,,,,,
e5cbe890e679490127e9a390b46bbd20,SAO PAULO,SP,2,908.99,454.495,2,2,2,28.72,4.5,0.5,0.0,0,4.5,2,0.0,50.0,1,Health Beauty,1,Paid Search,Manufacturer,Not Specified,Eagle,Not Specified,0.0,0.0,0.0,0.0,7.0
e5d4b2b0c3bca22085f7a19a28de0c42,JOINVILLE,SC,4,205.8,51.45,4,4,4,63.76,11.25,0.25,0.0,0,4.5,4,0.0,50.0,3,Housewares,0,,,,,,,,,,
e5def42655b7490edac5a56fe8e9e603,AMPARO,SP,1,129.9,129.9,1,1,1,11.52,5.0,0.0,0.0,0,5.0,1,0.0,100.0,1,Watches Gifts,0,,,,,,,,,,
e5e33c0d8e7e002f398f5dc4cbbb338f,BAURU,SP,28,6698.7,239.239285,29,21,28,778.63,10.115384615384615,0.4642857142857143,7.142857142857142,2,4.321428571428571,28,10.714285714285714,75.0,2,Auto,0,,,,,,,,,,
e5f9e61ceb5f523cc966e0f34095032f,BRUSQUE,SC,4,2238.0,559.5,4,2,4,115.44,13.5,1.25,25.0,1,4.0,4,25.0,75.0,2,Computers Accessories,0,,,,,,,,,,
e601b04acf48b4576e73ddca9481f0dc,SAO PAULO,SP,15,491.94,32.796,16,11,15,211.0,4.866666666666666,0.6666666666666666,0.0,0,4.066666666666666,15,20.0,66.66666666666666,7,Garden Tools,0,,,,,,,,,,
e603cf3fec55f8697c9059638d6c8eb5,PELOTAS,RS,8,297.0,37.125,11,1,8,185.47,4.428571428571429,0.375,0.0,0,4.25,8,0.0,50.0,1,Not Specified,0,,,,,,,,,,
e627629ba868740e287800f1a9be81c2,SAO PAULO,SP,13,504.5,38.807692,13,13,13,139.05,4.909090909090909,0.5384615384615384,0.0,0,4.461538461538462,13,7.6923076923076925,76.92307692307693,3,Food Drink,0,,,,,,,,,,
e628d4a53c109f09ca88098338b3a3f5,BELO HORIZONTE,MG,1,285.0,285.0,1,1,1,58.9,,0.0,0.0,0,1.0,1,100.0,0.0,1,Garden Tools,0,,,,,,,,,,
e62b2d6ac10570a035a30bafcf01d263,SAO PAULO,SP,62,5340.39,86.135322,71,24,61,1035.08,8.758064516129032,0.3709677419354839,11.29032258064516,7,3.8548387096774195,62,11.29032258064516,41.935483870967744,12,Tablets Printing Image,0,,,,,,,,,,
e63e8bfa530fb16910dd6956e592bb81,GUARULHOS,SP,42,1311.7,31.230952,43,12,42,667.47,7.121951219512195,0.5952380952380952,4.761904761904762,2,4.238095238095238,42,11.904761904761903,64.28571428571429,2,Housewares,0,,,,,,,,,,
e644cbadf7eeb30d0d29f335ce7d52ec,SAO PAULO,SP,8,878.9,109.8625,10,4,8,184.69,4.857142857142857,0.875,0.0,0,3.625,8,12.5,25.0,3,Sports Leisure,0,,,,,,,,,,
e64882b4ef12aee8d0faca4db5b681f4,GOIANIA,GO,1,230.0,230.0,2,1,1,43.22,21.0,1.0,0.0,0,4.0,1,0.0,0.0,1,Construction Tools Safety,0,,,,,,,,,,
e64d65bc8dbec2accda90c58de5d1246,RIO CLARO,SP,12,1678.8,139.9,12,2,12,221.16,9.333333333333334,0.5,25.0,3,3.0833333333333335,12,41.66666666666667,33.33333333333333,1,Health Beauty,0,,,,,,,,,,
e64ddbe1cbcf4f2fc3092b7c481f3f9d,SAO PAULO,SP,1,20.9,20.9,1,1,1,7.39,3.0,0.0,0.0,0,5.0,1,0.0,100.0,1,Health Beauty,0,,,,,,,,,,
e6a69c4a27dfdd98ffe5aa757ad744bc,SAO PAULO,SP,24,2076.2,86.508333,29,13,24,442.74,5.9523809523809526,0.2916666666666667,0.0,0,3.875,24,20.833333333333336,50.0,4,Housewares,0,,,,,,,,,,
e6ffc9ac6a7adc9d16a1cfc2286dd546,SAO PAULO,SP,1,34.99,34.99,1,1,1,8.29,,0.0,0.0,0,1.0,1,100.0,0.0,1,Bed Bath Table,0,,,,,,,,,,
e70053bf73d1b5863932e53a9fa47496,SAO PAULO,SP,7,4025.0,575.0,7,7,7,133.58,9.571428571428571,0.5714285714285714,0.0,0,4.285714285714286,7,0.0,42.857142857142854,2,Telephony,0,,,,,,,,,,
e72b4feb7abe210c52aa667abc25a3a2,SAO PAULO,SP,1,38.2,38.2,2,1,1,17.44,2.0,0.0,0.0,0,5.0,1,0.0,100.0,1,Bed Bath Table,0,,,,,,,,,,
e732329483fd5f27367dd997b47f598a,BLUMENAU,SC,1,109.9,109.9,1,1,1,34.57,11.0,0.0,0.0,0,5.0,1,0.0,100.0,1,Fashion Bags Accessories,0,,,,,,,,,,
e73bf2cea7fe4b0b4d287a7568ed1099,CHAPECO,SC,4,737.7,184.425,5,4,4,100.13,4.25,0.25,0.0,0,5.0,4,0.0,100.0,2,Construction Tools Construction,0,,,,,,,,,,
e76ecc7e9a1a1e3c6df9d2a8261c423d,BELO HORIZONTE,MG,1,20.0,20.0,1,1,1,14.1,8.0,0.0,0.0,0,5.0,1,0.0,100.0,1,Books General Interest,0,,,,,,,,,,
e7d5b006eb624f13074497221eb37807,SANTO ANDRE,SP,28,3478.93,124.2475,63,8,27,741.49,8.107142857142858,0.5714285714285714,7.142857142857142,2,3.9285714285714284,28,14.285714285714285,53.57142857142857,2,Telephony,0,,,,,,,,,,
e7df4cd29ab5abab70fb0783ddb53987,SAO PAULO,SP,23,9608.7,417.769565,24,21,23,413.37,5.956521739130435,0.782608695652174,8.695652173913043,2,4.304347826086956,23,8.695652173913043,65.21739130434783,3,Fashion Sport,0,,,,,,,,,,
e7f3bf1ecd8526eb7f3b18059e6716e5,UBATUBA,SP,18,1471.54,81.752222,19,10,18,276.15,7.588235294117647,0.16666666666666666,0.0,0,4.555555555555555,18,5.555555555555555,77.77777777777779,4,Toys,0,,,,,,,,,,
e819bcfade7b5d88a27325eb6cfd62c5,GUARULHOS,SP,5,202.9,40.58,11,4,5,135.35,3.0,0.2,20.0,1,4.2,5,20.0,80.0,3,Furniture Decor,1,Organic Search,Manufacturer,Industry,Not Specified,Not Specified,0.0,0.0,0.0,0.0,7.0
e81e1f9c3e762e620f3fb60a51499e16,CURITIBANOS,SC,17,4465.99,262.705294,18,7,17,513.5,18.823529411764707,0.4117647058823529,5.88235294117647,1,4.0,17,11.76470588235294,52.94117647058824,3,Sports Leisure,0,,,,,,,,,,
e82de6494d91d3c4c54450f59b227a94,IBITINGA,SP,3,118.9,39.633333,3,2,3,38.8,15.666666666666666,0.6666666666666666,33.33333333333333,1,3.6666666666666665,3,33.33333333333333,66.66666666666666,2,Watches Gifts,0,,,,,,,,,,
e83c76265fc54bf41eac728805e4da77,ARACATUBA,SP,8,237.3,29.6625,8,3,8,99.19,30.5,0.25,12.5,1,3.625,8,0.0,25.0,1,Auto,0,,,,,,,,,,
e83e93b71371817b11d78a63ff156aee,BARUERI,SP,2,286.0,143.0,3,2,2,87.38,7.5,0.0,0.0,0,4.5,2,0.0,50.0,1,Furniture Decor,0,,,,,,,,,,
e84ad2127668df3aafc6b73531a0beb8,SAO PAULO,SP,19,987.0,51.947368,23,5,19,286.73,8.578947368421053,0.2631578947368421,5.263157894736842,1,4.368421052631579,19,10.526315789473683,73.68421052631578,2,Cool Stuff,0,,,,,,,,,,
e88165a185134e13fdfc85d4fa654db8,FERRAZ DE  VASCONCELOS,SP,2,108.0,54.0,2,2,2,41.22,7.5,1.5,50.0,1,3.0,2,50.0,50.0,1,Sports Leisure,0,,,,,,,,,,
e882b2a25a10b9c057cc49695f222c19,TERESOPOLIS,RJ,57,51057.54,895.746315,58,19,56,2856.22,5.964912280701754,0.49122807017543857,0.0,0,4.578947368421052,57,1.7543859649122806,71.9298245614035,8,Home Appliances 2,0,,,,,,,,,,
e883aa812c37a7413226856f4579fe91,ITAPEVI,SP,26,4097.1,157.580769,29,6,26,457.36,6.5,0.6538461538461539,3.8461538461538463,1,4.153846153846154,26,11.538461538461538,53.84615384615385,5,Small Appliances,0,,,,,,,,,,
e88c9b79e592e370d6bd852eeefbf057,PATO BRANCO,PR,8,251.87,31.48375,9,7,8,142.11,6.125,0.625,0.0,0,4.75,8,0.0,75.0,2,Toys,0,,,,,,,,,,
e88f7a2995ba184710d339c5c4bf2e30,VOTUPORANGA,SP,2,251.6,125.8,2,1,2,35.91,10.0,0.0,0.0,0,5.0,2,0.0,100.0,1,Pet Shop,0,,,,,,,,,,
e89c4adbe7b1d0819dbb636e16461cf1,INDAIATUBA,SP,24,3181.3,132.554166,25,8,24,454.85,11.625,0.4583333333333333,12.5,3,3.8333333333333335,24,16.666666666666664,54.166666666666664,1,Sports Leisure,0,,,,,,,,,,
e8a85b5f3df47be0984c55fd4064dbb4,BRASILIA,DF,8,743.0,92.875,14,6,8,222.99,5.5,0.875,12.5,1,4.5,8,12.5,87.5,4,Housewares,0,,,,,,,,,,
e8b3a3a38279a82f0e5d006d5e5b7d2c,JUSSARA,PR,87,13154.7,151.203448,92,52,87,1761.69,11.2125,0.3448275862068966,3.4482758620689653,3,3.793103448275862,87,19.54022988505747,50.57471264367817,6,Consoles Games,0,,,,,,,,,,
e8b4225284fbb02d16f200513f1f395d,NOVO HORIZONTE,SP,31,5788.52,186.726451,31,18,31,1297.61,8.566666666666666,0.3548387096774194,9.67741935483871,3,4.193548387096774,31,6.451612903225806,54.83870967741935,1,Baby,0,,,,,,,,,,
e8dba4d70f7f2b20e775d09cae01142d,SANTA BARBARA D OESTE,SP,9,855.91,95.101111,9,6,9,176.48,7.333333333333333,0.4444444444444444,11.11111111111111,1,4.333333333333333,9,0.0,66.66666666666666,2,Sports Leisure,1,Direct Traffic,Reseller,Online Big,Cat,Not Specified,0.0,0.0,0.0,0.0,2.0
e8f6dc8e6a1dcde89d20e3995c8d90b3,SAO PAULO,SP,36,2256.34,62.676111,48,29,36,2051.68,7.4,0.5555555555555556,8.333333333333332,3,3.9166666666666665,36,11.11111111111111,52.77777777777778,9,Furniture Decor,0,,,,,,,,,,
e8ff5a6ceb895583033fc2a0f314e3c2,BLUMENAU,SC,1,139.89,139.89,1,1,1,19.08,2.0,0.0,0.0,0,5.0,1,0.0,100.0,1,Diapers And Hygiene,0,,,,,,,,,,
e908c0f3646e8b60375734a350d95d71,SAO PAULO,SP,1,2951.0,2951.0,1,1,1,58.53,19.0,1.0,0.0,0,4.0,1,0.0,0.0,1,Computers Accessories,0,,,,,,,,,,
e94b64dc6979b302a5a5be1662c83bb6,ITAPECERICA DA SERRA,SP,2,306.89,153.445,2,2,2,31.74,6.0,1.0,0.0,0,5.0,2,0.0,100.0,1,Construction Tools Lights,1,Organic Search,Reseller,Online Medium,Eagle,Not Specified,0.0,0.0,0.0,0.0,9.0
e9511df20ccd82658a30c37b7fb343af,BAURU,SP,22,2096.6,95.3,30,9,22,726.5,7.818181818181818,0.7272727272727273,0.0,0,4.318181818181818,22,4.545454545454546,59.09090909090909,2,Construction Tools Construction,0,,,,,,,,,,
e96498ed8daaa3e9c23f7a62da76591c,SAO PAULO,SP,34,9619.09,282.914411,34,23,34,713.1,12.882352941176471,0.5882352941176471,14.705882352941178,5,3.9411764705882355,34,20.588235294117645,58.82352941176471,1,Auto,0,,,,,,,,,,
e9729944ba65dc3ce425e0c5a22ae7b2,PETROPOLIS,RJ,4,916.7,229.175,4,3,4,61.73,7.5,0.25,25.0,1,3.75,4,0.0,0.0,1,Garden Tools,0,,,,,,,,,,
e9779976487b77c6d4ac45f75ec7afe9,PRAIA GRANDE,SP,657,43162.95,65.697031,750,133,644,10139.71,7.224806201550388,0.5144596651445966,5.93607305936073,39,4.199391171993912,657,9.74124809741248,61.18721461187214,8,Sports Leisure,0,,,,,,,,,,
e9874ae10b2d60d43917b6bbfa13a599,ROLANDIA,PR,1,199.0,199.0,1,1,1,23.1,6.0,0.0,0.0,0,5.0,1,0.0,100.0,1,Bed Bath Table,0,,,,,,,,,,
e99e927c81e3f51739c94fcdfca9f10f,UBERLANDIA,MG,22,2702.83,122.855909,25,6,22,657.64,11.857142857142858,0.6363636363636364,4.545454545454546,1,3.6363636363636362,22,18.181818181818183,40.909090909090914,3,Garden Tools,0,,,,,,,,,,
e9b6c33b71b67737693b4cfa68341c8d,SAO PAULO,SP,1,119.9,119.9,1,1,1,21.49,3.0,2.0,0.0,0,4.0,1,0.0,0.0,1,Housewares,0,,,,,,,,,,
e9bc59e7b60fc3063eb2290deda4cced,MARINGA,PR,216,34343.06,158.995648,269,42,213,4688.5,8.736842105263158,0.5925925925925926,7.4074074074074066,16,3.990740740740741,216,13.88888888888889,55.55555555555556,2,Computers Accessories,0,,,,,,,,,,
e9c2dc0dd4ac38448289be644ac94f42,JOINVILLE,SC,3,118.39,39.463333,3,3,3,56.22,4.666666666666667,0.6666666666666666,0.0,0,5.0,3,0.0,100.0,2,Toys,1,Direct Traffic,Reseller,Online Medium,Shark,Not Specified,0.0,0.0,0.0,0.0,148.0
e9c6969d40e6a3d2d0f90013165c2b98,SAO PAULO,SP,10,5239.98,523.998,10,8,10,242.0,7.2,0.8,0.0,0,4.4,10,10.0,70.0,1,Pet Shop,0,,,,,,,,,,
e9d99831abad74458942f21e16f33f92,SAO PAULO,SP,130,4922.48,37.86523,149,35,130,1993.58,8.930769230769231,0.5923076923076923,10.0,13,3.923076923076923,130,13.846153846153847,50.76923076923077,4,Computers Accessories,0,,,,,,,,,,
e9e446d01bd10a97a8ffcfc4a3a20cb2,SAO PAULO,SP,4,60.05,15.0125,4,4,4,29.56,2.6666666666666665,1.0,0.0,0,3.5,4,25.0,50.0,1,Perfumery,1,Social,Reseller,Online Medium,Cat,Not Specified,0.0,0.0,0.0,0.0,23.0
ea00f977a203ff88adf7057cb7806998,SANTOS,SP,19,389.72,20.511578,19,5,19,183.68,2.9444444444444446,0.47368421052631576,5.263157894736842,1,4.105263157894737,19,10.526315789473683,52.63157894736842,1,Auto,0,,,,,,,,,,
ea1776927851da2532aa70d6a32c095a,SAO PAULO,SP,3,318.8,106.266666,3,3,3,53.52,5.5,0.0,0.0,0,2.6666666666666665,3,33.33333333333333,33.33333333333333,2,Portateis Cozinha E Preparadores De Alimentos,0,,,,,,,,,,
ea3ebea5317b0efbc663ecc8ce5e9bc2,FLORIANOPOLIS,SC,3,299.7,99.9,3,3,3,57.65,8.0,0.0,0.0,0,4.0,3,0.0,33.33333333333333,1,Auto,0,,,,,,,,,,
ea4e9ce63a2134743b4a92777437fcdd,PALHOCA,SC,3,316.6,105.533333,4,3,3,65.7,6.0,2.3333333333333335,0.0,0,4.666666666666667,3,0.0,66.66666666666666,1,Air Conditioning,1,Organic Search,Manufacturer,Online Medium,Cat,Not Specified,0.0,0.0,0.0,0.0,11.0
ea566164622c6b439516ab18062c42cd,SAO  PAULO,SP,50,10309.42,206.1884,52,19,50,858.56,10.1,0.5,18.0,9,3.78,50,16.0,52.0,9,Health Beauty,0,,,,,,,,,,
ea65d8b58316a6f2362f2a9e4b3e86ad,CAMPINAS,SP,9,2061.4,229.044444,16,8,9,230.82,6.222222222222222,0.0,0.0,0,4.0,9,22.22222222222222,66.66666666666666,6,Construction Tools Construction,0,,,,,,,,,,
ea67327e24487bdfac5fbfa37ea124df,IBITINGA,SP,32,6250.18,195.318125,34,24,31,930.1,6.875,0.375,3.125,1,3.53125,32,21.875,40.625,1,Bed Bath Table,0,,,,,,,,,,
ea6b12bf9ffe2bac34602ec631d97a47,GUARULHOS,SP,11,2625.8,238.70909,11,8,11,205.52,5.333333333333333,0.5454545454545454,0.0,0,4.090909090909091,11,9.090909090909092,54.54545454545454,4,Not Specified,0,,,,,,,,,,
ea846a0e7ad98a741783e886d89dfa44,ARACATUBA,SP,2,137.0,68.5,3,2,2,55.26,7.5,2.5,0.0,0,5.0,2,0.0,100.0,1,Perfumery,0,,,,,,,,,,
ea8482cd71df3c1969d7b9473ff13abc,SAO PAULO,SP,1146,37177.52,32.441116,1203,220,1133,17544.77,9.84452296819788,0.5924956369982548,8.37696335078534,96,3.9834205933682374,1146,11.69284467713787,52.44328097731239,2,Telephony,0,,,,,,,,,,
eaaa46e98c9e61f6764dd1d7a2ab8b3e,MESSIAS TARGINO,RN,1,98.0,98.0,1,1,1,27.64,8.0,1.0,0.0,0,5.0,1,0.0,100.0,1,Small Appliances,0,,,,,,,,,,
ead2bab70821ea148476ae9bc08548ac,BELO HORIZONTE,MG,9,412.1,45.788888,9,4,9,116.2,5.888888888888889,0.3333333333333333,0.0,0,4.555555555555555,9,0.0,77.77777777777779,1,Fashion Bags Accessories,0,,,,,,,,,,
eae9af4811c294c56795d70e715b7337,SAO PAULO,SP,1,15.9,15.9,1,1,1,11.11,2.0,0.0,0.0,0,5.0,1,0.0,100.0,1,Not Specified,0,,,,,,,,,,
eaf6d55068dea77334e8477d3878d89e,SAO PAULO,SP,3,51.0,17.0,3,2,3,33.01,3.0,1.0,0.0,0,5.0,3,0.0,100.0,1,Auto,0,,,,,,,,,,
eb1bf309f4f6af9a97e9ddac3fdbeabe,DIADEMA,SP,1,22.3,22.3,1,1,1,8.88,2.0,1.0,0.0,0,5.0,1,0.0,100.0,1,Sports Leisure,0,,,,,,,,,,
eb3071b9f0b0ddaa2df5ea130f09f26b,SAO PAULO,SP,9,6230.0,692.222222,11,2,9,581.42,7.333333333333333,1.2222222222222223,11.11111111111111,1,4.555555555555555,9,0.0,55.55555555555556,2,Furniture Bedroom,0,,,,,,,,,,
eb4a59a06b3948e851a7d7a830bcbc42,SALVADOR,BA,2,64.0,32.0,2,1,2,44.0,6.0,2.0,0.0,0,3.0,2,50.0,50.0,1,Health Beauty,0,,,,,,,,,,
eb4df17aed01d918c65f0f8d650900c0,PAULINIA,SP,11,3739.87,339.988181,11,9,11,185.59,6.7272727272727275,0.2727272727272727,27.27272727272727,3,3.909090909090909,11,9.090909090909092,45.45454545454545,2,Auto,0,,,,,,,,,,
eb5b6204dde3a6e03b5f1bb8479f055b,EMBU GUACU,SP,19,452.2,23.8,21,8,19,275.13,7.894736842105263,0.47368421052631576,5.263157894736842,1,3.9473684210526314,19,10.526315789473683,42.10526315789473,5,Housewares,0,,,,,,,,,,
eb72802c83dc7547529c9546d1a9b8ef,RIO CLARO,SP,8,1063.92,132.99,8,7,8,117.71,5.25,0.5,0.0,0,4.625,8,0.0,87.5,6,Garden Tools,1,Organic Search,Reseller,Online Medium,Wolf,Not Specified,0.0,0.0,0.0,0.0,2.0
eb9267cccc90f1b49c8d2f9887c7dd97,RECIFE,PE,1,319.9,319.9,1,1,1,26.37,7.0,1.0,0.0,0,5.0,1,0.0,100.0,1,Sports Leisure,1,Organic Search,Reseller,Online Medium,Cat,Not Specified,0.0,0.0,0.0,0.0,8.0
eb9cd5b35d95206585e2185318cb5c61,SAO PAULO,SP,2,550.0,275.0,3,1,2,61.55,10.5,0.5,0.0,0,3.0,2,50.0,50.0,1,Furniture Decor,0,,,,,,,,,,
eba88037e1dca898cd02881f67ced679,SAO PAULO,SP,6,838.1,139.683333,6,4,6,93.47,9.833333333333334,0.3333333333333333,16.666666666666664,1,4.333333333333333,6,16.666666666666664,83.33333333333334,1,Stationery,0,,,,,,,,,,
ebd1417732defaf66c50b5a800eb293e,LONDRINA,PR,1,309.0,309.0,1,1,1,16.33,6.0,0.0,0.0,0,5.0,1,0.0,100.0,1,Cool Stuff,0,,,,,,,,,,
ebd2d60905fb58271facef5596b620d3,LENCOIS PAULISTA,SP,84,7941.72,94.544285,88,39,84,1733.3,11.28048780487805,0.4166666666666667,3.571428571428571,3,4.154761904761905,84,11.904761904761903,64.28571428571429,1,Health Beauty,0,,,,,,,,,,
ebe3dabc4955c9b0d695e7bda38bf5c3,RIBEIRAO PRETO,SP,1,55.0,55.0,1,1,1,11.89,16.0,0.0,100.0,1,3.0,1,0.0,0.0,1,Computers Accessories,0,,,,,,,,,,
ebef8d8c92b4fd3226e5d407bbff21ac,RIBEIRAO PRETO,SP,3,253.7,84.566666,3,3,3,48.36,39.0,0.0,33.33333333333333,1,2.6666666666666665,3,33.33333333333333,0.0,2,Sports Leisure,0,,,,,,,,,,
ec21206b7894c503788a684a7bc822a6,ARMACAO DOS BUZIOS,RJ,3,247.8,82.6,3,3,3,48.61,6.0,0.3333333333333333,0.0,0,2.6666666666666665,3,33.33333333333333,0.0,2,Baby,0,,,,,,,,,,
ec2e006556300a79a5a91e4876ab3a56,SAO PAULO,SP,4,125.2,31.3,8,2,4,66.04,2.0,1.25,25.0,1,1.25,4,75.0,0.0,2,Construction Tools Construction,0,,,,,,,,,,
ec4608a1f76453166bb312b2968aeaf4,PORTO FERREIRA,SP,18,1181.75,65.652777,35,5,18,939.61,5.588235294117647,0.8888888888888888,16.666666666666664,3,3.1666666666666665,18,27.77777777777778,27.77777777777778,1,Furniture Decor,0,,,,,,,,,,
ec5c1d94df153d473b37f880977ae58e,RIO DE JANEIRO,SP,2,199.67,99.835,3,2,2,84.07,9.0,0.0,0.0,0,2.0,2,50.0,0.0,2,Perfumery,0,,,,,,,,,,
ec80e49e69745ab6c14f984bf2149423,LIMEIRA,SP,12,3709.0,309.083333,12,2,12,188.31,10.75,0.0,8.333333333333332,1,3.8333333333333335,12,8.333333333333332,41.66666666666667,1,Housewares,0,,,,,,,,,,
ec8463980a4e0ea9f8517aea1ed0c419,FLORIANOPOLIS,SC,2,239.2,119.6,8,1,2,118.76,5.5,1.0,50.0,1,5.0,2,0.0,100.0,1,Construction Tools Lights,1,Organic Search,Manufacturer,Online Medium,Shark,Not Specified,0.0,0.0,0.0,0.0,3.0
ec8879960bd2221d5c32f8e12f7da711,ITATIBA,SP,36,4062.4,112.844444,36,9,36,818.98,14.057142857142857,0.5,16.666666666666664,6,4.222222222222222,36,13.88888888888889,72.22222222222221,1,Computers Accessories,0,,,,,,,,,,
ec933281fb017b5020d06df29c3f77e8,SAO PAULO,SP,8,1432.0,179.0,8,3,8,230.85,7.375,0.0,0.0,0,5.0,8,0.0,100.0,1,Baby,0,,,,,,,,,,
ecccfa2bb93b34a3bf033cc5d1dcdc69,CURITIBA,PR,15,1338.64,89.242666,19,7,15,262.71,9.333333333333334,1.0666666666666667,13.333333333333334,2,2.466666666666667,15,53.333333333333336,13.333333333333334,1,Health Beauty,0,,,,,,,,,,
ececbfcff9804a2d6b40f589df8eef2b,FRANCA,SP,98,6792.4,69.310204,104,62,97,1868.66,11.391752577319588,0.47959183673469385,9.183673469387756,9,4.112244897959184,98,8.16326530612245,53.06122448979592,3,Health Beauty,0,,,,,,,,,,
ed4311e67debd72b8610a5347a743087,GUARULHOS,SP,25,3636.0,145.44,26,7,25,706.81,5.8,0.28,4.0,1,4.48,25,8.0,72.0,1,Housewares,0,,,,,,,,,,
ed46f1eb4a638113deb2a1137b5f22e9,INDAIAL,SC,4,3470.0,867.5,4,3,4,216.68,5.0,0.5,0.0,0,4.0,4,25.0,75.0,1,Health Beauty,0,,,,,,,,,,
ed49da7cadefc454d6a67de249eab240,SAO PAULO,SP,2,43.0,21.5,2,1,2,22.83,8.5,0.5,0.0,0,3.0,2,50.0,50.0,1,Sports Leisure,0,,,,,,,,,,
ed4acab38528488b65a9a9c603ff024a,SAO PAULO,SP,32,12759.45,398.732812,40,30,32,610.31,6.483870967741935,0.40625,0.0,0,3.71875,32,12.5,43.75,4,Computers Accessories,0,,,,,,,,,,
ed859002ad59dbf8cf3602696a6c3000,LONDRINA,PR,7,2421.7,345.957142,13,5,7,268.94,4.166666666666667,1.0,0.0,0,3.7142857142857144,7,28.57142857142857,57.14285714285714,3,Air Conditioning,0,,,,,,,,,,
ed8cb7b190ceb6067227478e48cf8dde,SANTOS,SP,15,573.5,38.233333,17,10,15,242.71,5.333333333333333,1.0666666666666667,6.666666666666667,1,3.4,15,13.333333333333334,33.33333333333333,4,Portateis Cozinha E Preparadores De Alimentos,1,Other,Manufacturer,Industry,Wolf,Not Specified,0.0,0.0,0.0,0.0,267.0
ed9eef5be0992d413d251fadba1a410d,MOGI GUACU,SP,3,404.1,134.7,9,5,3,143.24,8.666666666666666,0.0,0.0,0,4.666666666666667,3,0.0,66.66666666666666,1,Furniture Decor,0,,,,,,,,,,
edb1ef5e36e0c8cd84eb3c9b003e486d,TERESOPOLIS,RJ,166,79284.55,477.617771,175,55,164,3905.1,10.181818181818182,0.39156626506024095,7.228915662650602,12,4.421686746987952,166,6.626506024096386,69.27710843373494,1,Health Beauty,0,,,,,,,,,,
edb58a1390adf273840030a3d6253829,PIRACICABA,SP,1,39.9,39.9,1,1,1,18.38,3.0,0.0,0.0,0,5.0,1,0.0,100.0,1,Home Appliances,0,,,,,,,,,,
edb65fe661681b1c0de8bd47c8655855,SAO PAULO,SP,1,69.0,69.0,1,1,1,15.24,8.0,1.0,0.0,0,3.0,1,0.0,0.0,1,Small Appliances,0,,,,,,,,,,
edc518ba25576a0188a0e8f2c3af186f,GUARULHOS,SP,6,1647.39,274.565,8,5,6,262.16,3.8333333333333335,0.3333333333333333,0.0,0,3.6666666666666665,6,16.666666666666664,50.0,4,Housewares,0,,,,,,,,,,
edd066cd02126d7800f9b66e980e9931,BRASILIA,DF,6,987.7,164.616666,6,6,6,186.23,9.333333333333334,0.0,16.666666666666664,1,5.0,6,0.0,100.0,1,Housewares,0,,,,,,,,,,
eddd1991bd6d9309995a480c39b95137,PONTA GROSSA,PR,3,866.0,288.666666,3,2,3,132.41,12.0,0.6666666666666666,0.0,0,2.6666666666666665,3,33.33333333333333,0.0,1,Not Specified,0,,,,,,,,,,
ede0c03645598cdfc63ca8237acbe73d,RIBEIRAO PRETO,SP,46,2518.37,54.747173,50,24,46,751.5,14.674418604651162,0.30434782608695654,30.434782608695656,14,3.5,46,26.08695652173913,41.30434782608695,3,Computers Accessories,0,,,,,,,,,,
ede2977fbaf3738583170735ca403f6c,CURITIBA,PR,1,289.9,289.9,1,1,1,37.35,12.0,0.0,0.0,0,5.0,1,0.0,100.0,1,Health Beauty,0,,,,,,,,,,
edf3fabebcc20f7463cc9c53da932ea8,SAO PAULO,SP,1,219.9,219.9,1,1,1,24.12,19.0,0.0,100.0,1,4.0,1,0.0,0.0,1,Furniture Decor,0,,,,,,,,,,
edf96ef93ed595084bbcbd9224bd2894,SAO PAULO,SP,25,3757.0,150.28,28,8,25,608.78,10.8,0.76,8.0,2,3.88,25,8.0,40.0,2,Electronics,0,,,,,,,,,,
ee27a8f15b1dded4d213a468ba4eb391,GOIANIA,GO,1,6499.0,6499.0,1,1,1,227.66,10.0,2.0,0.0,0,5.0,1,0.0,100.0,1,Art,0,,,,,,,,,,
ee2fbacc2fc3794e656cc4d933d59ce7,SAO PAULO,SP,2,464.97,232.485,3,2,2,53.73,7.0,0.0,0.0,0,4.0,2,0.0,50.0,1,Sports Leisure,1,Other,Reseller,Online Big,Cat,Not Specified,0.0,0.0,0.0,0.0,37.0
eeb6de78f79159600292e314a77cbd18,LAGES,SC,83,43739.84,526.986024,84,46,82,3055.44,10.670731707317072,0.5060240963855421,3.614457831325301,3,4.445783132530121,83,4.819277108433735,67.46987951807229,3,Garden Tools,0,,,,,,,,,,
eebb3372362aa9a46975164bed19a7e7,SAO PAULO,SP,7,591.92,84.56,8,2,7,119.4,44.5,0.0,28.57142857142857,2,2.2857142857142856,7,57.14285714285714,0.0,1,Telephony,0,,,,,,,,,,
eec3469d83e142f9a104886655338c37,BAURU,SP,4,185.7,46.425,4,4,4,54.74,5.0,0.5,0.0,0,4.5,4,0.0,75.0,2,Furniture Decor,0,,,,,,,,,,
eed78ac17f7f795a19a709745f00cd4e,BOTUCATU,SP,22,4349.5,197.704545,56,12,20,846.34,6.681818181818182,0.2727272727272727,0.0,0,3.772727272727273,22,13.636363636363635,45.45454545454545,1,Furniture Decor,0,,,,,,,,,,
ef0ace09169ac090589d85746e3e036f,SAO GONCALO,RJ,129,16223.3,125.762015,140,22,129,2315.65,9.484375,0.3953488372093023,7.751937984496124,10,4.372093023255814,129,6.2015503875969,68.21705426356588,2,Perfumery,0,,,,,,,,,,
ef2fbc2b607d8492bcffe657a4645434,RIO DE JANEIRO,RJ,20,970.8,48.54,22,7,20,362.89,5.7894736842105265,0.3,10.0,2,3.85,20,25.0,60.0,5,Auto,0,,,,,,,,,,
ef30892870c278497523264be1be2241,ARARAQUARA,SP,9,783.2,87.022222,9,5,9,109.34,6.666666666666667,0.1111111111111111,0.0,0,4.555555555555555,9,11.11111111111111,88.88888888888889,1,Stationery,0,,,,,,,,,,
ef506c96320abeedfb894c34db06f478,SAO PAULO,SP,324,9771.43,30.158734,340,116,323,5197.0,9.943037974683545,0.7129629629629629,7.716049382716049,25,3.9166666666666665,324,11.728395061728394,51.54320987654321,4,Telephony,0,,,,,,,,,,
ef728fa1f17436c91ed1ccd03dcf9631,JAU,SP,3,128.7,42.9,4,4,3,58.12,3.6666666666666665,1.0,0.0,0,4.333333333333333,3,0.0,66.66666666666666,1,Arts And Craftmanship,0,,,,,,,,,,
ef990a83bbea832f36ebe81376335aa8,JOINVILLE,SC,43,4642.59,107.967209,44,8,43,914.65,14.744186046511627,0.6046511627906976,20.930232558139537,9,3.627906976744186,43,23.25581395348837,44.18604651162791,2,Sports Leisure,0,,,,,,,,,,
ef9952469137ff190bacafe117f51537,UBERABA,MG,5,1002.66,200.532,5,2,5,83.94,7.0,0.4,0.0,0,4.8,5,0.0,80.0,1,Furniture Decor,0,,,,,,,,,,
efb628aa07c8ca93d7db0d85b91a4f5a,NOVA IGUACU,RJ,1,204.0,204.0,1,1,1,58.1,19.0,0.0,100.0,1,4.0,1,0.0,0.0,1,Furniture Bedroom,0,,,,,,,,,,
efcd8d2104f1a05d028af7bad20d974b,ARACATUBA,SP,47,2424.78,51.591063,51,34,44,855.41,8.195652173913043,0.574468085106383,2.127659574468085,1,4.170212765957447,47,8.51063829787234,53.191489361702125,1,Fashion Bags Accessories,0,,,,,,,,,,
efff9341f3f8f5237b44ff67ed36a7bf,VITORIA,ES,5,872.99,174.598,5,4,5,99.66,10.4,1.2,0.0,0,4.4,5,0.0,60.0,3,Garden Tools,0,,,,,,,,,,
f00e21b1e91a79653163b7fd8f293ff1,ANDRADAS,SP,31,3900.09,125.809354,31,29,31,570.97,11.225806451612904,0.3225806451612903,3.225806451612903,1,4.064516129032258,31,12.903225806451612,61.29032258064516,5,Toys,0,,,,,,,,,,
f00f5b35d0abcacbdd863672f4bb2c1a,SAO PAULO,SP,1,299.0,299.0,1,1,1,14.43,6.0,0.0,0.0,0,4.0,1,0.0,0.0,1,Furniture Decor,0,,,,,,,,,,
f021c962aaba8ef6eb527a9c2c8394d1,ITAJAI,SC,5,4398.5,879.7,5,4,5,135.37,7.0,0.4,0.0,0,4.2,5,20.0,80.0,1,Musical Instruments,0,,,,,,,,,,
f049a72cf58fd31b11f8919cade515e7,SAO PAULO,SP,3,138.75,46.25,4,3,3,32.24,3.0,0.3333333333333333,0.0,0,3.3333333333333335,3,33.33333333333333,33.33333333333333,3,Health Beauty,1,Paid Search,Reseller,Not Specified,Cat,Not Specified,0.0,0.0,0.0,0.0,2.0
f0563bacf40c311f1c4d3d6b67b8a7a7,TUBARAO,SC,1,1199.0,1199.0,1,1,1,28.78,,1.0,0.0,0,1.0,1,100.0,0.0,1,Electronics,0,,,,,,,,,,
f0837c8d71434931d9e38e7b79234797,ARVOREZINHA,RS,22,3446.9,156.677272,23,8,22,602.46,9.772727272727273,0.18181818181818182,4.545454545454546,1,4.590909090909091,22,0.0,72.72727272727273,1,Housewares,0,,,,,,,,,,
f08a5b9dd6767129688d001acafc21e5,PORTO ALEGRE,RS,11,14069.63,1279.057272,18,7,11,496.11,11.181818181818182,2.5454545454545454,0.0,0,4.2727272727272725,11,9.090909090909092,72.72727272727273,3,Agro Industry And Commerce,0,,,,,,,,,,
f08c008c8a8d31417763738a1788a2a8,SANTA TEREZINHA DE ITAIPU,PR,22,1291.72,58.714545,23,3,22,422.97,16.55,1.1363636363636365,13.636363636363635,3,3.090909090909091,22,31.818181818181817,36.36363636363637,1,Sports Leisure,0,,,,,,,,,,
f09b760d23495ac9a7e00d29b769007c,CATANDUVA,SP,1,21.9,21.9,1,1,1,17.19,6.0,3.0,0.0,0,4.0,1,0.0,0.0,1,Sports Leisure,0,,,,,,,,,,
f09e26011d833ddab11593c1a097a92a,PIRASSUNUNGA,SP,1,79.9,79.9,1,1,1,22.19,,0.0,0.0,0,1.0,1,100.0,0.0,1,Furniture Decor,0,,,,,,,,,,
f0b47fbbc6dee9aafe415a6e33051b3f,MAUA,SP,68,3795.91,55.822205,86,38,67,1336.28,6.850746268656716,0.3382352941176471,10.294117647058822,7,4.220588235294118,68,10.294117647058822,66.17647058823529,4,Books General Interest,0,,,,,,,,,,
f0e103c63864d5405b958d984b6e94c9,OSASCO,SP,11,951.7,86.518181,11,7,11,149.71,7.0,0.5454545454545454,0.0,0,4.7272727272727275,11,0.0,72.72727272727273,3,Not Specified,0,,,,,,,,,,
f0ec6a2adb05c62655a26dd347b8dede,SAO PAULO,SP,1,72.0,72.0,2,1,1,14.78,,0.0,0.0,0,1.0,1,100.0,0.0,1,Health Beauty,0,,,,,,,,,,
f0ec78809fe0bc3edb11c9fe5b97b059,SAO PAULO,SP,2,62.6,31.3,2,2,2,23.66,3.5,0.0,0.0,0,4.0,2,0.0,50.0,1,Housewares,1,Other,Reseller,Online Medium,Cat,Not Specified,0.0,0.0,0.0,0.0,60.0
f114dca2828bf718548db175ebe2cfcd,CAMBE,PR,1,139.0,139.0,1,1,1,13.99,8.0,0.0,0.0,0,1.0,1,100.0,0.0,1,Sports Leisure,0,,,,,,,,,,
f1198c871e0171278b63f40d112caeec,SAO PAULO,SP,2,475.8,237.9,2,2,2,82.27,4.5,1.5,0.0,0,4.5,2,0.0,50.0,1,Kitchen Dining Laundry Garden Furniture,0,,,,,,,,,,
f125f3a310c2e5f822d116147de1e474,SAO PAULO,SP,16,2761.4,172.5875,22,4,16,287.89,10.25,0.4375,12.5,2,4.1875,16,6.25,56.25,2,Construction Tools Construction,0,,,,,,,,,,
f12d3c2a14729ae461b920c11fe20fdc,SANTO ANDRE,SP,9,364.45,40.494444,11,4,9,94.87,3.3333333333333335,0.7777777777777778,0.0,0,4.444444444444445,9,0.0,55.55555555555556,2,Furniture Decor,1,Organic Search,Reseller,Online Big,Not Specified,Not Specified,0.0,0.0,0.0,0.0,22.0
f12ff17ad8bbf01ec5c33b17e506649b,SAO PAULO,SP,29,6241.0,215.206896,29,14,29,651.73,11.285714285714286,0.27586206896551724,10.344827586206897,3,3.8275862068965516,29,13.793103448275861,44.827586206896555,1,Auto,0,,,,,,,,,,
f18112da765e0971ca5d510dec322bdd,BRUSQUE,SC,2,327.8,163.9,2,2,2,82.95,16.5,0.0,0.0,0,4.0,2,0.0,0.0,1,Not Specified,0,,,,,,,,,,
f181738b150df1f37cb0bd72e705b193,CARAPICUIBA,SP,36,5529.7,153.602777,37,8,36,1103.05,7.583333333333333,0.5555555555555556,8.333333333333332,3,4.472222222222222,36,2.7777777777777777,69.44444444444444,3,Cool Stuff,0,,,,,,,,,,
f19516b9ff26bfeb091b30108db4ddbd,ARTUR NOGUEIRA,SP,5,727.6,145.52,5,5,5,141.84,6.333333333333333,0.0,0.0,0,2.6,5,60.0,40.0,2,Costruction Tools Garden,0,,,,,,,,,,
f1b854361f4e15d5851b494df66f22b2,RIO DE JANEIRO,RJ,3,1168.8,389.6,4,3,3,306.44,6.333333333333333,0.3333333333333333,0.0,0,3.3333333333333335,3,33.33333333333333,33.33333333333333,2,Pet Shop,1,Direct Traffic,Manufacturer,Online Big,Cat,Not Specified,0.0,0.0,0.0,0.0,3.0
f1b93673502375d491780bb49d615dbc,SAO JOSE DOS CAMPOS,SP,8,2638.93,329.86625,10,8,8,320.35,4.625,1.0,12.5,1,3.125,8,37.5,37.5,3,Construction Tools Construction,0,,,,,,,,,,
f1c1ac3f3efc07e659c035008e615e66,SAO PAULO,SP,4,2561.96,640.49,14,4,4,302.82,7.666666666666667,0.0,0.0,0,3.75,4,25.0,50.0,1,Auto,0,,,,,,,,,,
f1ce5fdecd64935c28b9ff932751d0dc,SANTANA DE PARNAIBA,SP,2,158.0,79.0,2,2,2,22.53,5.5,0.5,0.0,0,4.5,2,0.0,50.0,1,Furniture Decor,0,,,,,,,,,,
f1ed6bd0a9b11b581f16c851c6a5a527,PORTO ALEGRE,RS,17,1622.77,95.457058,18,3,17,373.81,9.882352941176471,0.7058823529411765,5.88235294117647,1,4.470588235294118,17,5.88235294117647,70.58823529411765,3,Furniture Decor,0,,,,,,,,,,
f1fd5ab1181f827ffad998c1a5de7d74,CURITIBA,PR,15,7045.99,469.732666,15,11,15,831.97,7.4,0.26666666666666666,0.0,0,4.666666666666667,15,0.0,66.66666666666666,2,Luggage Accessories,0,,,,,,,,,,
f1fdf2d13186575751aa25876536d85c,SAO PAULO,SP,1,26.3,26.3,1,1,1,8.29,3.0,0.0,0.0,0,5.0,1,0.0,100.0,1,Sports Leisure,1,Organic Search,Reseller,Online Big,Eagle,Not Specified,0.0,0.0,0.0,0.0,7.0
f205b1a3ca9a34e0f8a228bae6e4c7b3,CACHOEIRINHA,RS,8,1088.0,136.0,8,7,8,396.9,7.75,0.0,0.0,0,4.875,8,0.0,87.5,1,Furniture Decor,0,,,,,,,,,,
f214d28e8d8e3ef068748498ccc2f813,SAO PAULO,SP,54,2212.41,40.970555,59,21,54,809.11,7.346153846153846,0.6296296296296297,7.4074074074074066,4,4.092592592592593,54,12.962962962962962,57.407407407407405,4,Fashion Bags Accessories,0,,,,,,,,,,
f22a247b79dd22ecd91dc8e3b2a1b07c,ITAQUAQUECETUBA,SP,8,439.94,54.9925,8,5,8,134.9,17.125,0.125,25.0,2,4.0,8,12.5,37.5,1,Health Beauty,1,Other,Manufacturer,Online Medium,Cat,Not Specified,0.0,0.0,0.0,0.0,54.0
f2336e113377dd21c744d9c4fc8293a9,SAO PAULO,SP,4,3563.0,890.75,4,2,4,199.08,13.75,0.25,0.0,0,4.25,4,0.0,50.0,2,Garden Tools,0,,,,,,,,,,
f235413f677777a0738ff215d0184901,BARIRI,SP,3,1696.7,565.566666,3,2,3,91.64,5.0,0.0,0.0,0,3.6666666666666665,3,33.33333333333333,66.66666666666666,1,Auto,0,,,,,,,,,,
f25e239052084705e17a982bc600ab2a,SAO PAULO,SP,8,7380.0,922.5,8,8,8,405.48,8.75,0.375,0.0,0,4.25,8,12.5,62.5,4,Pet Shop,0,,,,,,,,,,
f262cbc1c910c83959f849465454ddd3,SAO PAULO,SP,192,10482.83,54.598072,207,80,191,2507.02,7.417989417989418,0.5520833333333334,7.291666666666667,14,4.125,192,10.416666666666668,60.9375,9,Computers Accessories,0,,,,,,,,,,
f266295f49a28eee21f413e0cbb0521d,PONTA GROSSA,PR,2,149.8,74.9,2,2,2,28.14,6.5,1.0,0.0,0,4.5,2,0.0,50.0,2,Construction Tools Construction,0,,,,,,,,,,
f26d70155c2b6326fcfa1780c8c684e4,PRESIDENTE GETULIO,SC,1,202.89,202.89,1,1,1,16.17,8.0,0.0,0.0,0,5.0,1,0.0,100.0,1,Garden Tools,0,,,,,,,,,,
f27e33c6d29b5138fa9967bcd445b6d5,SAO PAULO,SP,93,8888.3,95.573118,98,22,92,1593.95,7.559139784946237,0.7741935483870968,8.60215053763441,8,4.096774193548387,93,10.75268817204301,58.06451612903226,11,Pet Shop,0,,,,,,,,,,
f3041c2e75ec683697a6a5ea82192210,ITAUNA,MG,1,145.0,145.0,1,1,1,24.0,2.0,0.0,0.0,0,5.0,1,0.0,100.0,1,Furniture Decor,0,,,,,,,,,,
f3055483058c84d75ca2a3314fb4deef,SALVADOR,BA,1,67.5,67.5,1,1,1,35.79,,0.0,0.0,0,1.0,1,100.0,0.0,1,Pet Shop,0,,,,,,,,,,
f307937c1bb287c3efc2a514b94b0d1d,ARAXA,MG,1,189.99,189.99,1,1,1,26.61,10.0,1.0,0.0,0,5.0,1,0.0,100.0,1,Auto,0,,,,,,,,,,
f326006815956455b2859abd58fe7e39,FERNANDOPOLIS,SP,9,3147.16,349.684444,30,6,9,666.02,10.777777777777779,0.6666666666666666,0.0,0,4.666666666666667,9,0.0,66.66666666666666,3,Furniture Decor,0,,,,,,,,,,
f3295428338a40977a03f555246a70f4,VITORIA,ES,7,644.98,92.14,7,7,7,124.4,11.857142857142858,0.5714285714285714,14.285714285714285,1,3.5714285714285716,7,28.57142857142857,57.14285714285714,2,Health Beauty,0,,,,,,,,,,
f3511c85f59f8dec53d140501ee8e7a8,CURITIBA,PR,1,69.9,69.9,1,1,1,8.11,1.0,0.0,0.0,0,5.0,1,0.0,100.0,1,Health Beauty,0,,,,,,,,,,
f356c348fbc8df6a882823e21f5ce8b7,CANOAS,RS,2,195.18,97.59,2,1,2,30.47,4.5,0.0,0.0,0,2.5,2,50.0,0.0,1,Housewares,0,,,,,,,,,,
f35b3c613c4f7b2275f4185d0a3c59ec,SAO PAULO,SP,9,4047.25,449.694444,9,8,9,167.04,9.555555555555555,0.3333333333333333,11.11111111111111,1,4.555555555555555,9,11.11111111111111,88.88888888888889,2,Sports Leisure,0,,,,,,,,,,
f35becee938e982bd615edf8ef12bcfb,ALVARES MACHADO,SP,6,148.59,24.765,6,5,6,78.22,6.666666666666667,0.5,0.0,0,4.0,6,0.0,50.0,2,Home Confort,0,,,,,,,,,,
f3862c2188522d89860c38a3ea8b550d,RIBEIRAO PRETO,SP,1,15.5,15.5,1,1,1,12.79,5.0,1.0,0.0,0,5.0,1,0.0,100.0,1,Perfumery,0,,,,,,,,,,
f3975e8a41157005d4bcbb358678cd9b,PINHALZINHO,SC,2,178.8,89.4,2,2,2,83.98,6.5,1.0,0.0,0,5.0,2,0.0,100.0,2,Baby,0,,,,,,,,,,
f3b80352b986ab4d1057a4b724be19d0,BRASILIA,DF,87,10505.1,120.748275,92,4,86,2187.63,7.8604651162790695,0.5747126436781609,0.0,0,4.172413793103448,87,9.195402298850574,57.47126436781609,2,Health Beauty,0,,,,,,,,,,
f3c38ab652836d21de61fb8314b69182,SAO PAULO,SP,15,1581.0,105.4,15,11,15,247.59,5.6,0.8666666666666667,0.0,0,4.266666666666667,15,0.0,53.333333333333336,4,Computers Accessories,1,Paid Search,Reseller,Online Small,Cat,Not Specified,0.0,0.0,0.0,0.0,9.0
f3da5b2ff499efb8d4a6d371d175d7dd,SAO PAULO,SP,79,3702.29,46.86443,84,30,79,1124.57,9.0,0.5189873417721519,11.39240506329114,9,3.7974683544303796,79,17.72151898734177,51.89873417721519,12,Housewares,0,,,,,,,,,,
f410c8873029fcc3809b9df6d0b28914,CAXIAS DO SUL,SP,2,289.8,144.9,2,2,2,37.3,6.5,0.0,0.0,0,5.0,2,0.0,100.0,1,Auto,0,,,,,,,,,,
f419677537694f0462a91990df6ca44f,SAO BERNARDO DO CAMPO,SP,6,220.5,36.75,6,6,5,78.78,6.333333333333333,0.16666666666666666,16.666666666666664,1,4.0,6,16.666666666666664,66.66666666666666,1,Not Specified,0,,,,,,,,,,
f41ce2e25237f9092cd8e6e7516c7a2f,GUARULHOS,SP,27,2030.9,75.218518,28,10,26,331.7,5.5,0.37037037037037035,0.0,0,4.296296296296297,27,3.7037037037037033,62.96296296296296,5,Consoles Games,0,,,,,,,,,,
f435898e493ba0356019a0b1cb8b55b1,CURITIBA,PR,10,649.76,64.976,12,5,10,230.92,9.7,0.4,0.0,0,4.4,10,10.0,80.0,1,Auto,0,,,,,,,,,,
f43827dd686be3a4a80e00aa299990fb,SAO JOSE DO RIO PRETO,SP,1,95.54,95.54,2,1,1,30.2,10.0,1.0,0.0,0,2.0,1,0.0,0.0,1,Housewares,0,,,,,,,,,,
f44b6f775a2b390380e0e30b5c9d3eee,SAO PAULO,SP,10,2930.0,293.0,10,10,10,258.24,5.9,0.2,0.0,0,4.9,10,0.0,90.0,2,Cool Stuff,0,,,,,,,,,,
f44bdc12aa39f5271f0b95f66cd4c289,BRAGANCA PAULISTA,SP,5,357.5,71.5,7,4,5,74.57,8.8,1.0,20.0,1,3.2,5,20.0,20.0,1,Auto,0,,,,,,,,,,
f45122a9ab94eb4f3f8953578bc0c560,PIRACICABA,SP,187,22078.29,118.065721,200,89,186,3325.84,11.092391304347826,0.5294117647058824,6.951871657754011,13,3.9572192513368982,187,14.43850267379679,55.61497326203209,8,Pet Shop,0,,,,,,,,,,
f457c46070d02cadd8a68551231220dd,MARINGA,PR,199,19093.0,95.944723,234,23,193,3714.22,11.892307692307693,0.46733668341708545,5.527638190954774,11,3.809045226130653,199,16.08040201005025,49.246231155778894,1,Computers Accessories,0,,,,,,,,,,
f46490624488d3ff7ce78613913a7711,GUARULHOS,SP,83,5802.85,69.913855,91,35,83,1747.82,6.55,0.6746987951807228,10.843373493975903,9,3.6626506024096384,83,24.096385542168676,51.80722891566265,1,Health Beauty,1,Other,Reseller,Online Big,Eagle,Not Specified,0.0,0.0,0.0,0.0,42.0
f4a04f7be452aa3bb31760bf00055dd0,SANTO ANDRE,SP,18,1312.1,72.894444,18,8,18,241.85,5.777777777777778,0.7222222222222222,0.0,0,4.666666666666667,18,0.0,77.77777777777779,1,Perfumery,0,,,,,,,,,,
f4aba7c0bca51484c30ab7bdc34bcdd1,SAO PAULO,SP,110,3009.79,27.361727,117,12,110,1547.71,6.564814814814815,0.6363636363636364,5.454545454545454,6,3.9272727272727272,110,9.090909090909092,46.36363636363636,3,Health Beauty,0,,,,,,,,,,
f4c4daa86e30c7e5a553a8d518ac03a5,CASCAVEL,PR,20,6301.91,315.0955,20,20,20,369.29,7.888888888888889,0.15,5.0,1,3.7,20,20.0,45.0,3,Watches Gifts,0,,,,,,,,,,
f4ce8ca9fa7157e3b33f536ac9a4487d,PENAPOLIS,SP,4,409.6,102.4,4,3,4,97.53,5.25,1.75,0.0,0,4.75,4,0.0,75.0,2,Bed Bath Table,0,,,,,,,,,,
f4db9b37944bcb8873e6b456ee190bbf,ITAQUAQUECETUBA,SP,21,3409.78,162.370476,22,8,21,500.16,10.619047619047619,0.42857142857142855,9.523809523809524,2,4.571428571428571,21,0.0,71.42857142857143,2,Fashion Bags Accessories,0,,,,,,,,,,
f524ad65d7e0f1daab730ef2d2e86196,SOLEDADE,RS,1,578.0,578.0,2,1,1,31.5,18.0,0.0,100.0,1,1.0,1,100.0,0.0,1,Garden Tools,0,,,,,,,,,,
f52c2422904463fdd7741f99045fecb6,SANTO ANDRE/SAO PAULO,SP,12,567.79,47.315833,13,10,12,177.01,4.0,0.25,0.0,0,4.25,12,8.333333333333332,66.66666666666666,3,Housewares,0,,,,,,,,,,
f5403d3f50089112c4eed37928b7f622,FERNANDOPOLIS,SP,2,190.8,95.4,2,2,2,32.4,,2.5,0.0,0,1.0,2,100.0,0.0,2,Fashio Female Clothing,0,,,,,,,,,,
f543ba3c973276f519d89d59bd46cead,SAO JOSE DO RIO PRETO,SP,2,258.0,129.0,2,1,2,164.04,,0.5,0.0,0,1.0,2,100.0,0.0,1,Kitchen Dining Laundry Garden Furniture,0,,,,,,,,,,
f593898ec748b7a8cb81fc04edafd98a,PEDREIRA,SP,20,2813.04,140.652,23,8,20,728.08,11.789473684210526,0.9,15.0,3,3.7,20,15.0,45.0,5,Furniture Decor,0,,,,,,,,,,
f5a590cf36251cf1162ea35bef76fe84,SAO BERNARDO DO CAMPO,SP,117,53201.78,454.716068,122,63,117,4239.16,8.56637168141593,0.6153846153846154,6.837606837606838,8,4.230769230769231,117,11.11111111111111,64.1025641025641,4,Musical Instruments,0,,,,,,,,,,
f5b44895715ddfe3087dc414f30268f3,SOROCABA,SP,19,378.8,19.936842,19,17,19,275.64,9.421052631578947,0.3684210526315789,0.0,0,4.0,19,15.789473684210526,52.63157894736842,1,Auto,0,,,,,,,,,,
f5b84683a9bf9e1df748cf40f601b39c,SAO PAULO,SP,1,83.9,83.9,1,1,1,9.07,1.0,3.0,0.0,0,5.0,1,0.0,100.0,1,Baby,0,,,,,,,,,,
f5f1f2c5f923f36ad79ea1d07185ddc9,TARUMA,SP,12,1912.15,159.345833,13,6,12,203.68,8.8,0.16666666666666666,8.333333333333332,1,3.25,12,33.33333333333333,33.33333333333333,1,Pet Shop,0,,,,,,,,,,
f5f2ab9bdb6b30c14c61be68c5ed37da,PORTO FERREIRA,SP,18,2134.68,118.593333,18,14,18,339.87,10.944444444444445,0.9444444444444444,5.555555555555555,1,4.277777777777778,18,11.11111111111111,66.66666666666666,3,Toys,0,,,,,,,,,,
f5f46307a4d15880ca14fab4ad9dfc9b,RIO DO SUL,SC,9,1422.94,158.104444,10,6,9,231.38,8.88888888888889,0.6666666666666666,11.11111111111111,1,4.111111111111111,9,11.11111111111111,55.55555555555556,3,Sports Leisure,0,,,,,,,,,,
f5fea3ffed6c2e889bab72705557c63a,RIO DE JANEIRO,RJ,3,1059.9,353.3,3,3,3,268.28,7.0,1.0,33.33333333333333,1,3.6666666666666665,3,33.33333333333333,66.66666666666666,1,Furniture Decor,0,,,,,,,,,,
f6122bc84774df1b372bdb3bb88ddb9f,BARUERI,SP,3,4799.87,1599.956666,3,1,3,74.49,12.333333333333334,1.3333333333333333,33.33333333333333,1,3.6666666666666665,3,33.33333333333333,66.66666666666666,1,Computers Accessories,0,,,,,,,,,,
f615fe7efbef0f4f08fd3086bc7a3e60,ATIBAIA,SP,23,2359.27,102.576956,24,18,23,389.69,6.318181818181818,0.30434782608695654,8.695652173913043,2,4.3478260869565215,23,4.3478260869565215,73.91304347826086,4,Toys,0,,,,,,,,,,
f61c63d13f7cd800549d5acdd390ae72,PILAR DO SUL,SP,26,3072.3,118.165384,26,11,26,429.39,8.153846153846153,0.6923076923076923,7.6923076923076925,2,4.0,26,11.538461538461538,42.30769230769231,4,Housewares,0,,,,,,,,,,
f626e15b7314c267e4429010866f70e9,MARECHAL CANDIDO RONDON,SP,5,193.55,38.71,7,3,5,125.47,7.8,1.2,0.0,0,3.8,5,20.0,40.0,3,Drinks,0,,,,,,,,,,
f62d7bb4a613ec758a03342d46b580b2,VICOSA,MG,32,24665.0,770.78125,32,2,32,2125.59,8.53125,0.59375,9.375,3,4.375,32,6.25,65.625,2,Small Appliances Home Oven And Coffee,0,,,,,,,,,,
f63d8f293af3a6454377546bd9dd19ff,VOTORANTIM,SP,17,1751.82,103.048235,28,11,17,495.13,12.0,2.4705882352941178,5.88235294117647,1,4.470588235294118,17,11.76470588235294,82.35294117647058,2,Auto,0,,,,,,,,,,
f650a9708fa1bab22bdd8d3a818cc415,ARARANGUA,SC,5,507.75,101.55,5,4,5,86.83,10.75,0.0,0.0,0,3.4,5,40.0,60.0,1,Furniture Decor,0,,,,,,,,,,
f664f98bfda2eaf266a23ff144e7a872,SAO PAULO,SP,2,153.99,76.995,2,2,2,7.81,0.5,0.0,0.0,0,3.0,2,50.0,50.0,2,Not Specified,0,,,,,,,,,,
f67efa3f0b6761102a7f8c6b7b571f5d,CURITIBA,PR,31,5188.68,167.376774,32,9,31,841.49,7.419354838709677,0.45161290322580644,0.0,0,4.483870967741935,31,6.451612903225806,70.96774193548387,4,Pet Shop,0,,,,,,,,,,
f680f85bee2d253556ac91be391d2c82,CARAPICUIBA,SP,45,5183.92,115.198222,54,10,44,893.42,7.911111111111111,0.5333333333333333,2.2222222222222223,1,4.333333333333333,45,4.444444444444445,60.0,2,Baby,0,,,,,,,,,,
f682e0f848abafc6f41e0d4e868c66ef,MAIRIPORA,SP,2,269.98,134.99,2,2,2,34.02,15.0,1.0,50.0,1,3.5,2,0.0,0.0,1,Auto,0,,,,,,,,,,
f7315bb81aea4ddca2d39e249a801c98,GUARULHOS,SP,2,379.8,189.9,2,1,2,50.28,9.0,0.0,0.0,0,4.5,2,0.0,50.0,1,Luggage Accessories,0,,,,,,,,,,
f7496d659ca9fdaf323c0aae84176632,SAO PAULO,SP,26,5087.57,195.675769,27,16,26,844.94,5.0,0.5,3.8461538461538463,1,4.576923076923077,26,3.8461538461538463,80.76923076923077,3,Furniture Decor,0,,,,,,,,,,
f76a3b1349b6df1ee875d1f3fa4340f0,SAO PAULO,SP,24,4160.79,173.36625,24,6,24,588.19,8.5,0.5416666666666666,29.166666666666668,7,3.4583333333333335,24,16.666666666666664,41.66666666666667,1,Housewares,0,,,,,,,,,,
f7720c4fa8e3aba4546301ab80ea1f1b,CURITIBA,PR,60,2083.45,34.724166,78,28,59,1335.52,8.542372881355933,0.4666666666666667,5.0,3,4.2,60,8.333333333333332,55.00000000000001,3,Furniture Decor,0,,,,,,,,,,
f783a638e9c6af4a7d0dbfde811e7a81,SAO PAULO,SP,5,849.8,169.96,5,4,5,153.1,16.4,0.0,20.0,1,4.0,5,20.0,60.0,2,Toys,0,,,,,,,,,,
f789d2c4f2c2eb38fc4373e7a4b35264,JUIZ DE FORA,MG,44,4864.24,110.550909,49,28,43,869.0,9.113636363636363,0.45454545454545453,4.545454545454546,2,4.159090909090909,44,11.363636363636363,63.63636363636363,2,Pet Shop,0,,,,,,,,,,
f7ba60f8c3f99e7ee4042fdef03b70c4,SAO BERNARDO DO CAMPO,SP,219,68395.0,312.305936,230,9,219,4341.01,10.73394495412844,0.6529680365296804,13.698630136986301,30,4.205479452054795,219,9.1324200913242,59.3607305936073,2,Health Beauty,0,,,,,,,,,,
f7c31656c19db6275a8acadca289f426,IBITINGA,SP,1,61.56,61.56,1,1,1,16.19,11.0,0.0,0.0,0,3.0,1,0.0,0.0,1,Not Specified,0,,,,,,,,,,
f7ccf836d21b2fb1de37564105216cc1,IBITINGA,SP,70,2787.4,39.82,74,23,70,1123.04,9.36231884057971,0.42857142857142855,7.142857142857142,5,3.7285714285714286,70,22.857142857142858,50.0,2,Bed Bath Table,0,,,,,,,,,,
f7df46c1e0ec44eed5c6726478da4a17,NOVO HAMBURGO,RS,3,429.7,143.233333,3,2,3,57.74,,1.0,0.0,0,1.0,3,100.0,0.0,1,Sports Leisure,0,,,,,,,,,,
f805b96fa705ba7995a221f1749dc141,MARINGA,PR,7,2744.44,392.062857,7,6,7,242.43,11.714285714285714,0.7142857142857143,0.0,0,4.428571428571429,7,0.0,71.42857142857143,1,Musical Instruments,0,,,,,,,,,,
f80edd2c5aaa505cc4b0a3b219abf4b8,SAO PAULO,SP,119,9108.2,76.539495,128,23,118,3000.74,8.517241379310345,0.4117647058823529,5.042016806722689,6,4.07563025210084,119,12.605042016806722,58.82352941176471,6,Kitchen Dining Laundry Garden Furniture,0,,,,,,,,,,
f8201cab383e484733266d1906e2fdfa,PALHOCA,SC,10,889.0,88.9,10,4,10,255.83,10.3,0.8,10.0,1,4.1,10,10.0,50.0,1,Cool Stuff,0,,,,,,,,,,
f84a00e60c73a49e7e851c9bdca3a5bb,RIO DE JANEIRO,RJ,90,5949.94,66.110444,99,22,90,2001.82,9.352272727272727,0.4,10.0,9,3.8333333333333335,90,16.666666666666664,52.22222222222223,2,Health Beauty,0,,,,,,,,,,
f84fa566034f5e8e880a07ec624c56af,INDAIATUBA,SP,91,5093.79,55.975714,102,8,91,1232.91,7.887640449438202,0.46153846153846156,9.89010989010989,9,4.175824175824176,91,12.087912087912088,61.53846153846154,3,Health Beauty,0,,,,,,,,,,
f88adb15807168d3c43d71021090ce4a,PORTO FERREIRA,SP,3,488.8,162.933333,3,2,3,52.26,5.0,0.3333333333333333,0.0,0,3.3333333333333335,3,0.0,33.33333333333333,2,Party Supplies,1,Paid Search,Reseller,Online Medium,Cat,Not Specified,0.0,0.0,0.0,0.0,41.0
f8d5c7085db9a4ad2b8c1ffbeb2798c8,SAO PAULO,SP,6,263.0,43.833333,6,5,6,100.41,9.0,0.5,0.0,0,5.0,6,0.0,100.0,1,Fashion Bags Accessories,0,,,,,,,,,,
f8db351d8c4c4c22c6835c19a46f01b0,SALTO,SP,667,50525.6,75.750524,724,146,664,12554.2,8.040971168437025,0.5787106446776612,4.197901049475263,28,4.2188905547226385,667,7.946026986506746,59.67016491754122,20,Housewares,0,,,,,,,,,,
f8e2c1b59cd4225a3e4fd0d013a76b93,RIBEIRAO PRETO,SP,2,219.8,109.9,3,2,2,44.63,6.0,0.0,0.0,0,5.0,2,0.0,100.0,2,Furniture Decor,0,,,,,,,,,,
f8f35af4634605e6693c17cc3ffff5a8,CAMPANHA,MG,1,90.0,90.0,1,1,1,16.39,8.0,0.0,0.0,0,5.0,1,0.0,100.0,1,Housewares,0,,,,,,,,,,
f90f77ef2799a27f80d90c425ca944f7,LONDRINA,PR,1,70.0,70.0,1,1,1,19.46,7.0,0.0,0.0,0,5.0,1,0.0,100.0,1,Books Technical,0,,,,,,,,,,
f918546be4bec7104d117789ba758b2b,SAO PAULO,SP,20,1483.0,74.15,23,3,20,347.15,10.15,0.55,15.0,3,3.85,20,20.0,50.0,1,Garden Tools,0,,,,,,,,,,
f9244d45189d3a3605499abddeade7d5,SAO PAULO,SP,21,15731.43,749.115714,21,11,21,875.99,8.85,0.3333333333333333,0.0,0,4.285714285714286,21,4.761904761904762,57.14285714285714,3,Small Appliances,0,,,,,,,,,,
f92d8c817434bd2d84d4e9c61322b7fa,SOROCABA,SP,5,174.84,34.968,5,3,5,50.77,3.2,0.2,0.0,0,4.6,5,0.0,80.0,1,Sports Leisure,0,,,,,,,,,,
f97e2b0650c2068227e1d366140eb62f,SANTO ANTONIO DE POSSE,SP,16,3654.0,228.375,21,7,16,1011.98,8.0625,0.125,6.25,1,3.9375,16,18.75,62.5,2,Pet Shop,0,,,,,,,,,,
f9903dd0f812c7e771fcad47b6fff231,BLUMENAU,SC,10,1684.85,168.485,15,9,10,416.63,7.6,0.4,0.0,0,3.2,10,20.0,20.0,3,Construction Tools Lights,0,,,,,,,,,,
f9a02f1922d1de564392e656d82b3fda,FERRAZ DE VASCONCELOS,SP,1,125.9,125.9,1,1,1,11.49,,0.0,0.0,0,4.0,1,0.0,0.0,1,Garden Tools,0,,,,,,,,,,
f9bbdd976532d50b7816d285a22bd01e,SAO PAULO,SP,2,268.0,134.0,2,2,2,30.37,8.0,0.0,0.0,0,5.0,2,0.0,100.0,1,Sports Leisure,0,,,,,,,,,,
f9d010e39375d9c91dce3f40b73a2f84,LORENA,SP,4,1212.0,303.0,5,2,4,138.14,14.0,0.5,25.0,1,3.5,4,25.0,50.0,1,Toys,0,,,,,,,,,,
f9ec7093df3a7b346b7bcf7864069ca3,SAO PAULO,SP,9,519.2,57.688888,9,9,9,118.93,4.666666666666667,0.0,0.0,0,4.777777777777778,9,0.0,88.88888888888889,5,Housewares,1,Paid Search,Reseller,Online Medium,Cat,Not Specified,0.0,0.0,0.0,0.0,3.0
f9eda05b67bef472deaddbba84aca289,ORLEANS,SC,1,185.0,185.0,1,1,1,51.79,,0.0,0.0,0,1.0,1,100.0,0.0,1,Watches Gifts,1,Paid Search,Reseller,Offline,Eagle,Not Specified,0.0,0.0,0.0,0.0,9.0
f9eedec3129e8cc6b6429c42d0808c5b,"RIO DE JANEIRO, RIO DE JANEIRO, BRASIL",RJ,2,789.8,394.9,2,2,2,43.35,6.0,0.0,0.0,0,4.5,2,0.0,50.0,1,Watches Gifts,0,,,,,,,,,,
f9f68daa2af419d38f745478bcb3da1a,SUMARE,SP,2,22.4,11.2,2,1,2,28.96,7.0,0.5,0.0,0,3.0,2,50.0,50.0,1,Sports Leisure,0,,,,,,,,,,
fa14641f57b655e933124a9ea49cd7a5,SAO PAULO,SP,7,359.93,51.418571,7,6,7,83.06,4.428571428571429,1.0,0.0,0,4.571428571428571,7,0.0,57.14285714285714,3,Computers Accessories,0,,,,,,,,,,
fa18c782a4866d313cadab567097f8f1,BELO HORIZONTE,MG,1,58.99,58.99,1,1,1,19.65,,0.0,0.0,0,1.0,1,100.0,0.0,1,Housewares,0,,,,,,,,,,
fa1a9dec3a9940c072684a46728bf1fc,ICARA,SC,55,6674.0,121.345454,60,35,55,1201.71,9.127272727272727,0.4727272727272727,0.0,0,4.054545454545455,55,10.909090909090908,58.18181818181818,1,Pet Shop,0,,,,,,,,,,
fa1c13f2614d7b5c4749cbc52fecda94,SUMARE,SP,585,194042.03,331.695777,586,289,581,10042.7,10.664359861591695,0.42905982905982903,9.05982905982906,53,4.326495726495726,585,8.88888888888889,67.35042735042735,5,Watches Gifts,0,,,,,,,,,,
fa3a0b5aabb344b9a92e3524b0202123,SAO JOSE DOS PINHAIS,SP,7,1789.0,255.571428,7,3,7,164.41,7.714285714285714,1.5714285714285714,14.285714285714285,1,4.142857142857143,7,0.0,57.14285714285714,1,Musical Instruments,0,,,,,,,,,,
fa40cc5b934574b62717c68f3d678b6d,SAO PAULO,SP,307,16055.87,52.29925,340,16,302,4530.9,8.414473684210526,0.6123778501628665,5.211726384364821,16,4.452768729641694,307,5.211726384364821,72.9641693811075,3,Toys,0,,,,,,,,,,
fa5fdc4e4bb6bd1009ad0e4ac4096562,SANTO ANDRE,SP,1,161.99,161.99,1,1,1,32.86,3.0,0.0,0.0,0,5.0,1,0.0,100.0,1,Auto,0,,,,,,,,,,
fa74b2f3287d296e9fbd2cc80f2d1cf1,PRESIDENTE PRUDENTE,SP,11,2459.89,223.626363,11,5,11,175.79,12.0,0.45454545454545453,18.181818181818183,2,2.3636363636363638,11,63.63636363636363,27.27272727272727,1,Perfumery,0,,,,,,,,,,
fa7ad8ae9bcb2c4493fdf38e96b1d74f,PEDREIRA,SP,1,88.0,88.0,2,1,1,23.7,,2.0,0.0,0,1.0,1,100.0,0.0,1,Housewares,0,,,,,,,,,,
fa8d335d68129e464e60c1826a683e96,TRES COROAS,RS,1,139.9,139.9,1,1,1,34.78,19.0,0.0,0.0,0,4.0,1,0.0,0.0,1,Auto,0,,,,,,,,,,
fac1a9017ade7bdc94058fc1c969f355,SAO PAULO,SP,9,2010.84,223.426666,10,9,9,212.07,5.888888888888889,0.2222222222222222,0.0,0,4.666666666666667,9,0.0,77.77777777777779,2,Computers Accessories,1,Other,Reseller,Online Medium,Wolf,Not Specified,0.0,0.0,0.0,0.0,24.0
fac35d150712afb921ec59ac5f39bb11,BONFINOPOLIS DE MINAS,MG,5,696.0,139.2,6,2,5,104.64,6.2,0.4,0.0,0,4.4,5,0.0,60.0,2,Construction Tools Construction,0,,,,,,,,,,
fad44952713764836814be105382aee5,RIO DE JANEIRO,RJ,32,5129.0,160.28125,32,1,32,507.88,8.09375,0.84375,0.0,0,4.28125,32,0.0,59.375,1,Health Beauty,0,,,,,,,,,,
fadb07c842a2aef5d5a676b85f220e71,SAO JOSE DO RIO PRETO,SP,7,398.75,56.964285,7,6,7,171.62,5.857142857142857,0.2857142857142857,0.0,0,4.714285714285714,7,0.0,85.71428571428571,2,Sports Leisure,1,Other,Reseller,Online Medium,Wolf,Not Specified,0.0,0.0,0.0,0.0,4.0
fb3cfbc8a86f5d7fbb4d36b8df63f60d,RIO DE JANEIRO,RJ,10,1007.3,100.73,15,7,10,217.76,5.7,1.4,0.0,0,4.2,10,10.0,60.0,1,Bed Bath Table,0,,,,,,,,,,
fb503a924a0b9db19d83dd0ac6dbef8c,PELOTAS,RS,1,13.9,13.9,1,1,1,17.92,4.0,0.0,0.0,0,5.0,1,0.0,100.0,1,Health Beauty,0,,,,,,,,,,
fb8904a8ea99f8831b64ce27db2c1765,SAO CAETANO DO SUL,SP,2,278.0,139.0,2,2,2,24.36,9.0,1.0,0.0,0,4.5,2,0.0,50.0,2,Not Specified,0,,,,,,,,,,
fb89df7f89fd1b8f03fa2acca1ba7364,FOZ DO IGUACU,PR,22,2220.0,100.90909,25,10,22,467.43,11.545454545454545,0.18181818181818182,9.090909090909092,2,3.8636363636363638,22,9.090909090909092,50.0,1,Health Beauty,0,,,,,,,,,,
fbc14c0cf93505ef89f64665ffa4a7b5,SERRANA,SP,18,12227.82,679.323333,18,16,18,531.11,9.055555555555555,0.3888888888888889,5.555555555555555,1,4.055555555555555,18,11.11111111111111,50.0,5,Fixed Telephony,0,,,,,,,,,,
fc0b214b59a83615fea981c6424a02ae,MAUA,SP,1,159.9,159.9,1,1,1,12.14,1.0,0.0,0.0,0,5.0,1,0.0,100.0,1,Baby,0,,,,,,,,,,
fc38b5dceee1a730fad8853453437fbd,CAMPINAS,SP,5,119.2,23.84,5,5,5,58.81,4.4,0.8,0.0,0,4.6,5,0.0,60.0,2,Perfumery,0,,,,,,,,,,
fc4751cfe3b279c419615b9b00c1abb4,LONDRINA,PR,1,453.7,453.7,1,1,1,17.35,4.0,1.0,0.0,0,5.0,1,0.0,100.0,1,Housewares,0,,,,,,,,,,
fc59392d66ef99377e50356ee4f3b4e1,SALVADOR,BA,5,519.99,103.998,5,5,5,86.97,6.6,0.0,0.0,0,3.6,5,0.0,40.0,3,Computers Accessories,0,,,,,,,,,,
fc5a0d7a310a7a41abf86a458585ff2b,SAO PAULO,SP,2,162.8,81.4,2,2,2,27.36,2.0,1.0,0.0,0,2.5,2,50.0,0.0,1,Books General Interest,0,,,,,,,,,,
fc6295add6f51a0936407ead70c1001d,SAO PAULO,SP,1,160.0,160.0,4,4,1,70.52,13.0,1.0,0.0,0,1.0,1,100.0,0.0,1,Furniture Decor,0,,,,,,,,,,
fc906263ca5083d09dce42fe02247800,BELO HORIZONTE,MG,114,4497.7,39.453508,119,17,114,1885.58,7.071428571428571,0.5789473684210527,0.0,0,4.350877192982456,114,4.385964912280701,62.28070175438597,4,Computers Accessories,0,,,,,,,,,,
fc908879b9ca1bd65419e54e50432d38,SAO PAULO,SP,4,119.2,29.8,4,2,4,52.68,4.5,0.5,0.0,0,5.0,4,0.0,100.0,1,Books General Interest,0,,,,,,,,,,
fc99f99385ae90f66f01733856fb88c9,BOITUVA,SP,1,89.9,89.9,1,1,1,21.12,,0.0,0.0,0,1.0,1,100.0,0.0,1,Toys,0,,,,,,,,,,
fcb5ace8bcc92f75707dc0f01a27d269,GUARULHOS,SP,62,8318.63,134.171451,73,43,61,954.7,6.389830508474576,0.7903225806451613,3.225806451612903,2,3.870967741935484,62,12.903225806451612,43.54838709677419,11,Cool Stuff,0,,,,,,,,,,
fcba71d4d5db057f43249145e4eb1e27,LIMEIRA,SP,3,494.55,164.85,3,3,3,53.72,17.0,0.0,0.0,0,4.666666666666667,3,0.0,66.66666666666666,1,Watches Gifts,0,,,,,,,,,,
fcdd820084f17e9982427971e4e9d47f,RIBEIRAO PRETO,SP,16,4783.99,298.999375,27,5,16,881.75,9.75,0.8125,12.5,2,3.9375,16,12.5,56.25,2,Air Conditioning,1,Other,Manufacturer,Online Big,Not Specified,Not Specified,0.0,0.0,0.0,0.0,13.0
fce62094ffe6a4009188ec44e681dfdd,SAO PAULO,SP,4,2969.7,742.425,11,3,4,482.93,10.75,1.25,25.0,1,4.0,4,25.0,75.0,3,Furniture Decor,0,,,,,,,,,,
fcf16b7a8697e559f0123190bb30177d,SAO PAULO,SP,3,1052.8,350.933333,7,1,3,499.77,13.666666666666666,0.0,66.66666666666666,2,3.3333333333333335,3,33.33333333333333,33.33333333333333,1,Musical Instruments,0,,,,,,,,,,
fd312b6bf05efac6c3772d5b52205d8a,VOTORANTIM,SP,2,118.7,59.35,4,2,2,45.62,4.0,0.0,0.0,0,5.0,2,0.0,100.0,1,Health Beauty,0,,,,,,,,,,
fd386aa7bed2af3c7035c65506c9b4a3,SAO PAULO,SP,69,2304.15,33.393478,76,41,69,1012.02,7.086956521739131,0.5652173913043478,10.144927536231885,7,4.3478260869565215,69,7.246376811594203,73.91304347826086,14,Stationery,0,,,,,,,,,,
fd435faa3c0422b60440ea3480d0e77c,JOAO PESSOA,PB,1,749.0,749.0,1,1,1,133.87,7.0,0.0,0.0,0,5.0,1,0.0,100.0,1,Electronics,1,Other,Reseller,Online Big,Eagle,Not Specified,0.0,0.0,0.0,0.0,126.0
fdaaf5bfda82b7b80535610c831b8d09,SAO JOSE DO RIO PRETO,SP,10,2588.9,258.89,15,12,10,259.42,8.8,0.2,10.0,1,4.2,10,20.0,80.0,2,Sports Leisure,0,,,,,,,,,,
fdb9095204a334cd8872252ffec6f2db,SAO PAULO,SP,46,8156.0,177.304347,61,14,46,1133.37,7.173913043478261,0.21739130434782608,6.521739130434782,3,4.173913043478261,46,8.695652173913043,58.69565217391305,1,Bed Bath Table,0,,,,,,,,,,
fde0cc9ea29c8ccfc0a2c22256a58c71,CURITIBA,PR,35,3922.0,112.057142,35,9,33,999.27,6.714285714285714,0.4857142857142857,2.857142857142857,1,4.485714285714286,35,2.857142857142857,71.42857142857143,3,Toys,0,,,,,,,,,,
fdf736c18c589ed030e058312203e1b2,POCOS DE CALDAS,MG,1,30.0,30.0,1,1,1,14.51,4.0,1.0,0.0,0,5.0,1,0.0,100.0,1,Computers Accessories,0,,,,,,,,,,
fe19dce63ae80346207c6c55713d1023,UBERABA,MG,1,49.9,49.9,1,1,1,21.82,6.0,0.0,0.0,0,5.0,1,0.0,100.0,1,Health Beauty,0,,,,,,,,,,
fe1b067411b8c5066e962aa146ccee03,PRESIDENTE PRUDENTE,SP,8,847.78,105.9725,8,2,8,143.1,5.75,0.375,0.0,0,4.625,8,0.0,62.5,2,Perfumery,0,,,,,,,,,,
fe1bbc5feda5c8979a8a1b3b2512d5a6,ARINOS,MG,9,724.72,80.524444,10,7,9,137.53,9.444444444444445,1.0,11.11111111111111,1,3.888888888888889,9,0.0,22.22222222222222,2,Sports Leisure,0,,,,,,,,,,
fe2032dab1a61af8794248c8196565c9,CAMPINAS,SP,294,65959.61,224.352414,306,70,293,4721.34,8.873720136518772,0.35714285714285715,8.843537414965986,26,4.350340136054422,294,8.16326530612245,69.04761904761905,2,Perfumery,0,,,,,,,,,,
fe26f3ecb51a15e6d8335cd92da42562,SAO PAULO,SP,7,2708.96,386.994285,7,7,7,262.59,7.428571428571429,0.2857142857142857,14.285714285714285,1,4.428571428571429,7,0.0,57.14285714285714,2,Auto,0,,,,,,,,,,
fe49ee029e61e789a1f3a5525f57ba8d,OSASCO,SP,17,2527.59,148.681764,17,11,17,224.85,7.5,0.11764705882352941,5.88235294117647,1,4.0588235294117645,17,11.76470588235294,64.70588235294117,6,Toys,0,,,,,,,,,,
fe4cd9461203cee790d36792420b310f,CARATINGA,MG,3,391.15,130.383333,3,2,3,54.38,12.333333333333334,0.6666666666666666,0.0,0,4.0,3,0.0,33.33333333333333,1,Telephony,0,,,,,,,,,,
fe701d88b67eaca109dffd464d1be9f9,MARICA,RJ,11,1548.9,140.80909,11,3,11,239.04,11.0,0.5454545454545454,9.090909090909092,1,4.0,11,18.181818181818183,63.63636363636363,1,Fashion Bags Accessories,0,,,,,,,,,,
fe8055980a4ff7f64ed889c2b5926929,CURITIBA,PR,3,196.7,65.566666,3,2,3,53.28,5.333333333333333,0.0,0.0,0,4.666666666666667,3,0.0,66.66666666666666,2,Electronics,0,,,,,,,,,,
fe87f472055fbcf1d7e691c00b1560dc,CAMPINAS,SP,6,1085.8,180.966666,6,4,6,130.16,2.3333333333333335,0.5,16.666666666666664,1,4.5,6,0.0,66.66666666666666,1,Housewares,1,Other,Reseller,Online Medium,Not Specified,Not Specified,0.0,0.0,0.0,0.0,5.0
fe9d9cf8631285d5982c6e2cf27fb114,BARBACENA/ MINAS GERAIS,MG,1,69.9,69.9,1,1,1,23.64,4.0,0.0,0.0,0,4.0,1,0.0,0.0,1,Sports Leisure,0,,,,,,,,,,
feb793c88d836c3a75efa4b5a3465d70,SAO PAULO,SP,1,466.0,466.0,1,1,1,64.17,1.0,0.0,0.0,0,5.0,1,0.0,100.0,1,Garden Tools,0,,,,,,,,,,
febab0275244b9a49a623f0bd613ca2f,PEDREIRA,SP,109,7272.42,66.719449,129,45,108,3016.75,6.735849056603773,0.6055045871559633,3.669724770642202,4,4.376146788990826,109,4.587155963302752,65.13761467889908,3,Housewares,0,,,,,,,,,,
fec6275253471ace26d209bbaa64cd0f,NOVA FRIBURGO,RJ,9,2840.0,315.555555,10,2,9,355.67,11.333333333333334,0.4444444444444444,0.0,0,4.555555555555555,9,11.11111111111111,88.88888888888889,1,Health Beauty,0,,,,,,,,,,
fec6912baad85d41729669edd6b4d3b8,RIBEIRAO PRETO,SP,1,210.0,210.0,1,1,1,51.97,,0.0,0.0,0,1.0,1,100.0,0.0,1,Construction Tools Construction,0,,,,,,,,,,
fec8cd45395b3cb0c2b173d7739706a1,JAMBEIRO,SP,4,1280.0,320.0,4,3,4,96.94,8.0,0.0,0.0,0,3.75,4,0.0,25.0,1,Toys,0,,,,,,,,,,
fedaedd3ca31d56ab33e92035e4b361c,NITEROI,RJ,1,39.9,39.9,1,1,1,10.96,3.0,2.0,0.0,0,4.0,1,0.0,0.0,1,Baby,0,,,,,,,,,,
fedf2c1386e137f296b3bbf3b635e69d,SAO PAULO,SP,2,131.74,65.87,5,2,2,79.16,3.0,1.0,0.0,0,3.5,2,0.0,50.0,2,Home Construction,0,,,,,,,,,,
ff063b022a9a0aab91bad2c9088760b7,SANTO ANDRE,SP,94,12076.5,128.473404,96,9,94,1984.77,7.382978723404255,0.46808510638297873,3.1914893617021276,3,4.276595744680851,94,6.382978723404255,59.57446808510638,3,Furniture Decor,0,,,,,,,,,,
ff1e15b778c700abdd4d239b81ac466d,CURITIBA,PR,7,414.3,59.185714,7,2,7,114.86,5.0,0.2857142857142857,0.0,0,4.571428571428571,7,0.0,57.14285714285714,2,Sports Leisure,0,,,,,,,,,,
ff1fb4c404b2efe68b03350a8dc24122,MOGI DAS CRUZES,SP,46,6771.0,147.195652,49,21,45,895.95,7.173913043478261,0.4782608695652174,13.043478260869565,6,4.0,46,13.043478260869565,56.52173913043478,6,Toys,0,,,,,,,,,,
ff314fa6033cc68ec451c47aee2d6ba4,SAO PAULO,SP,2,537.9,268.95,2,2,2,32.44,4.0,0.0,0.0,0,5.0,2,0.0,100.0,1,Not Specified,0,,,,,,,,,,
ff4e2d38692ce827b1a4f4b8196e680d,SAO PAULO,SP,11,518.9,47.172727,11,3,11,150.28,5.909090909090909,0.8181818181818182,0.0,0,4.2727272727272725,11,0.0,63.63636363636363,2,Books Technical,0,,,,,,,,,,
ff4ea69c2a729e83e63c7579e4ef8170,GUARULHOS,SP,9,7017.0,779.666666,9,4,9,171.62,9.625,0.4444444444444444,0.0,0,4.111111111111111,9,22.22222222222222,77.77777777777779,1,Small Appliances,0,,,,,,,,,,
ff69aa92bb6b1bf9b8b7a51c2ed9cf8b,SAO PAULO,SP,20,21940.8,1097.04,20,13,20,1754.4,9.75,0.75,20.0,4,3.65,20,25.0,55.00000000000001,2,Baby,0,,,,,,,,,,
ff82e8873fba613f2261a9acc896fd84,ITABIRA,MG,4,124.6,31.15,4,3,4,58.93,8.25,0.75,0.0,0,3.5,4,0.0,25.0,2,Baby,0,,,,,,,,,,
ffa6adafb71b807dc13159e26431354c,LONDRINA,PR,18,2669.9,148.327777,18,10,18,537.08,8.058823529411764,0.7222222222222222,0.0,0,3.7777777777777777,18,11.11111111111111,38.88888888888889,5,Cine Photo,1,Organic Search,Manufacturer,Online Big,Eagle,Not Specified,0.0,0.0,0.0,0.0,6.0
ffad1e7127fb622cb64a900751590acd,AMERICANA,SP,10,884.3,88.43,15,8,9,206.53,4.9,0.3,0.0,0,4.8,10,0.0,80.0,2,Furniture Decor,1,Organic Search,Manufacturer,Online Medium,Not Specified,Not Specified,0.0,0.0,0.0,0.0,1.0
ffc470761de7d0232558ba5e786e57b7,GUARULHOS,SP,28,1649.01,58.893214,31,15,28,438.12,8.0,0.6428571428571429,3.571428571428571,1,4.357142857142857,28,3.571428571428571,67.85714285714286,8,Housewares,1,Other,Reseller,Online Big,Not Specified,Not Specified,0.0,0.0,0.0,0.0,30.0
ffcfefa19b08742c5d315f2791395ee5,CURITIBA,PR,1,69.9,69.9,1,1,1,9.62,,0.0,0.0,0,1.0,1,100.0,0.0,1,Books General Interest,0,,,,,,,,,,
ffdd9f82b9a447f6f8d4b91554cc7dd3,CURITIBA,PR,18,2101.2,116.733333,20,12,18,727.46,6.166666666666667,0.4444444444444444,0.0,0,4.333333333333333,18,5.555555555555555,66.66666666666666,2,Housewares,0,,,,,,,,,,
ffeee66ac5d5a62fe688b9d26f83f534,MIRASSOL,SP,14,1839.86,131.418571,14,3,14,419.69,11.285714285714286,0.7857142857142857,14.285714285714285,2,4.214285714285714,14,14.285714285714285,64.28571428571429,1,Home Appliances,0,,,,,,,,,,
fffd5413c0700ac820c7069d66d98c89,AMPARO,SP,60,9062.3,151.038333,61,29,60,2833.74,11.43859649122807,0.4166666666666667,11.666666666666666,7,3.8666666666666667,60,18.333333333333332,55.00000000000001,3,Housewares,0,,,,,,,,,,
ffff564a4f9085cd26170f4732393726,CAMPINAS,SP,20,1426.3,71.315,20,15,20,344.56,5.25,0.35,0.0,0,2.1,20,65.0,20.0,7,Auto,0,,,,,,,,,,
UNKNOWN,UNKNOWN,UN,0,0.0,0.0,0,0,0,0.0,,,0.0,0,,0,0.0,0.0,0,,1,Social,Reseller,Online Small,Wolf,unknown,50000000.0,2000.0,1.0,1.0,427.0
